-- phpMyAdmin SQL Dump
-- version 5.2.0
-- https://www.phpmyadmin.net/
--
-- Servidor: 127.0.0.1
-- Tiempo de generación: 06-02-2024 a las 02:26:15
-- Versión del servidor: 10.4.27-MariaDB
-- Versión de PHP: 8.2.0

SET SQL_MODE = "NO_AUTO_VALUE_ON_ZERO";
START TRANSACTION;
SET time_zone = "+00:00";


/*!40101 SET @OLD_CHARACTER_SET_CLIENT=@@CHARACTER_SET_CLIENT */;
/*!40101 SET @OLD_CHARACTER_SET_RESULTS=@@CHARACTER_SET_RESULTS */;
/*!40101 SET @OLD_COLLATION_CONNECTION=@@COLLATION_CONNECTION */;
/*!40101 SET NAMES utf8mb4 */;

--
-- Base de datos: `nodoitst`
--

-- --------------------------------------------------------

--
-- Estructura de tabla para la tabla `administrativo`
--

CREATE TABLE `administrativo` (
  `ID_Empleado` int(11) NOT NULL,
  `Area` varchar(20) NOT NULL,
  `Cargo` varchar(30) NOT NULL,
  `DescripcionPuesto` text NOT NULL
) ENGINE=InnoDB DEFAULT CHARSET=utf8mb4 COLLATE=utf8mb4_general_ci;

--
-- Volcado de datos para la tabla `administrativo`
--

INSERT INTO `administrativo` (`ID_Empleado`, `Area`, `Cargo`, `DescripcionPuesto`) VALUES
(1, 'Becas', 'Operador de máquinas de tratam', 'Nulla sapiente laudantium odio aperiam debitis. Sequi quod quidem.'),
(13, 'Administrativo', 'Operador de instalaciones de r', 'Eos officia maxime illum ab nihil. Ipsa quo commodi iusto rerum quos. Accusantium a sed vero quo dolorem vero.'),
(16, 'Administrativo', 'Profesor de universidades y de', 'Vel nihil asperiores ipsam. Pariatur iste suscipit possimus fugit in.'),
(19, 'Extra Escolares', 'Paisajista', 'Perspiciatis reprehenderit eos natus blanditiis porro excepturi. Eveniet laboriosam ipsam libero.'),
(20, 'Administrativo', 'Vendedor de quioscos y de pues', 'Vel architecto molestias nihil error aspernatur iusto. Cumque vitae cumque aspernatur qui quas modi repellat. Aperiam ad hic odit.'),
(23, 'Académico', 'Técnico en ingeniería de minas', 'Soluta tempora optio explicabo magnam commodi cupiditate.\nPlaceat aperiam accusantium at doloremque fuga eaque. Incidunt omnis ipsam tempore recusandae aliquam nemo cum.'),
(35, 'Administrativo', 'Corrector de pruebas de impren', 'Quas ipsum dolorum nihil laborum. Quibusdam saepe impedit natus tenetur magnam. Quaerat reprehenderit labore quam accusantium.'),
(40, 'Becas', 'Ayudante de odontología', 'Suscipit itaque maiores qui.\nDeserunt quam autem autem. Temporibus laborum nihil ex corporis blanditiis non expedita.'),
(44, 'Administrativo', 'Especialista en políticas y se', 'Aliquid id totam. Esse dolorem quibusdam dicta. Vero et blanditiis dolor quas incidunt.\nSit tenetur dignissimos molestiae repellendus. Maxime occaecati praesentium quia.'),
(47, 'Administrativo', 'Maquinista de locomotoras', 'Libero nostrum laborum vel consectetur consequuntur. Dicta nulla iusto id. Ratione sapiente quae in cumque veniam.'),
(49, 'Administrativo', 'Operador de instalaciones de p', 'Earum aperiam pariatur aliquam nihil. Earum debitis vero hic. Exercitationem modi debitis est ipsa cupiditate eius.\nAd nihil eveniet sit minima pariatur quidem.'),
(68, 'Académico', 'Reponedor de estanterías', 'Aspernatur unde vel qui accusantium. Voluptatum commodi quibusdam natus error assumenda.'),
(76, 'Académico', 'Chapista', 'Iusto eaque perspiciatis veniam facere doloribus cumque maiores. Eos itaque unde atque.\nVitae aut quibusdam harum error error. Esse reprehenderit magni quasi eveniet quos fugit.'),
(79, 'Administrativo', 'Operador de máquinas de movimi', 'Optio autem nemo asperiores dolore. Voluptatem impedit aliquam aperiam aut.\nSunt amet modi repellat id quia. Modi veritatis ipsa neque error.'),
(83, 'Académico', 'Operador de máquinas de coser', 'Excepturi earum nulla tempora neque quisquam vero. Alias sequi nihil delectus corporis.\nCorporis consequuntur quas necessitatibus.'),
(85, 'Administrativo', 'Estadístico', 'Facere quod vel delectus esse libero modi. Temporibus harum maiores suscipit.\nRepellendus excepturi commodi rerum. Deleniti magnam corrupti nisi voluptatem incidunt pariatur.'),
(87, 'Extra Escolares', 'Catador de bebidas', 'Vitae reprehenderit ipsam harum corporis incidunt aut.\nLaboriosam dolorem iste sapiente laudantium. Repellat quasi consectetur veniam totam neque provident.'),
(100, 'Becas', 'Técnico en ingeniería civil', 'Eius culpa neque culpa eaque iste voluptatem. Eligendi harum aliquam doloribus ullam at. Quis iste voluptas doloremque amet nam officia.'),
(111, 'Académico', 'Ayudante de odontología', 'At corporis error. Doloribus maxime quisquam officia nesciunt ad adipisci.\nTemporibus doloribus sequi ratione natus velit. Nulla ipsum molestiae provident nihil. Eaque ipsam quas cumque.'),
(118, 'Becas', 'Bombero', 'Rerum aliquid corporis veniam laboriosam expedita.\nOdit dolorum quia nisi excepturi nobis laboriosam. Iusto neque corporis minima. Vel ea dignissimos tenetur dolores consectetur.'),
(124, 'Académico', 'Economista', 'Hic doloribus deserunt laboriosam. Sequi dolorem nulla exercitationem perspiciatis. In eaque voluptates inventore inventore neque voluptate. Delectus quibusdam quod alias numquam nobis.'),
(125, 'Académico', 'Ayudante de cámara', 'Natus quod libero nam dicta corrupti. Repudiandae ex quo ipsum adipisci.\nIn sed dignissimos animi. Nesciunt placeat quis atque accusamus dolorum reiciendis.'),
(127, 'Académico', 'Analista financiero', 'Molestias nulla fugit saepe rerum. Placeat aut voluptas rem. Voluptate minima veritatis ipsam.'),
(132, 'Becas', 'Panaderos, pasteleros y confit', 'Ducimus dolores minima vero porro recusandae. Nemo vel voluptate molestias sint architecto.\nPorro sapiente in dolorum laborum atque. Nam necessitatibus a maiores et velit.'),
(140, 'Administrativo', 'Catador de alimentos y bebidas', 'Atque rem enim distinctio eos perspiciatis itaque. Sint sed sit tenetur aspernatur quaerat. Modi nihil ab commodi iusto eos.\nAtque cum impedit ea. Maxime blanditiis expedita maiores voluptates.'),
(143, 'Académico', 'Profesor de formación profesio', 'Fugit doloribus corporis quae iste nesciunt quibusdam maxime.\nOccaecati voluptatem ducimus laborum distinctio. Minima alias nobis molestias odio nihil facilis laborum.'),
(165, 'Académico', 'Costurero', 'Delectus labore est provident sint omnis. Enim tempore facilis nam illum repudiandae. Tempora provident sapiente maxime accusamus.'),
(205, 'Administrativo', 'Conductor de camiones pesados', 'Temporibus provident totam voluptatibus asperiores id veniam ad. Facilis deserunt velit esse ducimus doloremque.'),
(219, 'Académico', 'Técnico en ciencias físicas y ', 'Ex tempore voluptas quasi magnam doloribus. Voluptas quas blanditiis commodi at. Voluptate voluptatibus accusantium quasi.'),
(226, 'Académico', 'Contable', 'Atque vel perspiciatis voluptatum. Eaque debitis quibusdam et laborum esse magni.'),
(227, 'Administrativo', 'Supervisor de tiendas y almace', 'Nesciunt reiciendis necessitatibus fuga quod at aperiam. Doloremque consectetur velit architecto dolores fuga dolores vero. Fugit expedita id architecto. Non et tempora accusamus consectetur.'),
(234, 'Administrativo', 'Practicante y asistente médico', 'Corporis vitae perspiciatis sint sit quas dolores. Dolore vitae veniam deserunt beatae dolor. Harum mollitia eaque nulla amet dolore temporibus. Dolores repellat accusantium minus beatae.'),
(242, 'Becas', 'Herramentista', 'Velit molestias voluptatem unde. Nesciunt eveniet doloremque cumque laborum pariatur nulla. Pariatur deleniti ullam placeat. Quisquam laborum hic nam minus quo.'),
(275, 'Extra Escolares', 'Regulador y operador de máquin', 'Aliquid nisi non. Nemo recusandae laboriosam dolor cumque itaque. Iure perferendis nemo.\nQuis esse deleniti explicabo cum. Voluptas enim tenetur. Pariatur reiciendis qui harum fuga.'),
(278, 'Extra Escolares', 'Agente de maniobras', 'Veniam quae cum temporibus iure inventore. Accusamus ipsa at vero nemo quidem.'),
(281, 'Extra Escolares', 'Platero', 'Praesentium maiores voluptatibus quibusdam. Nobis deserunt voluptatibus maxime similique perspiciatis eligendi. Ad fugiat libero hic.'),
(288, 'Becas', 'Profesional de la publicidad y', 'A recusandae magni placeat labore cum necessitatibus delectus. Dolores recusandae laudantium voluptate commodi at dolores. Qui laborum tempora aliquam expedita modi natus adipisci.'),
(297, 'Extra Escolares', 'Ayudante de ambulancia', 'Nostrum corrupti voluptates illo laudantium voluptatum. Quis numquam ipsa nostrum necessitatibus quos dignissimos perferendis. Distinctio odit dicta sequi. Corrupti dolores dolore minus repellendus.'),
(305, 'Administrativo', 'Profesional religioso', 'Eaque laboriosam voluptatibus nesciunt nisi. Rerum natus facilis ex.\nExpedita corporis totam quibusdam inventore. Ipsa soluta a hic vitae repellat quos ullam.'),
(386, 'Académico', 'Delineante', 'Voluptas eligendi a neque impedit. Eaque omnis voluptates cupiditate aut ipsum ut. Esse assumenda molestiae sit illum.');

-- --------------------------------------------------------

--
-- Estructura de tabla para la tabla `alumno`
--

CREATE TABLE `alumno` (
  `NoControl` varchar(8) NOT NULL,
  `PrimerNombre` varchar(50) NOT NULL,
  `SegundoNombre` varchar(50) DEFAULT NULL,
  `ApellidoPaterno` varchar(50) NOT NULL,
  `ApellidoMaterno` varchar(50) NOT NULL,
  `Fotografia` blob NOT NULL,
  `Semestre` tinyint(2) NOT NULL,
  `CURP` varchar(18) NOT NULL,
  `NSS` mediumtext NOT NULL,
  `CorreoInstitucional` varchar(37) NOT NULL,
  `CorreoPersonal` varchar(100) NOT NULL,
  `NumeroContacto` mediumtext NOT NULL,
  `CreditosAprobados` int(11) NOT NULL,
  `FechaIngreso` date NOT NULL,
  `FechaEgreso` date DEFAULT NULL,
  `ID_Estatus_Estatus` int(11) NOT NULL
) ENGINE=InnoDB DEFAULT CHARSET=utf8mb4 COLLATE=utf8mb4_general_ci;

--
-- Volcado de datos para la tabla `alumno`
--

INSERT INTO `alumno` (`NoControl`, `PrimerNombre`, `SegundoNombre`, `ApellidoPaterno`, `ApellidoMaterno`, `Fotografia`, `Semestre`, `CURP`, `NSS`, `CorreoInstitucional`, `CorreoPersonal`, `NumeroContacto`, `CreditosAprobados`, `FechaIngreso`, `FechaEgreso`, `ID_Estatus_Estatus`) VALUES
('01BD4854', 'Carolina', 'Desiderio', 'Cardona', 'Crespi', 0x81ffbf8aeeca365db5ff8f57c0229a27e45b8099967675d0446af197d7f714693d10a615d37faa052cadd96bee4dd44db5d05973250303e225b65b8d7cc6bdfa542bd04d098691a7a8c6f2d5c91df652b9cd02fc7fc129c887905d5e8a5145afad0f1fa4d3c281f878b02bafd88160d33f8e486c4c9c41314666b10ebaa9c79b8deb478e80edfba5b45be046357c45f0051a10171ce3db2fbe8a5417b31ffa07b4ff88ad58acb728878777294ddb44765036eba3907331945134e9f06f9775da9e3033143e4b3791469fa378c546dd84c594f2a0e13963646a5a9d64d0d8cd752210b60134b279572564db4338fc152bdb755dfaccef28438193fecb836ee30c142a0648d84804a6abe174dbbada5bec7908f5d6a216ddd99e58c6a73fb2f4876305ff1303d6f7ccb4712c59a612395960e0cf058bbd0fb5b9e62e34731b60a294f56bf63b3dd0e2013104572bd26624142a8f16a8c882b6e2ba767cfe116f6056bbe2251fbdb5248922308be67f3dc83b6472734e439ee091f5e476bfb95137bb9a8df9e9fb51dca57a6dfbd7c127da285a4dd01389c72e615296e25bcbbb94ba963e26a4ee237f338746fad9bd284504b65bcb33a7f2a0123cd03f197b1cb827e0309450ea344b17b7b4b94a993fdaf0218b486e2cd19c493f224aef60244bf460321f66f2c4f8cee36c625d675f74da88345b37b0e6451c1a346e4f27dcf09b256e9506a7ed0943498aee6f0b9c8bd5daaafdc63e9c10a731c197457df97c42c016c78fc13f1e25b30ca64a3c2f98b90433484310356b2a33ab24410f780af55617b9500a4dbfc328fe1b33e385282ab488819f758315f02798638069568aa57fa465eb9e5ee1e8b1195fc3c327e4f8d8a8faae043cb478edd9d0ab1f7095d86c03d9718657ed0c0f875e8cd3325351813585e0510939d8067b968eb3164bf7b101b37a7740ad96f2b303fddea11bb0bcbb4d0fdf000a57c94f0f82cd09720155f321e2f31d14e6301f264cb2a41022ab6a0296c8f3ed0cc291a46b2e1085827dc380334160d7ebd940fbbd5c2e76b835df11b7ec98c64082aab85f147844cb340eb5fea76a736839d562c48121ec7c8adb7ef3e8615e0ac649252d74eb3de2edc9d55acc9ec865adeec667a4024fef5a55e07389d53e9498e8c40acad96f0ff36fa7344d4c2f518ca9d811df6cc17f0795b2545d9b01a0ab64e94de0ef761be68577dd9fe9602dc4a4b1853fd7faa09e535a011b3c8a07599667bdbc86295ab8356811062085aee52d6ffdda7bd0dce6f9ac2ce7798dbd1132ba303ab3db66cc82e9fa8c7db8ad0488715f13b6141e99036ec96c751ef6d7d98ed31c277bdbb3c4de0d0b183b92b059be1d46d7d31ccd3d5ee39f942c6d8f1f35b7e6de60e62d7db39ffd9d1aadd50d62358cc2643662ab0859251e8d8308d7d7c0632895, 12, '492-46-0267', '4154121213', 'adelardobecerra@example.org', 'tsuarez@example.org', '9672979252', 113, '1994-07-10', '1999-07-27', 3),
('02DS0458', 'Lorenza', 'Ramón', 'Martorell', 'Orozco', 0x20e7c081bdcfd2634e74b116c249963e80842ce22a3a39e9a2818df5ca81046ffe6b727375c51412a02eeb5c11fc681e4a53b2159323c80ac76067f9bbb116cf79f5339129b68c827d29b0d3bb0ef93331796b04f360cdd27b17c0b1e9ddff7662593663621cee7ca1b5bc3fb6acff9336534861c67827fae283043dde09f1c0d84ca2c50b67146c6bf0ef81248b745f7cff0d304b3e8ff64b4bd032b53019c9ecfe10145a0726447bd4b64b3689973d9e367919d416f2631b3bcdc1f0653be26c4946b56e6e8d76d7fdecda3b8236a8641f28e4e506e4bbc6a8ee058ca6740f95f0a24eeb621d2df2eb714487ba52ed1ef88ad96b6729a5d256361bc05d3c4ccf4f35bf64f42dbfa40c3ed0d65c30573d87a712ff51eca1b36b49567f1ad26ea83058fea84d8805cf0c0718a4f5522eddf45ab0829318f5e8c9ecf7fb9812d78b10e90d62d2991153118f44aa03f4ec6c151b12cc0ad119ea54dfce79f1f760780694daaee3b770f7d2dd1fecfb11b778d133e1c024f8d5259dbd53d289486b13dbd334deee70e736dfc9f8654a857d4bf3b8e6cb79566454708d50e4828ce7d4538afde6cc74f3df6e62199059b208c20addc9ca5771a09a380c2b1845ae74c782ca8935ceac1c63e9666e14bc39a50ae594b6e4127265f2ec978396ed7fb1aef30129103468cda6eaaf827b903c44a8f7ffdb591514e2abfac6fc28ad239dc745424d084a51b31862c5d6efb2447038fe5c72f1eac459e948dc25a2ff631476762edfbf9fd122abae128ea561411b06dc4423dc5048753b32077e529d73ba832ef265a91dec07c894aeff1a43387a4644ff9864a65fcc387a49a6b1c8cab7c1fcf336b5e9d0d71ae4cf9e617f759a07f663a4fa79ef2655e946984dd0a30fb4e1581c80821fe79d4cfb300ffbd79895d4be6dbaf21900ecf9eaf9da2f19912d8a1a6ad84b56a926219481062be6fee4d6ccd274b35c0b0472d76f9c4710f188cebfea71699a95cb67204809710933399ea9e24efb699585bd01f26af63b0f6e4c019a4404d6c76f41a125ba79b7024eec3d7da73b4d6c9917349d9bc45518f1f03ab7d4b50180dcc26dae7f6124cc281bcc55d6ee26f3d692c6c9c08cf727adc966917f4d312e4b963413ce10b35576d042cf486f3820f4f5cbddfe20304d3e1c901925b2b903da4bcadd4ad6d264c969509fdd72949239f2623bd41c0bad6aeb643fcc4d379066c52c1123fa985571d0238c7ef6e4714ff466abefff54940c0a2ebab2b9b61cb4f3c82a0236b1f71ac7def6f4448b02deee92451074aff9d8871b7c2c1456780fea21ca4f41fde344513a217a2eaf1f7a01e543a1e3809143138e6983c5f514af17190d5c604176c024695ee4b07a91fd9d7387c298e785568cfdf6ea5608bbf4dc63ce27c3fb635f8c162c2ce96e3ebbfeb9a9e29da0ae, 9, '271-94-0897', '8850908463', 'lberenguer@example.net', 'clementinagaray@example.com', '2632240836', 123, '2015-10-05', '2023-12-07', 27),
('03RC0143', 'Damián', 'Albina', 'Oliver', 'Nebot', 0x6c9218ce014f3960c66d172164f0b1837f70850e9bf498daa9d24af4a8b38398602888073f5c75de24dbd5b1d3f52c37aca99b1c434d6bf45f56f9a87c1f23f61fde7268c1d4f21f923c37206ccdca897552a3dff4399fe2e02867aae8014b314481ecdb01e54370ffcfebcecf2d8d0e1388a58580315ad6f80ce5b8b6e0b7bfd9e1a3a713f5da7de8eee463e2b4ee6885dc75d010ea99b477c17594af1d0f1713eec3f3dfe0dd060f7799468136b23094967cfc0860155a6996da65cbbdb3969b854283dae492b3bfad5753bb3c8087148728250a8912c3a1d3af84b9ee109fbb04c6921dd0c996b0f34262af1951dbe31108590722ca3bf1db00af00c1e530c6cb3d79d2c2a709520cff0f99c756cec76dde0cd850a352ad2c37952be89f6212512b6c6c193e90ba1f75d0183edba7b5ebb7b4786e22e7b9e1278d5b066d37a5e54d7149a35a95b477e8d98117f20ceaa0b9935d81e8597cad9074fbc1b3fc9badca3bf96d32b2d3c3d335a2fa9cccb781962c901478d300d8d24500db56c7ea6a3ab29f020d92f3d2494e6cbaaf1d00d0d9033541b17ac88186f73726f237768814f08f95bcfefe9ca43c432a456a5a6ba70a01d55a97dad6b46cc01d98fda2b31698a9f5cff1b389767fa5e576b0ada9b408db474677e5b3d9bf5a760a6e1671777ea069d3c5fbfd24694c206d239c832318006e2d7c4383a0ad9bf61301d21193a0ecdf6ec6193233f4a6ba11d7cae2f8c43c991c8f1092eb3d904fa6a38f6608a2220abb99dd0d4a7d574edfb0a3cd2818d05b2e78c7d3451442177118f2fdcca8fa69f3fa48c7dc5fcdaa39eaccab3b1f2abe074f1be5c508fd5106054a9e6bff58e293e0a979fe085ce733fe39fb2d9f27a5b559b2bc56baa36a5a6b15dbb5b128e6593427240faafbe41269d61c1c32daa8269c93830501189dd4e2f40815b6f37feb8b91648cf5cce347a488b6eaa6b6e3c661b5323c5962836c900682aef2425cd1d4702afdb13691c013d493e5436cd28a7a306ba6e68518514d132217e9de2d0ba85d1caad625a8460c4b5a4214b4ec23a6464c9840194947b073101dcff22d28ba7b6d4372045c6218dad646810a74ee35b10306650db96b9016f87738cd0e3bc948bfb349f58dd52af59e37ce5f38ddd797e5280bf2458a56d78dc89b4de1fe6ed3eca0d27062e46a3b03d82cc3403dfb2cec013b0f77022ac29c4efa3ea918cc348e3ab634ab5cb04fb0d10fcb7623a51de486b1f3d7ded09056601d2357f82c785cdb6cd8395b218602419ba86fc2fd8d98cfc40e016c25f101c685956b6eb653ef3259485f090125c798f341d5564c334b2acc631c5e604b04c4c7826a2ebc72089fbe67aa264f2927b3b32014c77e6293062d900f8e8154aad32e7bb5ef91897ff5813c7ad402648c8fb555f05ebb41f9e88d4f9fa2fa, 8, '073-60-6913', '5986327389', 'guzmanoctavia@example.com', 'marcelinorius@example.org', '3638260377', 66, '2002-12-29', '2009-12-07', 11),
('04MB8674', 'Flavia', NULL, 'Águila', 'Reig', 0x01e0495bae4607ed82fdc3db6ede04837b540dc45ea192410d5ab0cae305c239a5eaf35554109a1b06f2907ec9d6964d9f0f2ea18ecdbd0297f61ba14a3d0f8fe6db10799b36cb14371e1b148b02184c70f868ab98df7047d18cdfcedd2611a111ad010913bb32d8c4de6dd61703aba6cb88db7f740e28a722a9bf029ca8481232818df9b8eb4f5cc3526361ab4026c767e197baaa39134c53bf59640fa4592520c4757087d8ed7aefd5095c711f9ff274d5c27a427484d254c684675d2fc065cd598a4ad0438de96c6eba1c7cd313570a811c462843412700db2fbfbcecca1b57edb6bea134ebfeac6459643e5aa26a9804de56b604b3933f8776eb4e13b2e36d79e3789038682c760b3a07183b23fc7ff755e4ade07e7fd56eda80d81c0b99bbf9fc0ff87826a4c61675f8d63211eeaffa7f8561a3136eb2bc271d11cf7e8644cce413fe6e06fa361b3d2d96fd381a7176d2fab13e29a980457293758f4c2f4ed889fa30d85aa0e59e60b2f137642364e1d7e8762573bd89b83f226f6f8327cafc7c7d0b7cf7322e144317f788a6c690f33df2e8302bf1067c01ba049774c01219a886d16b852e2a8c3f0f73076f3a480d07c001348c7aa77d77c5c4a9e1c7b25a5612563f7c3bea332d433032f04254a8d60d4f070eb002ec406dc992c834f63c33bb7b498e5f575c54af826a10405d90d3599cdb5c205b3fec754bdf0916a89559357be3def7e04efec1bfc6ea3e5e530c32fd9d45bd883a9f51a6f39400d09015eb39a47cb8b62c208348d062421d0c9bd9478ae8295bb5f0e4e92446e78fa8867e78a6c2c0e642c6135dbdd2a8288d541f678bdcd57429dd8d621ee82fab0d7f92c321b8701dbaeee7401c402aa872c9f3e2f2490cdf3aae11c52c916d337de725bbc40800a123d12ff352a398452dbfbcf5826e002588ff439d23b45520c4de0c048ab3e64b08e48e4141ed804449f42503e171c779e2079f8c311078ecb5de4c16b6145e2956013b928199abe1b21fbe6b7e4d1f56a69ff32a93955331c6746012e2038622ffc91ff91ecfd5639ef475b406191d25d4e227f7025ecf8291095a48649399b4b80c0a305af24d536a4a576c1e1e7bdfd5c3979cb8db17b6df643ceb6546e335201211af6b8536a3766aa9453c03bdf7f7bdfedc70531f8d3853657e7961e6480879aa568390d1d31271f7d6031b40ea21d2952a4af9838514db0735070609a97852cee9d0e71d43eb8bae09aede01699c81bf19c3b972cdfc404df513ef3d59657954db63c0cc62f83ae80f4dedfe5b7a6c3a1a103699dba5f65fd47a61d7ff6d6d22327de74d2338a9e85ce1b556fba7170c177707f137c372944e713b96f0bcc17652a13bbbbdc188541960c549ff9adaf6e4622f72284a4e5501b424e27736acf8f638144a4e42f2eec3f4bdeafa1902c1fb608e71, 12, '376-26-1442', '513446400', 'artemiomolins@example.org', 'sbenavides@example.org', '4524769795', 121, '2006-11-25', NULL, 28),
('04TD9565', 'Evita', 'Felipe', 'Haro', 'Berrocal', 0xf8dfa833bc24c5827e45e8f3be22c47d4e0a8e2941ba977d83d110a810e4bdc7eca523746f4dceb8f56a67878821dd89e2d88745f4400770a8bb2486494e5e043248924fa6373b0dc1ba135997875952f0a55d9e1f5ba31e4edbf8b7919be10213a154f086e9454ae65df7a5a6c9c5083cf64acd5a993171f086871a708693500b4d1ead8f982dd6e2457b161b2c12a474f5973ee240daeda26c8c7ff6c84f8b89906cae8d2daf570ee76ed3dd4b720af719a17fa4f6a871743568fdb95f30d3bff007aec86d32a9149ed440be0b463fd3c3c6d7e38b07de01934f4dd5019bea1ab817c4ee070c2bd3658c1e66fafca0ed44076bfca39311aa7ce5264a0cfb8c63156e6a4f9631f562e51522fd64766191d777a5bdce034abd181de4fc0d78203e683ec29a1998864c13148d30cea0f6e85f1e79c7ed82d3f1ea4428dd55be3a4e4bb5dbee1388044043b7d0554ffb81445dcc47dcfc82ac09dda30f82c3e8865a125d29eaa9f138b04f4d6d3b4a17a557fb58455b299282ec9e9c1f3cf6f1c7a4c8f3f92e9a0e6989ae24d06025272c5d3790831f441f2ea81cbc2825669d5a6de21c2293e6ffbf03de395b7f3be7fb9f0072cb44ccdea71b3fbc5c39d86962b0fbe5102ea008190b0e6f0fb042c3a3960276c67639dffe059a23a6eaf166b5ebc31124b71b2cb6180647946e7f0599718e53d3283b31a6a0e8309419ee948b55efe56f0102703ae23865471862681f3b9b8c66990160e89c56c00c7447a21adc50d704b930d7cfbd31e7bdefb2997f9fdf235951309d107231c8d6b2bf882d66fadf6b51076b7234cf7f433982ac643c932beac68a1c0a9d6af6bea3387d203485cc14dbeff4aad2c0f7e93b26603fef5ee96177524c445cc0c8989cae7af8866553b7b987e4d31ab5ecc32cad9a1d481e889a62db83c8c0aac0fc55acb10a7933fbb04ddf6f6c1d31417710a8807e06ada3999c72b81dd2fc01c02e0b5f6d5fc79eb3500189341c1cf69cb4af5866f00dadf956ab2517b75fb7b40a07159379833a208d3af8b77bd444b7ba2ea178424c070d7433786ecacd879cd9cff5a900d0ea8501f377fba7d7e3eaef85a075495c40675d71d2d284f15c15d5f63e018cc46eec27d269931c996eebebd635aa3bcef2e1e8341ebd0fd4025b02bc8a6a3a25d86380557dbdc5eef9100b0be61b80bdc54d8ae9278920b6d1c16e37efbc7c1977fd9b7a39120798b1ead5278f98ca25decde1c35138964e77fe56cbd3cfbea2e67aa23754bfe48f4c1456798aa788b5ee7ccb137657fbea5d569c1b06dff1243e8838d401ed4c6487c60f0de8bba69c2274e7fd5892fe2ad9a83eb62b32d102edf479a1fc0ba9cde4cc6f342756f7fc596036f692cb3c7dc089a939d3408a5a50bd5b2f179c8b735a700e0ed9416a48e84946886bcd31b6754423923f58, 5, '830-01-5282', '985286132', 'dcarvajal@example.org', 'pujadasemilia@example.com', '9773072412', 170, '2021-11-08', '2021-11-30', 5),
('06TG5783', 'Ale', NULL, 'Valls', 'Armas', 0x703a5a858030f13e9600920ec8e2a447bb1e59d9e8093aaa5b86310106ced3536079b8f3006680d219bc881c7ebcc777fb2a53ead9c2a477168a0683105c7a5c7b0dabb8eca57a8255d96c027e9e8bdc3ebf3b22558707b02be7f5002f15ed1bd748616892ea0e4c2aaf491e58cf92f2c9faa0a6fe28e6ca35255c3d75e334c6dc519c8e676d05371a34df8c2400903436164b8011eb888282031bc205891243b8062f0677e7ffbb0a23483da81d1c066e3c2fb51b4691c1235ab092c8161e2ce4b17a895df9d4551cdf50ffa7bb888d75d587bbed92ff97a6adfffc08112299c844c7fa3bb170655a2f1a081bf78ce34932b115e3eac7638701fd41af983303d24dd2ba180c3fb12a65b4af226d0f3d6b968891e56e0b7917b8a1361047a0b3c0d0ef055c75f03fd5d098ab45189968016d82d5a6c86e173b42bc1d57b6f25e43c02a8bc49aa8c60e0f0fbfb1e73ec33824a9f88a705461c82b3cd21c9e78a445ac34284b31868eb873bb6705cd89948b7cc529480d9b6d7b01e51343141947259701c3b4e79bc80870d8eb44cf9bfd97a0f982e84fed2c13b58bfd5319e0416541479bc37236a637d24a68edb980f6bd2f5ceced28ad6515fc27f4fd5a7d90e1ca7a67c1a51a5725bd66cbbef046c84b8239a6d8de75b8385842450bd657771a2b46bd2a173350f4e53e6aeebeea6e435f1cce8a0299a724d537a9e27045bbd416435937f7e3d6c9dd4fafb99f1b0bedf865423366043efe8cf5c4e165f04c2e8aaaced14bbcd947c66249812f86f85d66da44a5a6c1ed1cdd408763b391b03aa998df64c1e433f165044906ec29d7df44658bba58a5b0f64ec9a393ca17bf737212273decc343c6053e562544320588d5709a5e9347a71916f77bc72b12998749e5254ebf73a024be2cd627d0c4a400e55e2277519b637628cc5a6a9ad5f9e34a143e0266ab1ddff4ef8e74423ac6284c944eb660fa047d0aef12cb28ee9d1bf71615b921f20e74d83d196936510bfe13e819586df695148f810801d31e55fd96beb9aac02938560cfeecf8137e5f88cf6748146cca224931ccf03cc97471464295ac39ca04860227ec0482918db2d05a0e743ba35702610778000c2ce3fafb10335334e82b39d51d2023771e75960037e57b114ec659908a2d19aa3e603dc5e78422f40641ff2cfad05688e0f8e2a75bc1fbde158868dd6af6237f6cc1289fbd07898338862173cb0e4a4b0cf8709cad927e17b5b69bdfb64de2fd6edaae1cf0fa4bdc45c6e92bd397b1062c72ee02a53529835664a4288744ae6da6367cad038af6d3598e8ef85838eb9df4efb6b2dc8d9b1d1c55204498891627d6f48ea6eddd8b2ff350077ca8ff033a12796f632973f75cdbb88e5584ec5f346eb8364513592af667a695b74e8226dffdbb772229453c1af7b7d71d7269ac258a652a, 7, '530-41-6838', '2801717260', 'vinicioperez@example.org', 'qmata@example.com', '1507949613', 3, '2001-10-01', '2013-05-31', 7),
('09FA1846', 'Félix', NULL, 'Alonso', 'Ureña', 0x40fbe1448a157243fb46f0f29b338910fb0b80155c298e0837f45ca35e9c69162fa045f4d99361abbf75d9cc5000cc43c28ae495e480e9744310be274fa28c0d06e7b0076082123edb37e7d4297cbf8f1fd9b08ecb4451f14a37964f2417d106484f93280bda0e14f2c30c500dc411e8a53d9b563bce1f620db1d7e1a28fbdcb34648925e2f74b708825c50e2f7dd0c51cd7ad2626304a89fcf5803f4a57256b0ef0d55214503e52c1420ac13d07f6e0301f430f9f6fa875356675471187fc66d4fcae9f3710206f967d08bce98656c61db075dfccab777b2c98cd46f8659a299282ddef5b4e7a87f5e91d11fe3b46bf940a3ed4cd9d2c05b40772c5ae48f6b86163c4ab326579ea9e253f77b3c379e2add8cc0c53a50817e3186082d3a4f85ee9fd41f71bbd5acffc1d43675613ae6b1874f94b4ecc6844bf568ac22d1d53434698bb0c0422342ee0214aedd01ebba48731664af8775ae4919577d3cb4f2939cebc52fde60c13d105fa3f3f54767505c8e4fcca8e6c2a867eef4415dab12bbc39065a90934ee49a1cc9b5bfe88493ebb52a2c36c8abbf143647270ee0523e0c10ff3909edb2a814282510bf4b3ff61db3eb4a63609a7272a1e682a1d84744b95c0418b03a6ce045c0afad65c8926e2054245abdbead2e1f33dc3db17573758e742b2b652dec2d524f9fee8c7c101d150acb177796f36eecf5e6fce1e9427db5ca9468c3fdf42158d9f105e1cdc8e0d68d38c61c03abba6228197f8ecce2f73fdbd33d1ff52c853d867175cdd1fe220038d7b9d36056b96f33a52148676ade5ddcd31087e2157b4bb488946ccf10971aa18a94d05e76e97f0997d78ea08c8320ef8f62beef0abd7901593cb7b4a6bb410c7c4a5c608369698fc2ae42749d3ab50e270ca35f94ec5f5e07ce77fcf1af2fe319a4edb8983076154f18fcb5c262f4d1e8c91c6ad960476fd6bfc8928b16699a5a0f1ce4e4535748a50a7e88053873888a66e82df6cc14d685b191003c3f7e3283c1d72ac22a2e44901a905fb6ab8271d1eddeaa2935fa79fb87a7f38b8b73fda94155e6825f136fb02f218242bfc7ae0d0854c7f8c951347a8fa2e615cd5f98727e1307505299621740d44f9aef4ee433ccaa41ff218f749b6d7f3abbe193070fc5a8f5c50cce0cf58ae64c120a0e213c2d93d489c170908a157cc3573106de582a5e865937c10a0a1f439a4851bb562712373655d037c655f202eec14eb855639426656e478b19afe90f7a364602fe4a2e1595f099a806b24a71007a3d93c78dcc228385edd4a0cf11391bee82a6392174fe960d5751ca10f6a39656cb2fc926aa181366be406ec5a9ff3e001d24706cdb85a2acc5c5825636cdc74d969b81e287d0c2ad0220cf148d9c26d955e9d55d4231519ba4aed7eb93a1a053a241b28c1267c97aee4c42e8ddcd84554773, 10, '451-66-7781', '9180962475', 'david03@example.net', 'jose-migueljurado@example.net', '8921514219', 85, '2017-08-22', NULL, 7),
('09KG7755', 'Rodolfo', 'Antonio', 'Folch', 'Vidal', 0xfefbc41f4225388a464ee8243164e8d88b49313442b81bf87f60b265562a9c9bab50c4c036a25cdc2535595f1cf8040ce7c1c97d4b1157e8454158861f5e6357105bb6de2d778cfe5f490c15fabc858a05340b2aae0b5db76fe83ebbef7a778383367d3c8012b23da450add4d9d40380f3d01518d6336dfe4198761348a110fce6d8c7f5b6d620e7013886f87f379ddd47029e17c59cc32ba21ed10b8e1d0c910c463beff0be63da50b09f1e7596485f7adc0f6dfdfe402d4b00f14b9d2afad1d74b7137971bc50e3a42fd5f77a78d4b5f28c6eaa48344e8678f61b0ce1bba0953dfc7670771ded4e01171adfaf92a4f05f52d07b8bc541612c67efc82bac91612e1c6d71b919da0f3f54c6e48991335bd12bb97242402c2d25801a2d03cfbba8b636852d2ae10599deefbb10af13359d210b7d5b915240c74d0ac4066165021e7e55dbfc904b5480a83091ae04d0c7e4eab4613967d68fb8dd0dd5fd9f15a090ecdc13ec23e246fd9f01bc97d2cd7ab41ac259a9ddd5176b5b8f523b4dd738b473eee1cac5fb4c4b14849a3a3847c32d24bb91bbf82f7bc7e9a7d263db1af69a170cf360ee5954ab101b152007a17e63f849f4f8b30db27f22abb8b32b262be1851fe1b5dd976b9c559169c8bd61ae6e056c7d4ce4d285d2815bdfcd4330a45dc668264722f9000ca89874248f80b69946321faffcf816f0642732b94589c530dfeb14aced38557dc26d5286223c6e2e0f1d0513d42b0a2d38763e5c2c9a29fb254c5f71a9fd838ef325fc52bfdc415af8b8e85ebbc0b97e63549f3d3633e18695bc64e93898a9ef2641bac996b2db24f2b602d13402849eceb6938b20e046adaef65130ad11fcb5a64369fb460d12e878a40dae856020ce336b5c88a620e56c91c0ad72265549aa000b8b3c72db1e4eabc831af23909d727b530a72efe6f67a8c688943648e32306fa8bca74f4503966469d972615be96e5d6d1175bbe3fe07103e5afa9a6e2fc7303b4190dcbabaf4744e09c4152f4e122a675d258c2f307f256c879279b33ee6500fb3252041cfafcbd2e563118202fca1086a0267de8033f7a15197eb6c095c6244f738e59030abc2dd636ab6bed5aee7cfb6cf41dd7324b2763356dd85134aa5084930207307ff4e6824b00cd87065f99df5b9084787dd40e4376578eb38fc3a1b6282a131c3b80b5504117a5455d6fe1b95ddfd7afcc027aee463388a304b5cb46d65f42c15ff197bbdfff37900d0ec23e8643c98ec8ba8e6ca294121d3a22d0aa860662ecd03d7b7d36936b1f6730bb1a3146c01c83b56ee9f9e9a0f84754bc16c7b659a50db4fbd9085e171a2a3d45740707e336ac424358dc2753e22e9fa2eb284b0792f119543d77dbf640066711a1d2b7df2695085cdc77c6fcf13f97cf7f03c6d1a552c7710fd19f890308fe542e4245fe36eb, 8, '084-04-5032', '1253329250', 'deboraaguirre@example.net', 'sosacandelas@example.com', '8227684413', 139, '2010-02-04', NULL, 11),
('10BM0122', 'Clímaco', 'Mamen', 'Cuesta', 'Perelló', 0x04565cef5c9931456c48defb32e0490d110c807987d8aa7e49e666d13c8be3d77ebbbf051b1dc1b770ca014c8ca848048bf464beefa51b4f919b9b2746da57501898e0fb6421376560548f8be27e9ce95d7efd5274ac78c50a6a95038bff7c79a81755eb6e8178dc754f72e4cba2097e4995aeb52d91c1a307f4b03248a38e50fad2c163534008efd17a3651cb4e21c9c90d884942882391fc7a09ec2f9819a6bab93b4ebec6b729de6c60cda39eda85991a9e938a00394ef2d1cba856e30a822f9610562117a4d52cfa8247e872ac47a17a69cb673515145772adb4e7ba74cb985464a87589521c0d689cb3fdb19c098355d7c08445943d2534999b40b8fb6d87856a85d43c5fe205c3e2df194110ade28e0a35ffb93d133453e4fb161ff8d146c3eb050f673201221069f6d756f19201039839c8b570e19c9bc226d9e8faecc5fac7723a6646756be5e25e567597be65a220466f52cd9e6010199c9d217ac6a6087bcc5e6f4e2dce85e9876b4cc580bfa6a156143459667386796fdf3e2faad38c7f0bdd7fdb71ef676138693b3093af953082fef831cda492a164b442287b7e7efb005e93f035509ba52fe62b0adaab65f6aa7c0fc492d20ed2cc17e1f5d535636ac27a6d5e3a87ef2366196a2ee6e1f52a13a300323e07a73179698e0d6375d04510edaa5f7d43d0b364f2b09c7105d544d93d384f62e5d1007cb31dcef3e7d830e049bc08276f60cbcc71e915eed3dc33d61edf7bbe66760bd229b4caa10525e62259066b015cb38757f7fda8ee8d2d2bc77ccef30d755ccc8a77ba979389a9766e03cecd609ea85e6713e592a3a1713c52811fc22179260ee1eff060d25b9ccd87e10d254e1fca6aa897cb35860f41fb2399e02a636f131e55c2e86ae4791fbf972d5dfd72636114c28cf6dda42d42f530e48ebe2ff45cb4b8fb2d599785b903c291875d979f033878d66db74b978b1e7357b4a71bc3f0ba9a3c3d0829bb406d1baa93822fdaf872ce4397ea64a02325acc6099b0f7dcd1ee6523df282204f9c6502c1e487d347dc0b977643bdc12170997c35d9d7abe904b7a0b5d4fe3dfe4077e1d0f26c8a1a7eeac116f3f6a34fc9cc537021714afa353d8b7a5544297d2151a5584afc71d6dbae327dc41fe3804353b4a283e82b5605bbe4a1e4fa73c22fe3768686a9e24f9909cf3472d2055bd5101eb6dd3e3ba88fcf0d95fd00db5fc96dc81071897682152c3e7427f992692f8284da693ea9efe241e7430be3b39fc82f03e73ccc6f81c2de64f853649630b298bb63a50d0ca57a928238611d37547fbd150023490bac938aea3fe16e995f8c499557723f7b2722ebe57f51fb85b6f66d62d216ac275f61745802f9a384dc32dc854ab487fd395cae226a36d7769be5c9080831dd2033ec7320070b6e589fde0f65d985f18eb8178b244914bc, 3, '467-19-7673', '2174479700', 'buenaventura03@example.net', 'ncerezo@example.net', '8142978485', 139, '2016-04-01', '2018-06-02', 16),
('13GX6573', 'Lucho', 'Casemiro', 'Calzada', 'Quero', 0x3538b85fdb70d99bb642f62cc8bf636a00d41ea5fc0ae9619e07f1b939209f38624c32620acb81fdc5a46ebbf28b53bf8482277aac9d44c17113cfaca5e3d64e9a61c6590544c9b2c88e20a59ec830176ceab6cc4f61513e41febd0f9a12759245bb070d2921759cef4191bc0aefed27d15aff553da6c12a52fdf1a985a5e9466ad34b556fe095030a94879ec390ddb72b832f777ef90c135f20470d69a21b661d2ea0a61f9ca0d55fb66ce5e4d60a0945580d423c585e4c2b4987018d96289767053269cf16da98e3050f4cefbb1a16b4a80e311cfe8dfc8391a858739596cc3406670942aed181111cfdb14add3506ae46627c11e03e50f615f8daa0814f303c12009f1245208176e15ca0821e810a8dd691499d7a1fb8a54d9fd508119899e2f4c3bd872ea4a7b00a86985b59d4e7ea04a203e847475713d4053c95940091258b3107b5ae6c6eba53945657bb6aaba33d5b4fec50b39e000ffc590edb997552228ef46c3b823406dda8c072b8c4e866975f1fc1a5e4c14134f9d12c4f3f02925bd12c6b62f580617b1e2fdc0e9c547e9351cbb114722601d1529b800d10c7cb25f991cde3b0e6f0510fe0dd1810360f31891dd47d4c3be8648a36869f21ca863854910431f4ed83aa8fd7fe0ef76652f7814540274a9027f5be02582d8f47018efad991e2f7533a1b7a9bff5fbd2a500d4a11527d57903a08241c272b818a52e1bac397457f5520ab7a8fafc5d3ac35e570b3f5d12f07983b9e3f830d4c180f8f9de9193a8328b5f5231aacb332c5e18f42754f7e4cdf6d9968c7a784a5f6ff8050589dc12796faa6b7a945e0f9f5a88e0a6d85a900debae4e53e83179bcdcfe18a29e393d13e3ca4fece3e712e1509cf494106103af9d18c10754750ea93714aa114cf0e2d46d127e300cee2f7ea2c40581ed3dc9298ff4451e86496b48099be5eca239db11156bf1397415943f4c33fdcb8fa30688b5e663d25716bd392fc81a6e7a5d12f19a2a133d205885cfdb7cb2920880f9e51a6d77fd1376c61ddbaa1efb488c7fdcc37266d79c87670c76000076fa55a8e6d61095dc0152617253b3ee43e69b14b9cd3cf3b13fc6bed5c4b84cd5e8c2451f117244bd56da86c1195b1b858e05bd8d781bee39deeec2f94f6b7814cbc8b2284cf217aeb69cddada487220da079cad0f30bc292dc13341957d9b026cd74e29b1745dc80b5c335074a142e76a67252385fa8c783f58ad11a3837eb9481e8790facbf3ce411a9a364f068dbc24954733c9393e430d2e5c67f2f0a5b2d8a350f334dd6dd7c0837bc83ebbdf876cde7d345cf6437a9a6b666a916ff874704406aefcc6db813cdd77d2f00f7c06bb13abebe60306edcebb2410567052ebde53579246cdbbd544ce138938d0408b40137d30923e382fa7e2f5ffe64a0bfca1c59a072c59751e47d39d0709, 6, '388-71-4079', '2593440507', 'tespanol@example.org', 'felisa79@example.org', '6189907058', 173, '2007-05-08', NULL, 20),
('14ET6753', 'Ildefonso', 'Moisés', 'Millán', 'Nevado', 0x748abf29a7e6b7f291924cfffaea67dddc0201f0309e704a522df246724ec3b22f6b780edc85410bb4913f056ce72d3b8569cfc57063ed321df170c6573865c5fd569380bf898be4b771947f40d453e19ac11e26823996f5d7ff065a8f11cf798c955ebb800dff1ae071893bfb6ec5a644f219faa5a32a60f9037507f41e546966fd95904a652941be1845d5e51b92a70fec578da239858a16878b44dd08a294d9c9033b6fde61798cc1fce19a077564ae2e94f5628b4b9a59c23215d4d70b8643f05971d4025d617c7480cbd7fbab4e0334e521f11586b5c9a572577a9201e0f330960bfb1c8857dc06d23f364e14aa51d74f2da17952732fb3f194ddcd938a5cca171f0b4cd2826f7d433727d014c9ad778aa61e4cdb2ec5092f3fb6c2868f168f1d4855de4c0744ff61fa4f55cad5990b31af4f203919a664035cb9e19da29bbf5a5fbec2945c6e05e4b5193867b7f62faf555600b61d2b7f06382f152936bb54bfabd251bfc095fdc22910c0b077abc1a60b6504e3bb616a4301401ed1d3ce8cb8a580b322e26804fa4f50dfc4c9cdc512639b657bed4c2ea706b762986d2cce3e32d10eaca4b487e3c72cf2a8859c4fc653bce620f2e3d1604fd3f0e3f6c4aa11ef5e20d342064253b34411027a38325ba1a21677826b499be1a19a9a01e6851975aef03e7cd7e0eb8cc37cad7313ec64db62ffdfc9023cae4f6189792d7d905f018d4f348b2a877d4e61db12d2801db5e420b1d2d3aee867ade6f0dbdb23b32af22fbdf17a832cb5e830e7d446c1b11095ef1ba61b9a5d04e356699c3152b524f1696544f3bab454efee1f8c820b67f1e14e34b5560a22d40677b4ca0f54a424d8c761e4c0cdf55037c1ae16aed8bb529f82c0a660a632601c62a1f8de60bb558fbbcca27d59633e54689ac69e4d1853cc8488ec7c15d3dca6731b0eadfbf5baf5fcf812d1b696b0e6838adcced2b84902db7a12d801a08a24db70ce29bb5ea2264559076ef26d03a5d36729e32474bc72503034b4e8ac1450338d53823f88ddf5008afe8394a56707b9dace4dabf7440b73de9d3b13e81f2994460eb6e78a7cda02b993b7dd17805c51a674020cf306c7e612514b4653bf8d1c61c6c790a9daf8e10d9e5863d4e6391a58e974cc31092ff88e6e61efe2d600664d96f2fde88941b91bd2e3fe67c65f7829c146f2cee8fd67fea05262ad148567643cc1d0709b94a434adb02a1a22b23b7af9eddc72c914c9f981001536d81ab1797c6ab3b30696a5130ff33a2d774aa94998839fef07eafbacd0f816e78721a6d20b5d128fc553a6bcd2e0517dc9a07ce68dd26ca881ea5e9423d675aeec3547dfa5ae2151b22c6e2f6702c8fdf6bdbbe786bcc199e14a73305c0a24d8e13baec93396d604be9265fde0fa7f377c757058bb21cde7253a9a6a43e59bb9eb09df00dd23, 2, '974-55-2375', '4091373467', 'juan-bautistamiralles@example.org', 'robledonerea@example.com', '3480130666', 154, '2001-07-07', NULL, 16),
('18DF2919', 'Pastor', NULL, 'Quirós', 'Girona', 0x3c911a9aaa5fe381fb6f51f3beeecf32b6f9fab79ca894d4470dbfce2e94ec0bcf4022ea9e6c9a05f7569046c5db99bd5057a1e9fc155c1a1e4bd85261da22e6fe83daae46820830acde1f38b8592efe6c1d5ac9f1d0551e82da43903b32d698a15704d18b3efb229d090ceded8e1f50dac3e2689ddf0b8aa2166bc318d8adadfeec1f9de0cb81c9386c195faf35fb24997acd3a85b5ab2201f50cb39b7e2012e911cf7b071180175490692c6dbd424d24f3577ae29eee0939eacccda2c7578857e97bc62248a0baa7e9ef71f335d388ee6161847abd4b717ff7ad7217d398ffe4b7d04fce3eb44adce00d952ce2f64a951f63b050a3058b0b12f7ab32ff966eacb3a69b0b1067d54373fb78f7609e1717993804f80d505361db3a12833f1c3118eb1f7ab76d846497d0e49e630c3d884029f42a5951d3c70ed369ee8c830d223dce57d4d15f9c3fa2a12317f1032470ea9548fa85dee37cf792ac2e86a9251e91e2a86979fc6f4b2d68b113707b25978f775262b6e929eba45cd27d10ee38d15c997af02799a398da758c227651bc5cf76c1a8a16b23393c5768db6dc8c39584525e0b0e719674799b25d2bb285e223550264983fe25ed64d7330ff3fe9165ea82d550303f40fc353cc65e2a0c9866bed93ce69cd154615d348d1cf006184700f1345dacbbdc56f494dd3eff17a360ccd144e8ad2f55b1824ed8dfc7818045b46749d7ade33527f1e1a84fa366729b1524c39f9d0a7c0651aa74d4f9c3ce269d880080cfc2be8af32d6e78ab1c25bd40fbf44980c3c2336e94c992349b60542906ab6f7b4f183f73a926c04098c85bf00d01e1a316004e80277f35df0210ed162e2711e334eb3385fe56378050509ac17d273f3106156c4158607b309a05fc85771eda924113cdc9fe34ebd9986015365e112d2a9f49d53e49222be4c72ffe2b928684b07051db405bdeff5abcbdf883bf2791aad9532c92c2e8d46721c62203508dd35bf915580c610d85f23c26ff1ce83edc17f843ee8483fb8d9a5e2e50506b7ed60d72f3d071dc26e58d08a082cd66abb37a651b209b66193df45af227be770a1df287b45bf7e4724a5029dc80f8186ee1d6b2e7c85c70b959b4e9d6deffd192f0835146225c0e4692becc37317541ea3b0d5b21212cd0e20f4be7b210ecba6ff1ce314910bc090aad8a24e5c005a6ea09432fe45cbc9ce28498e7eea645c7194084b62f57419685ffe1a86a27298b1a9e7df1b4554f9d65dfe902d30fedd0ff04d2948d16327132bd8565ac5eb5aef2cb10013431037ce1560b707db18809c24acb05a4c9c6cb00eb9f6a3b1898888f2cee07d0bf53c92145ab8d54d34f3e0439e7e19d4770e2333a665b7a82325cb2bb445a0a41eb70fca7ce064df08d93b0d55155548d1c6606cc13cda2b4727b8c9ad515b956ac77d529501cbb67d, 6, '764-42-6527', '583940398', 'genoveva50@example.com', 'amigosamuel@example.com', '2299522152', 131, '2019-03-24', NULL, 11),
('19TN4271', 'Abilio', NULL, 'Pastor', 'Saldaña', 0xd3a36a355f9a168b2edbb0e0596e3082b2b89b354eb43880ad93066935e4a4041013b685a2c742726e4a5f327a2eca9f70ee5022cc6c476261750be7f2efe78a750c996d4606787e13e50f05a5004d5bfdffdf265b666d801caa2aaeef89dd607511fc525f5bc58acdeb7e9689369a8004a404b053156ff726ba3653388c2fe5b3b9ac84020ee83f0d2f1de9a17494512d5aee65ab7aeed77d91bea3109861984291def4a29e4403a545b37b6216edd8b0a7de9f80879b3bf3909da02480fd061aabfd520bd644d19302f137c32359853e3d86208c8c96354f02ee298c7b564bfef3a9fe8d35fc17ef154d0908d66c1e9a0f5b94519750ed8a79d62cd47dfe7f6c62c732ca7dfe904fb0224f5d41e4998277c8196b103592356181c05ab1477b18d9ec8960c45b1a461d0b2971731503769559c995bbe24f915c14f315efb1dc3a2c0dc7ef64bd6d880aa01ccafb375eb9248644446c3a085488daa0451c1fa709d6b9173a4a992e4c67ee655c60325ee382dfcdb906de2f724df0da75cbda11db47a4edd165adeb5d248c38c424585f64f52449af2b3fe9cb80604cc447bfacbba8d3febe4db8de8b5dab25842d63a3e8f73e28cef30990a5b63a2dd17bce3884e11ff0894aa3266e6793eb24307f2fab4578e5da826f533e6b4d60c540d3b14c234c98dfa6a144cd6cef146a3c1d7db29f9538c23b13f1309305f1889e74a39ab40244661e671089b5a0efe21f75223da2e6d6848a45e9b04996f00ba1f3653801b27764b0af449eac7d7727010166d613eb5ad5a6fcbe644c313791e65c061790968bd6db9fc037dfa20877055b77a2c0c6d38db13a4003368cd48f08749c6d93c787483e9939d4d88564d225cfc960b57e9ec85f15c86b3cc4925c94a39739bcba4e40e95c509004138f2619918a3f40263b87071f92836272ca2a5b43e3017d480094fd0481034b9d11dca90f0da06a1c291f430e648c18cd32771f5af4391ad182644d16122b11cdb9f469227ec10878e340cd203ba79f3be1736f76565bad7217b244f75984614ed9cf264cb07ce46d1e3dab7d2a499e932cef2aebeec99d7dfc590d3f00faf03f5c9cca5fb4fc395b97934b101c31e5738e1f05318f2f771d138e56fefc72d7aa1f568804375ad6cf6ef30e220bca0af12a2418126b88de2222702d809760e01535e051d0f38bd6f87b1a99cb0aa870f31020f7227168eabdbc1ee313ec7d24eacbcf62dbbfc28f1347ede9d254405cfdec45b98d5086c4dc24cb7d340f15bad469f4e8875debe49a1126bd45def13386574f66090875f452922d3ee0b7ac880272f6de6d7a41afc552a6ab8df58f4af68d6c68483575a1744af0ac3759acffa49529e38b3e0e546a5b6f42218cf48d88b17d728207a9219648d4e91947764389dbdb36d0a73116f5ad74111ba4f24fa19db07d79b8, 2, '471-41-0103', '2443792443', 'candidatejada@example.org', 'nebotsergio@example.net', '7540340843', 141, '1995-06-14', '2016-08-20', 21),
('19TQ5831', 'Miguela', 'Anabel', 'Cabello', 'Sánchez', 0x277eb925b684b96265baf40d093350e2ffef3846ef46b2815a2b003840523cbf07aa1b65fe5e4840ad4c17df90995fbd4a146d245afd0d5980ecd02e7592af118783006d02da6d68ef6bf3f35780401d95082a268694a3d7753cc7e8ab66a2ddd84f851b6ee9affd023171b57fe8a56e3b93b63e4621d1efa594ff7f6a9fa74a23994fbaa7d747e173de720a34a319c1ea14779f0db5128cf0df15f04031b1d4c5c6128ef3be02d4ca5d626387acd1169eca83cd6bbfed7bdd71c7aa5f54b74493cc387b9648d403008a3623934791d75f496e19769be8b5528b8bf3518d111b0d29113f63321d3750e1d723ddfb60fe06163fd4a59c728f91880b4725a5e5a0a130e17554b4e3a910014a5968d4513b95486a5203dd9d70d3f3bdd5fa7687da4207ec3d3762657644de6c26e12873729e6c852e943568c58315318b8dbe8fae7a4a1828d5c041ea3f6231591a4b85164706f7bc16a345db84e37f8f0ef6d6dba968f1c8087ae17a4f4cec3dd77ea06240c3774375cff9a5504332436339a5b2aa6c7cb2739c6522fee34f4b512ff2eba500c2f54d3bd176a3d4898be12ea29a9932b12c89b343fd1e00c9d35ac4bb4f029b847def2b03ee01a386cdcb5f8579b924f72031b57c3f0fb461e07756b5532b9f36e65d8332e917386035210276e9bed13d840e4e8c29e676bfbe7f28113ab19d11724a708e903a25edd0b30ca01360f0c76d82d104f50f1f47171a620f25ff2bc13e0adad2925ca9d25cb72ad94a7bacadfba0add908e9907fb4e672a30a7075ce45ff6e4c4c375c7740ffba2e83f028da5bb287241ff5dfe2639b36ee107f9dc6b142ae7b78058feac71f4aa77151c22f2360deb21225ea1a1cddc4b8fc3d9935739c685c0a4a8a4aed8a9a4d34a8644bebfda3281fe1a4f21fad5dd8edf79879e7bf18415ebedd6da57ba9a366514f490d21b4c45432c0139416b044a59696bd038d02c54b23649e9d09bb9e3f4572d7611881a5579dbf966abb98ea2cc2ec14fe5f9b6e6fd92915828eafb271bafd33ac25b362c9cb2c5d7245ee5c0c6b7a3c34684cf167844b454472520ea272b005dc64560ad9bc698b0dc01244d6decea063241ff93a53d5abcb83912413ce03c78f8eac64b789a59ad6a714d850e8c767421534d90c616393b583ac735d2db261728cd3f455a0935c1a509be7c50a8d94b264e152bf3e9d6c6f08c0f569312720ffb5a12d657dc7724b00aee0e12db954516bca028990544513bd476b962895fbb35201e7ef670f03b62e116f05bb624a29e57302255ae46e8e9cedf1586c121f619a484aaef2e5268cc84ea908a81f2e478cbfcb4a2054fe441b76bef3855d0f96457469097b321af00576f8ef1f9d9037a4637817e7582d552915d59ec5dddf08fe51d85845c584c1962c28ed264c1497031c3db48838d23afd75d406, 11, '022-71-3705', '5950765646', 'upalomo@example.org', 'encarnitacifuentes@example.com', '8698260696', 113, '2015-07-23', NULL, 24),
('20JH1744', 'Rafaela', 'Borja', 'Colom', 'Alsina', 0x08b23e8f1291534a40155bc3fec3511a595cc2a003d0d43b05b6fc08a96df16aae05b16e4dbfdd5956fdb781242c7709c92a9321260a843ec3b1e5634fbed057634bc8c19b53a990e7c0ae20930409be47d7091ceb0cb3d0e3e7880613318e816733d3b5376dea7e337dee2c8fd20880226f323efe49324546aaf378d691d7d763bf1fa687dd1b2d7df30bec556cbc2f2a84f9d27b5899851bb62ef392ee83f91bce096f592f06bf466d3ef2e73e30bd047992ced0c8e45dae31b7d009526c3ea6e6f04331613c350384e3e9ddbec7619aa41453a9a3e563ba007a6fd4cd5e56477c4adfd4f8ef34f84a7a500252c7607bd0fb4e9490df0114e936adcf499524ab6629b81a3ea971d333a0fce4dc7c259cae95207d9adf61d84cfe27604275147ebdfe161fc0e38a6fe64378a256f3abde76300e4f6f87f27bcf84d60cf8865a6930e025cfd31eaa64558cee8e490343eb210f3274afadadfd1240dc48cd0bfc03d01884da7efd691cd3b759589c5cce5158ef0739056760b034e7a896d12956690c1a87b1238c10c3f436737f6a442f19523c490f044d220f2fb59fc20a0b18208be2a84610e8b19e124e81b43d902c0e50fe4541e597d33fa19c6a0564c6532878ece8d547b089f93daee6c118dd80d7ac8aa4dcb3b7eaa73cb8e64bce5c5d7709d1264563380b04b4b73c586b62dd8bec74b5f7df8433576f41f46df7f33b10f73d1599f8a7b5a851cabef54afa87a48c8d37094eea8dd7f907c73174d0471a04537bbf43fe3731590672557c7fa1dd408007b97a79fb436b7c0c6c2771a90dd0cc899f14d0ddf05c7b16de25c3cf19801c9cf3a5ca60362e2660efc031df0cd767028541ba13eb6ef4ba45e3ecb66de24eb9226663757eb66773fca300eef41e7fbb0d0f8f1d2b475665aafd518d51117fad3deb4ec8ca634c81e643b2c430d4dace44c59d2d808819fbe20a87a5df47cf736b2b97ef7dec98f231a52bd08ff450379af3642c0860a8567a3330a65a40f9167e0877c53eb027b837de8c6a521fc6a38d2b38db496aaf0282f87098bd1b9ad4e718e9b16bec5a066b3329df000d50eeef262eead4b98925cfaab10eb8d39aa9e16b666411fb1be81bf28b43f2e41490e02165ff09b02dd5668575a1deb885fdc40d2edf0a4945d7e7fd04c8cf69aca924f6ad60bb263ae6960aab67e1b52a89ef27f5b4a5d9a7ccd60287d712467b256a66c56cd2d62f86d633bab23f43432e5d42e6779aad25fdd1891bda74a7ef34445666461e5f236b36ee6aae690fd4e0d95979ae64a09d31c3d4ef1edb5cb81c8eccf095d2be67dd4ce842583168b3807bce91285061590d0f70400e0bc39845a4449315373ff544fdb8e979dcb0d40bc3bd0a6911bfdd45e086e1be41afe201ef9a7dd3c339b6928d522e96010bba04b7cff41ce7761b9facdcbdc7, 12, '259-11-9194', '2494015671', 'concepcionvives@example.org', 'apolinar59@example.net', '8370622968', 113, '2021-05-02', '2022-12-17', 30),
('21PF9183', 'Miguel', 'Emma', 'Valle', 'Hernando', 0xabb63ca0e1f0b8eb752e8548af10ccf5f0f7859d62b73a7291b399e13b92aef4dfbcb8778c7bcdabceea1090bb58ab995d4b7500c90f9fa6cc024577afae2bee5a0756d9bcf668be0f038f0384f956835ec9eb02e85fbd2d44d90a0a426d6b11a5449957eb3295438bb54a00840d66c785a7a5f1173c36717523d2fb8ee56fb1299f50f0b3a1b40781a7e3b323c1f11c35be9ebe0fe2128f10750f9b426ce669696bd5f0bef9a6761bb9949369024c78140a5380dbd0fa7042358fc4a5349773c4f6d93676b4d3990855afba5794a52d5be9884b6245021e0b552be15c241ab66a73b5381ba8e9835f0dcd44c0f1588c7911a8974dcb00a2bb1adfc621df7996b77aacbd3462f2fca61d18e8979ef185669bac42c7bfd34ce63e7fd0f292ae9e7f3723a3935c939e24b71cee25f149beefe34c606d8e04525bd4d3ff12ad6c104f4c4bdb1ed5843794129823356f34911412ed143be6999e3977d70f3c66c65a63004f9e252f570004fe0de05b026c5787e96956f07419a889ea5eb22607b64c449bdccf2b58dd8c65abff93a8af0f3bc1f6c6edb33c28d337e754c7e88a1c21a88139438a3838a02051cc1fa7549639b7cc078649ab16300b7fc73021ed02dcd357094362e6b16ab60bb277e62401044640d8f35ced8aa40ff1a42beb5f1e1c2359653bd53efe66547d749c297e7e2864e381d9297397dc3fcb8f57a8c67e61499a9c034ca3aacc48d6c674e65885a90413396d0a4f5ce407394c26932fd85f8622c12b50ec6de61c2fbbd18a2d606bc9347c4492c74dcc35667c272a8fcde87a074f1074ae94035414ba4e2b19d1da01800e10d3ee03c2002b04f8f2a255a8c30d169b75b054465b269cb34e63c3f459aa4193915528d42671a002adabd2cab84a91425b2c58b660ce2a3c3a1622478ccc442caf784999ac8c828b5115bca2efb0420e3fe8ca439ac66869fd819d71f5d9cf0ce925c2166c947fd53dddfb951403b1180d7b61e8676ff607221ae08b3ebe22d00a8125b8428270b82d822f1d6c941a1c99897a84daa57c6f1582b93d258526090b6b08067a650194d8682d5f92ab776e899b518d9725eeb1967122ac5a216f7cd02fb7eca2759b527a61422cc8b9638392aa873be9c2a037780747f6d6dd635b060221329b41216bec4053fa9d11704fc157f8b8f9b91f15b82cf1fa283d5b2fe54ed7f599783eaee59a9962f13980bbd5d4701ec86b2c3cccf97f10b068a7e2c2d161e3f436dd6db94d886c482160d4c8d163bdfb4f3abfee0cb7fe6b391d182d608b9ce3d9cc7c48eda235fe9db2003b89cc4104159a6771228b5e174d6e6b85435d669a7580e74e9d3f307a158d2d0b2e8a4c4e4cd68d120a8d3f12dcd797e3b69647c6cb92ac46ef57b8895e6d96ec3f76b28f214d81224690186ba19ed644da57289134acc6b158fd77, 11, '238-62-8133', '6982955491', 'jmontero@example.com', 'elena21@example.net', '1411596711', 196, '2011-07-28', '2012-02-11', 10),
('22NZ7522', 'Adela', 'Ciríaco', 'Gomila', 'Tejero', 0x7f39dc5bc5d04cca860cd63d77474a237cb109aa4ce2f33dce30edc59ddf548e93f7836c4b2341d7c3af86d15f8a928cc85e7852da64166f5ccd73839f09c812ef211dc62a7c670eb41c4bb4407aa5c154ed0ad805ec9953e7410a1bd9ff06339201debba0eabd5c2d239a6983fa12b2c110fb6c693d1474309234c220ddedbc15ed005165e94299b05614c05a2be496cfd64a34e091922e1d38f2e0b9d43a054200528d3b0f6c274f6deffb75fb28e84fa4e9895acce50421501958370a415e89136a6b6e7174799663155f2b9b7fdf4cf5cfed754f86e886b20cc96a1676a7f8d20c3d3fc4ebd58c95de01b5dd45c5c338c0040fb45ede3629b16162fa6a211b26b4d7b5b9755dadbde41f700660e7a47de4e19549f949c44ddcf36ab67246343d86c5b3eea09250355172454fd21650538a2a266c216de238b0900182958b735aaf6a0a487ce9c00e490ed0552d1cda23471e778171ca9490e776be9bd11c5cf2fc81376acc2617e1f8c73fb61c3ede918f5feb7d1c0f06ff59bd5caa07fa7b5e4efe86f7bd2c9411d864e123c841e1205bb443cd9366e95b23d1320c23f3ffc0508547be44728116b618c2bdce25f00392aaebf6eb4554d02bca8ff1591897e5384aa09a0d85f5a9247fb12a12d77e1e84e008e924dd8eb5fddd3da0563a7b445c1fdea658add3c37d51ebeb58d38b708d250c654dcc7191267beb955030e2f5cde47482c85525af3814e42cfc452f392cc390a3bff3986a4ec8779174b4fa8d0e7024576cc8f0ec5ae4c83f717e15f896189809ece3c4561bbbecd5e5c5541f4720cd861ff881a6785b2be25d1bed5c3e410e863acc3c7b441b936cb129b6778c5950f08370c2292457dfebd3eadc184c4261c79e9e6eaaede381afd0da20a5dedefe973dea44f969b987450039840167bba8d151f2debb38b2c91939bba26331aaeb609bde84247533ac8c7fa2d2f1404c129a43ac547362f9a74e1c55b8eb77b556319c3dcdc4db3bced9f7e8984127ad2252dadb8f790a9ad241b957dcebbc84cb9b660f4ed655f7b0dbd42b7b91c178ab88e8f30b218208f9465644be35307fc8e31b3d7b06fcfb36f2b17a4ea933de3c4c6055deb5ef7c8eacd7bc861a4bf66b09076c1337148f226f779ab6f66f9a6c4dca90939ae457145aca8bb5cd33ec7f582f694775097c0b8dce94355e4de3bb8d2082ab2a0b73291e8d7e261cd4d874b6a7b4e4be789ca75b47df679315b013519cb2d6a4ca0b7f698fdaa64878ba3a3af1e09ef75c36dab9186ffef9709bec592601b51be69ee62e1b282d3f3d9b160cda8199abd83e961b019ec3d125eedd2a7dab3ff0338abc568b08e17d66532c20dbbb658f25391f9ff829fa4a2b714ec8c45e669169f20fc744cc0a4e352dc48dbae90f014b1c87b4fda705c2395448c0359197e978384cc4cc64, 7, '387-80-7530', '9912690714', 'ramiscandido@example.org', 'peralflorentina@example.org', '115790198', 13, '2004-01-12', '2004-10-11', 26),
('24EM3749', 'Armida', NULL, 'Porras', 'Cordero', 0xb4a9cd16a2b2a238b156a6069c519738abf779ae3368c9395a5dc714995ff1b94c07a9ce024cc5aa8ae59c3ac8fa01be462bdd672ad8c23852aed12d0355300aa538ef0923a7d24dc0181f9459fb3a16ddf374ce45761d562d34330990a38638bdcb7dfb24ab1628fb06550cc973bf5056829e67e497d08cb0069f8a55954ab9210133f045415bda8bf9fc888885a3231f97be5607f184ba2925d08bcac45de51f41c8635011bda1d28a6ed9f75c33feb1f0f74597c0658a9cde513bf82cad73a529627f1cb4b8ff64d03089ae1681ec04ee585aa1151d8cf6e1268e8f04278b4cc6cee6adb8ae9d3d36626bc0f73d05bc6daf3c1f6e0f5c4f2703c88952399dc881738d95d99e419be4ae0e9e21c15b62686333f1ee11424702ed46d36861e3c4b107e7b368b31bea7e932ddcbe5ca98f0bf88a2eadf7c3519f43c9a1ac577e3ee8af8fedbfa931d97c8c902944fd19002d93b12fc0db0655bd1c628f04cca0b751a2c25436407cdbf45a15716611bcaf231c7f8d06f19221fae3af20d51077b565105e6d699d4c6373c1de8b8ebe2ec58772d7e1738c0356b59cc1713b16db1828ea03d18a58e964d8fc06779a844d6a569e523a575ffbf8e334a880b31b26257c24b2fca8bfab9b86d96214b8cd25f299d78eb98c0730497b115796c2b27d9d6cd6e214b18f0c67f03f82a2de6595ba408c6c121e7986500a6db0a8afbd4d0f7b6cc672b2044c5bd3ef95e8ad5d66997730c5c271151267523cdbcc34405819f7bc668c6007c6ae9e69819f9ff8ad80940a7913662503de33d5c072f686816a081c13d66520640ee5dfe207dac52ba29a998dd207fbff9cb3c147e6f8cb6e43584d4dd0af27ce8530bb9ed513b6ff43aae338499660d9678b7c6c875c3a1852f233dedd0f29bff684671cde2a47511c97b5a7a8b6bc3aa757e7ad618431a5c71ad1785aa6a7d7079c9450aeb0da28e2a031e742d8070ac9141b05f3207f6e8777f86aedaf936ef7926e2ab79f11873646a8fb0c2e4f519c7f81bdfd930542be59538bf86ae57dee9cfef820db2f92e5b82252ae5323264a7088f4a9277ff5c35e2c614fb45e2fbd18175cc0a7b9bded3c833389b963f12718fb4f3c88ddb9fec6798e77969d4636907ede29a8105449db495ef0a95aa0b9a4418bdb1a465c8493659a9b29c87a32929b1b6edffcd40bc94f835c3039070335e821624247e8d3bf2d8041dcff42a2579bb83e908fe5ee3485eada87ea653060775bd790451b39537565e0a9b5725398182671e21c9d304f195efb6e1d895e9d7ded0e562ceafc107fa2f7fed96fb8389b752c02361e5a2f413df0e9ccd776dfaacb78095fb96e507e22173a45f864b9a12b51a825fe33ee18e6abecbaacb05f9e69d057bfc76591b82433c1161930f1135533a3ac1daecb775666e5e8f3e5026b4b6a62f622, 2, '963-95-0183', '6605376598', 'edgarnino@example.net', 'candela10@example.org', '6978430010', 73, '2000-01-11', NULL, 3),
('24MB2352', 'Maricela', 'Maxi', 'Barco', 'Llopis', 0xae46be5aaa88a3e4c9e1cda60b5d9d8f9418532bed6a2eb4bfed44d201f27c1359e936f6742864abc3d64f73dd08ba59b14d2b228581ec2230bf7b136f22763a34c3c8069b9307322eb8b9a8d057b8aeab13bb45445e1de6fbe056c8c7b56e04eaeabc65e63c4c7bc5355485c4702d9385b6264b4e6be9e87f93a53857975f0d87e860a7f69041754ef7f8319c6654bea324a560dd3161985ef69ee4892114c151d10e01df4b498de8ace6221bc9bed163c4cf5b7603906ff622359d912df444028555c2aae13c6bd5392028c39a7a0753ab2adb79f79bb0c478b5d655a83e50e98519545d0290c8a8fe61000722f4f271b61748608a4e43e793a996c5a8384758378cf61c9f7990002d232d8d32868b330356160cfe2f340840b9f21da466779080f5892f7fac000472b46ff803d6ee618d0168fdc993ba319c007c57cf6654c9a2f79c14b9fb0d8e2593cf9e4b55c2de0ea575a75dca8f210089654b039669d27a198dddd7110a820a6e180fe0419631b9217d676297ac65b4cc58492092ad989acb99bcfbedea7b4dae178c257b65e3b9deb8d511ae2ceb3f68e66629a90964360af9b25e439763eb170a5bc6ff9b50988111853d7425f6f531f7c8be0962e66730456989460aedd9ee5d87df12b7c8e2c0a519d7e4633359e72e93564cc47d2b44058b74e96985ea576ca5f32d62696cbca00ca0f4b6933a2b0f09889153ea64e37fd26c8311807bf1f4d5512910c22630ebdc168a57492c355cf02b3b6cf8026db295ed9fcce95568db82c412b66527dc8e8bdf3b33c637e1254ba31cc1a83a548d4abbf24c387c727acee246dc886efd96d20870d048634e163a98303725f5b0a61585c14d6a4a72a208fb44c16b4786ff436fb4c02d3794648be4b2f35f8e53176ba03de0c26c54230b9c7c60f36e04c0ac9b490fdd96518938342591d71c9bb1efa30d63231506c48264afe3b0335572ec7061e72c297ee71520b083ba8285c5b82e73a20f08befa79f81072993649398319be0f7f13b1044c83260c13e359e3e8f6445df27e8b12dd3127b092742c657248024307e78f24c16fe4430117ac1d9898e5c11fdc65aad760f581e5e826f40e531942fca532814ccdcfe2924187ccce223b372306fd8c7ddc2a9f0b7163b668e18ceccb66d9e9216aec3f2b00ad2c12532c964d72cd0291943c0a3268698cf7102fe27f6fea02b76fe05db696b944a849046f17e7e3801a9d8cdcea3624fc77e2981e2199f62a0370d9401f46bab5419d315e8fe917afc78f0754f5304f8ac48ba3db0dc084546ac42623d2af58437bc0cdf21e4df0bb2503abc659c20a0c0d94285a27af14572488d8b41e1626bcb2efbd409f75b053339a6ae8a0b96e49020cfb8e9acfbd721bfea91b11463ce857398997d2587ca459311b8f857999ecfe042a387a556afae97dd71d, 3, '097-47-6010', '9098946412', 'vmacias@example.net', 'martingutierrez@example.net', '6147617734', 164, '2008-10-05', '2016-10-03', 6),
('25MC3793', 'Lidia', NULL, 'Garriga', 'Rosales', 0x4b40d8a95457c69848afdea6e3db41e7c1e5e12a8d2002db32dfd1d434a710e1dac7e608fe6809e1bba77bd3e0ee3ff7c26e151f00dca450d999b2dd3255dacc5b88b4f817556df976989d4cd0a77dbaff91454f75a656f0a0de9d51d8a8a3b43a86fd7dc2d96a24de5e0e714ae1f853e33755f3cff54ed8a06859a9b705c949d27faa20e46c2a0c2289c0185873bfa36b63e6217dd02c851c8092c286713e046004b7f967992ebef481e577286c7f2216ac782046bfe1dd699ca5fa3046deb15ab9acaf15c3e5be59c9ec57ae50c908c54c2cd6aab681a2e496301f2673b6f36d54cc064f54d99da65ca8c959274a0657f6e6d73d5d3978c894defb4753dd4ef4beb8f4fa2a46b3a03fa1611180db8e14f8c4ee45134516ef8db3ba9ad77328a6073ada9c572da0b0900bf911c2cc4a01e1e856b3111d6d3ac5e5bf34e868d0916223ae61e2a6e559d704da24b994d7b971d05287ec7feb5452ca3efb59f13d420ecddc2309f307d1c7285179248824c9fe830dbd2b0c37eef2ab5851933168c42cc16b6fdbe1fb6585429b345c69654c2c59ab6f2294f4bd7228618ccbfeb2533faf51932bd3678f6cc71c3c930847ea8e5fc60d3bdefba31873c033e0ebb995de860f1117821c4dbb60adc54205bfabaeacd01abf50c4386a738136a1f06042e839b7165594671a09fc82509c960db372f92b68d41ecc140ef5fe0562330212fb2cdb2368ff3fac2709fd515d1f107d9c7767949a66c9bdf75cbbb54941edaae90be505a572002f20223d2e06004f92591bd479bd37fb3fd6912efc5d4be76e815fae55425f52a80e3d05ab3f9d548e67a9908b931251422feb8bc1c93dd3bfa5d0c6e3431ff4f05b5b9880a56ffb58042d66df5b69801ef4afa7aaa1510870bd870374bdda67ca63ac191a6647548a0eb95cbfa2c82a5f794dae149494d1c3f9160cebb3fd48bfaff83c80b9ca3d2113babc29affee57138cc6acbac78b580374f106a8824830059db0ec102bd010eb25f0d218e0be8179d79f0813beb52a30f9350cbbbdb8cf578a204f0e8b6e09bb725d548a10d862c199b6660d77ff124bda1e04ef4aedd84d5597f6e564104fae92e2f7f5de5749ffd7b62e5cdbe3bfe2e3546dce2964a48df6c2a0889ca35275ef8338b18ed8bd5047dc00dbb4d965f43f6b38d98e8833741c60f0885fc7f8944219f952f5be25646564e09a0c0834e8a1b98704b5cdd76f20d8fc3e7882476984e879776b57d6b184edae3ef8393c6ef5b80101b534f354bcf4a1767b37a272195dd3c0bc977a0d5fe0ab2674934210742f24b17664f08adf65e604f4b0899d49d9db82e88b312fd74ecc56930b6a39e4ff23549723c6f099e0fef0306c7be152dff6eeb004c302299e89cee1ea69d481d4028320b39c3faadd31995e3fbb65c0e10d37f77b20196c571bfcbd76e, 1, '916-24-2955', '8143836907', 'nhoz@example.org', 'reyes06@example.net', '5267497341', 59, '1998-07-12', NULL, 4),
('25NS5411', 'Anita', NULL, 'Zapata', 'Bonilla', 0x388e8333baca723ec92926f381ab0454674f23477e1f0d8565dcfd9225a1ed673e032aec16214bb9079628746c0de34de3db8e9bcf887011c896850fa508cd1c1071db8a7179e5a6cc559f1d0e2bb9de7b2013da9597415d5d5cb49c4e5e2d8e690f2ea698146faadf777ed184690fbb5f2f388653db3050f4073b8a4664ad1fc50f68d9b17b33ed52d466233e931c9ea4369aea3d2b455f0588e16ba963f8be1e21bb337242fad0c95edda7fd4afa60f1e3a8bc276bc5277acd80d35e17b5937b2e36eb85d5d91029c630d4eeef951d9de59cd6b6a819c9ac98daa467da2e29880f73c78739cf1896692d8ada5b90f1311c77867deecaa1c59d512424e61a370d3beb7e112925d60134b59b561ce69357a0982f5d6d681fd5fe7dba7f6052627f6b270922e02a7afd5e1c220ec9c1b6438aa9fb20770c0d86018decbcfe886e9a6e2d0fccf64edc6440cbfe703057aed50fa758d9c36e883d5a5b412d4e51354c36eee21601398943264184d9fd89616ae90a1a6fbfc601c3472a3419cbd0f2c0af8f321285267ca29af8577a9b1116828dc448a155fa13ac2872aec59dd0e9139b5e0b50c71059af870f8452877b34c1b228de10d2f98111f3463e73f24d719ec8e39e7fb281a910027721303821f0e8633d54c404c7eab636c84a7a820686cd707f548c51bd72f6700bd4bfba739e1faa419b8b0803b43b85fa4be5860f77a24a3aa04b635ab23c23196cc33358bb4b53dd9e7b48983d3b0138d74eb0bbe44617fbc62ac2bf76ce9d234211b748afed50cdf17fbe110cb0499043c7185ca65cbe7f632c8bcbd259d1f9537c12cf7e9d8f25ae183fc074e90a30f182f6c4162b57d78f0db8416406c2aebdf504c7977f154e57106e0d96de43829e680e4c7108ce19a4737a4d1703046d8bbddfbe048a385ff115acabf056819816d426d13968e946558e246dd025962f83b66819984018273d2d8111641e43b32d2aa8bff6c1914fa11ae9eeb2640ab81ed4a7f93cd018aee2e9875f6288e857133a0813c7d8b3386d065cd5154b34947f1f92098084c1d75e1ec6a630ac40774ddf9207cbe48262bbc5d99547d3ce6bfdd1e28322942c8633e20c5c43ac6b083a74ad2736c58cbb46969f09a0e6fa35f44d65eb9584c855d7965265fdc4a57e6827db6a403e2ef0e7974ea331e576e4fca803f3a2d736cc6e83aa9bc5d276d0d9ba926aab44d3ab166e7572a0a12a7bb684941df5b2fb8c4865a7d88d0326df14aa82dcf21fcba92c7cd3e3d68b2c3c954bef2d27804a8e471ebbdd91318e1a79c3685aa9c4564199a90a5496bb59380d3880ffd62654a2abea3b2e89758c876b374d70c724e55d23ec88264589f816b2116685d48d3192b0a54aeb4a3e6813262a55eb9578af8a052922da32ec0e5895bceebe4fac0ba92052d9bae0dea24090b1a43402, 11, '844-15-0953', '1872657301', 'hfranco@example.net', 'qmorata@example.net', '3602357387', 193, '2003-06-17', '2005-11-03', 19),
('27LX6727', 'Vicenta', 'Hernando', 'Andres', 'Llorens', 0xa12008273c2b7c3b2b5be0255ea4dfce7129d6158b5fdac9e6cf1d6e6b677f9084db05d627ead21a09bc786d90de1200ced47377f968242782278cbca64cfc4c4eb1fddc99f5923954ba6767440c3570c214b448b0be3e367075d8ab7c1d9a7f214506b85cb21ccc73afbbd0c1e7ec3d5cf87bdccfbc92f8c994eca383703669f5765d99c1be972249ed49db2d0db10fcc4ebb6d45b5e2993e18fc0f39d3c55e232df2a6f2e7d4d33b07fb6943eaaeb871efb2a9f82c1821f69a7462b77a939d2b6a7bafa60e3a0205229421753e1f4079a022b657b7b359f2b49ee5da8a838bbc85b3106b16137ed1dc2aedd29dc7937a2cc6e6d831b758a65aaa09fcc3a5f2356ea194e131d4f3f8421ed94b02525fb5b8db0e141a39d212d28fd75d9a4618ff0ca66760dbea100c9e9c62347fcef81d4002c3dc9d401324baf924c52acb5d058f241c206610c6c874d2c1891f34d94f8aae51936a29e0be1a09fc26db6f2d506ee3a5a6b7d5134c79945ecc581bcf9c8ee79e0c27642912f4e140a30a4d7f17ef97d1be3be779f9c0c20b5a878ede4c364e72ffcf2ccad3d826f69aec547355053a3014d320e62f62171d9ab16c2915d2115e33fe014b13120b5a30a1cb747a2cad43d818acf6ff064cc20d3621a1287955fde97dd5a1cce54933e9a2a7f23c5dd35216d90f18eb215114ced73be3ec00f05c5b49d15ea715497e4e36a1c074ebe33665591e601fb31d48fcb7a19a567b33a1e8db62a1bba290360fd7cd8b00d35322a9fea81424f60c544da485992d13a461cad1adb25042c77ae5368460e74ced3b51eabf626d095d517a749dde9002273cf1ab79d34de05ef8b7e1ae2906d5b3242a4769d9253b9227e4a985b09e45202e606b0597a738fbf3aa5e93fd025d512ed38db43f6a6aaec4eb335ec03be3ecd89bf9acee6d8335b276b8becfc43f7240e5e4e7c50345951415747621990283be6a6062c133c48dc52afbda2b3a832d7cc44fe1a52c3715c8aadc1c9200743f1f5b9f5fe726a953c32302e98227d490bee013f801171c89966949d0f506469355ed8cdb3a111e0ef8fae6d20a2eedcee42a2783b46186f200ecfee10091f5f1ba7ec79555d3dd358e4728d3b502dfc00f2e001dc0006eccc9ac68ce339b50e4b943ca2f71088e6d602c39bacabce40e5f85b41fd4abe562c16154cb3c9fea33f0befb11ad59b0cdeb62816f0dceeecf5727c990d7a230c339c1050378b04f75c8319777ec36ea0d96f2cbb55c08ffd877abf541cf3ea4b2c65dffac8dd4033651a541df9f592a0e9ae52b95626c222327e63702df6744da2b8490f856e487428d054a3499fa264a5d58508224457bc03ad52952846c9a1f5fd792f981b17ea041f21516a2f69f5d0f21e28d7152cc5960a065fd40e4aaa4a0e7fa09503a0e56cfae00c5733dc05bfe874953f3, 6, '348-98-7242', '670981464', 'nsamper@example.com', 'cnoguera@example.net', '4391342659', 36, '1994-02-26', '1998-01-27', 23);
INSERT INTO `alumno` (`NoControl`, `PrimerNombre`, `SegundoNombre`, `ApellidoPaterno`, `ApellidoMaterno`, `Fotografia`, `Semestre`, `CURP`, `NSS`, `CorreoInstitucional`, `CorreoPersonal`, `NumeroContacto`, `CreditosAprobados`, `FechaIngreso`, `FechaEgreso`, `ID_Estatus_Estatus`) VALUES
('27ZU1389', 'Bernarda', NULL, 'Neira', 'Azcona', 0x52c3edda4013ce998de4ccde8c12b1ac25ead46477ac88a1ae26861a1ff0540ef5bbe9c77d1cc2252892076be7ff5d154df5f854b12015b5a96b11c903525e7b382f975dd3787af58999a1b1f7c9932662eae4858736f7c983d9d27cb8c60a00280c8f25ed6711cc8a7a8325c144ebdab13ded7359664ee78791ccb943574fb819a9ee4f0abb2bd4105ec36ed952ad1c1a28d7e66e6da5a91cf64a168343dc824fedae4fc2dffb9fd9ea46f91a85f0c1c28405e6ebb56664ee53d0e253e416168ea05b544ac9c1f7f3e57e2c958a4a26b2018602ebab26ed516e5c515f7d98d360973fa6f5ee26ccb2c56496446a0796c30de8b304d252b7cba5608dd64bc08937250ab878809ccf80a1daa5f7a455484d61728b3a533f1fdef053edfd1f522358d034318141bde125aab40ed3396adcbb93c91e76b3bc9ec4614c73df645906f6218c3c33ec8d3515357b9060f0d30589dfd887b5515369683931b41896bb60eece042f95e500b79cd0e36f87d9dc8dcc4f7fc46029b8102d2de0974d0bfc335dbcdb2c05ab7976160bca185e3e315f5d92678fed80b8b842b4977dea1f16fd5a9361192f77d50fd20c69f809925d43b68d2fa36de74bc6151ef1693f5f9e72947888b5455b7ef2feb2c312bb567136271c853c6eff2b3d0c713ab2ad5391774b77ac167dabf976e95e1d0e9112e8dca0e2afbb8a0663086960a37202adb377c1835f0978cc04731097163d25793776e85adaac81f93fa3dd738288a2026fe1512f69a070546ce6345a2d5dc11355f922a6f5540a496afa1ec201d1f26910303fc798e650c8a2c8079e82b3f8b7a85eb73c0fe47f6d734630164e058ad3eb7f6254462c1a7ab54154c02ae3801c19edef06fcabbdef2063df0db7c159ebc77e74b826b27d85d564727b44917865d78f64e49e5b8400ad46d2b77cf125fc464ebfd6ed7afbcb7044064c870dd7c8042c5e57308557967deb2ff67f578e6f6feb6b64ebd9955eee07d36e388ac47def4795ceef68bd8774a7801121b716b67e5ff033df5ad6b3199344dc313192cab6c71d68f1df00b09f5f3b0786c46e446e36d8c9250a04c879a8d92a3a2ca9d4471d0286d01b7b103a1ffee91accfacb79b8a7e3417513d2dcfe6d7767f6f143ca63aa54c285967c7a53a1851e1ede7a5f07ba18c58d520b4cf168b0e57551d694ec5bf9e82170baf55f1dec78055865b21f946803d1bce9bef8742690b2e559bfa1b4f9348192e465409aa02b630ba931575e3699534616b276775f102bb764722f78e9778865edeea4be8c49ea4a30a225d5b6b83b3fb8084467e7d94ad0cccbfaac794065d30c35c9605ccc01892b3461399bbcd0340b56f3b2dc61e98cd66107409050c4e45c2956ef1327dbb0b5ee2ec611937132ae6e410f8c575fc24d1213b176774ce29bb5a7d9b37cfe852eee11, 4, '246-15-7651', '9917775894', 'aracelimarquez@example.net', 'rosendoborrego@example.com', '9338207655', 168, '1996-04-11', NULL, 17),
('28IR2408', 'Maura', 'Guadalupe', 'Heras', 'Gomila', 0xe6e0965528f18851d4dcf781fd83ffc83f30caa8df6c5f0afc0af953e715d783e8b714e236ab4c0e065b3dba659a9a66b4e6c7b587ca1d9a7c755c868fad77d58a8382a4ccbc0a21e79ded9872992f0621dc798b7e6a01a138a889149c113c4e503f0570df59f1b282799aecd3024c747ec97fea7673ba835f78a3b48f84b0ed2655c08a3e14ef9bd1d09c849d702aff31852f9a7a7256fbe69fe2a7e4c83981e7745d58b79063351f1c0df8bb3b338d068fba853de2143e00ed22b49663bfec8d37aa583344831e26a82197250888a4113a6a8738b572455529d67faadb37dc22f8690ef6766b2a0854656d8ccf360da76ab10a6bd2acf6a5814bec8d4001acf4d0ef14a0bf364f841f45fbbb503df0eecaa25214b22d39361e0d4f8aa66c068f17caf0a171c85fbe6d43dd9fb728103d626c8b55491738745f54e940765887da47dbf74549fb94b48acf6e90a13d0445cc1ed09b6dd9c5db57595a2f776468f1c43917af6c9531b4bf6f98151e085f377d53f0efc5c28c9b2ede38fd53d84e22f2bcd974029b99ce19eaeac0995e0d88bd35a0a3303625771b7ac0fa588de4e1ca19f1b17653f81e59875588eaa566d2ee27329828542805ad6f146b8d8dbe686005987be07e7123bcca387355372ef9e2fad063aa1e0b650d6f48760088ab701b17a846221c1af8d48f4a91709deacc92a404967eafd7118b6553d358c02b4c53572d7c8ce24833196bca07db4fa982cb51a71fb2a0e112522d7731ab1e22c7ace4e8ada624363f0b94b1fe0533865ccd047bf1d0bb74121098cc6559a68126b9d5ab37a0a5ded9b558cb2f8631955699c376abb7d19af06506dac14a37bcacf248f2d4e5f81e4632924b3590cd0cc65b346c06e421e6d0480056f590d9482a4cbdc41a3eb8ed9e4e14033ae264760868897bbbc2c3f160f9aaeb6418df1534605f991f4ed4568859f53e5d4990f3f9707bc56ab6685f2bb198c9c34c0324cdda642b27c4b27d4228d5735203e8fb6cac3b4ffcffee22665f896c12b2487f98a2c3824c102ed3e5c07f28490b15a8f220b9b1166d57850fca81936404f88b865c2ca5fc26d83a894cc6dc796160e3c4dbb78081007a3c227dc78cbd4acaf463b27753b44b095f74e689cd67549e6ac3a2800d73d49ccf0b887d91e59781bd15f973de59aceb9578dffafae8935c7daa0b2162eff4663c0e5fa4b5e404bf3074e2779e09f543190436dc04fd663af3734a8798b80813ff2f09bdc8f890c3c2c50325149d4f45661d6549234fbc0a11519a6c2275b1b94330bd0182a6a136ef3935ce704454beec35c9570daf00e4ee8d34821604c2fb03e02373fbbbe56a7bffa87cad25a4ace239ee4fe8c48163d18f377ce1810bf95530d34071ab21525c20e05ae118a6d3603740c52afb4fc8d07c9678abc842f0980ac40d0011d2afac, 10, '826-69-8215', '1956094884', 'diegomarino@example.com', 'amogerman@example.net', '5119109506', 118, '2019-07-22', NULL, 10),
('29LY5279', 'Juana', NULL, 'Solís', 'Poza', 0x086404fefb849c93bbee2b40fb2f4be05d3b2ff4ed08b80911ad53d1e04d11eae448b893eca50cd4ad22df408ed04c1421130e4c02c67bd18413eaaa5ac38d23fa8b21396a6afdf9ae261c3f272094add6c8bf4771505324549a10da7093da7d016efda3924096fc7476826e4cbc3e5f17e77f91a98c175357855ba8ed88ba88b59554b5b89704f0289f3933488df0bdca8f33204ad5a910c03596eda27a9c122b8b8cbef63d96bcc0adfbf94a93b69f7e6ed30da2784ff4d7efbc2939c72950f71a1091ede62d14790d641215d09e90c00257a4704821fc90f25f523d9c4ec5e6451506b93f055050eb1c04573b7c52011e1dab6e2011f38cae6b338281fb1980c48a2baebb8af96a6ab1368e8251ce8b219db55cc2932e886d833938733a004c2ae5f930fe36315f543d4f9d6ce38e4816b4bd883b8e0161a664e771ea54f43bb74bfdaab5f0e3b3f9353a560b9dfe3b7fd6ffa68ec45e6f49e85b2f82d3c9a435e11c5102bee19165cf717ef350e71f1ad1bdc86f5b32024b4cd74d27c3d7dbadbef03e217c8c03f81391f8ef4ff0848daa2d1b640f9a59298efee52f26288961e9f77039c7e070ec4ae7741b5813240407af3a68fa5f14566d6ad2ff10d997fd6757c28c0cd3caef384be0fff6f8d5541513976b16d736ecae22d5058cb1977fa657d16a2ccd00130d067457c1a2fbf7e506c48a6126dd8b501c7387c27e054412eff8ef0b3e0bec823f1cbd01657e51fca341d7050c9170444b7ddda3919ddf21fb46f9e486b30211934faae718b33c67af43ea1a194b5a1b66a71000ab5a9f83d328d5e6363131fc2d745adce893e385d622bb6a1b8f705737ff4ef38fb044fb50c574bfc7c8c83e0bc112497a18865e3310a290fae2c8a336a226d3944da433c62a49e1bb0823d07ad8151eecbe3ee930fd97c822b21033e5af6951b81814b83c6c63c36710675cfdf14ff3d8ebedf813fb7dbedf28639235f687c762fa28ddb77f8d24a478728b8b710c927c192132e8a0ea12e3260961da0e137d4cf26dcca71074d3a0943245858ad80b66755555e1c7557986a3f89e8280b27b42c259bcc06fd7fba839617ffb6ccc7ffca909ceaedd5eaee482904101d94ce8b5093c8a7f0ad2bfeab0e2b9c290e9e52c51b53e64d7a4f64c60d5cf5774d5316a1a6c8ae97f38f2a28959ba75bb213cd269711949b8b6888892f38e9971664c5db51ca55fe89607b635368c325c4f85a39e8da9aa74128b718033f6ee195124230dc3fab458e0f52ba3fa098d8ec91db04846b86b5fef60a0e2f5fdc91ed76d3b26c92f37cafa61bb33b853bdfd22b15153e85a008d9b3ca977c2444acad5e52472abdcf20938ca13b20c0ae060ee91df8c9a867cc73db7f54e3a0be581b7c318936b9458f6cf5c7385d00306a810c074a31f1cc67eaf00ab14a6e9a733c77b2f, 2, '614-07-3714', '5151875529', 'primitiva93@example.org', 'aalcantara@example.net', '6775765012', 88, '2021-10-12', '2024-01-28', 29),
('30HA9209', 'Rosario', NULL, 'Verdejo', 'Moreno', 0xcc7d272b16507e646369854cb80bc56821ae9c88dac6e2f1a80e00fac38addf5698e1a0605ea614f5ca30b15f0d8019fcd8a9933781e4e11534f1db2456ee755ab9409e50e08551eab968669382e7bc62962581bedaa2773bd7b45c82ea00e46cea354a87f74340d254f45b353b57bbd08bdc82d9686bf383202797debc4663d5bd256e243a87101a2144c7831df3c63ef6b9ca8a085e1263d99d3f84cb3f07d5112af0c2102f9c060f95a614a6929ed6c6059e5fab6924c6a2538a60279eb4e1a2cb88db10774f5e8ecae1bfa98ed35610a205dcd63218f8e0188bb4ea68ef5be24d58b7a52116e040012b4143b7c9e087e58ee59d7492a6218763a8e8ac955869a214c8aa1a46e6e116a99119c10f17838c0a5a6339b2ccf0210d779f79f8b7037787dbc23764a8b3b981085ad4165e296e89ec7375fbcdf9ba15c22050c3ef74c1f74832a6a4ff1d4febb4ed70bae88046c00c2ad5b9743e149e2d3ca76535d331b5d664d05fab3ba49944b969861f312016026fbc488ea6294733d19c056d4cbacf15693554a4315684b7bd904c7fef2c6203cfcbb645a7e0b018416ab9cd717aad16686203571b3cde0e538a40d518fefef80607b39c674beaf743a37889b8380727366b04494038620ef2f58dae4c0f9a3062b12ecd7b1351bfbac1d8a8a71273c61edb392c2b189793aeeabd97643ff43c99e1ff5551ad152cc1bab151c727dd06c1dad08a380cfef3af9efba6551a5c47f53860df98aea124715c9a8524838c088eee9e2dafef5d1c1873caeb7b650313bb3e6bc61aaecf172869b69fb83eb490c45da8698ebc70f58dbaead382b6f7283fdaa26fa54937353ceffc3d55218b3ae8a64790b5b588e4ce8d8ebb86d9fd77e2ca6726fa5a0810ae59776f1edd5e82a1e4c12186d03b05cb35ea28f72f1a9acf236ef18e19d125bb4052ca29aa81a2aca22ed8c8bebeece8ccf01e58c7f94bdde199980967dbcbe43f6f2d47c8abb0f8202d28e678cd79da0fdb042179191f16d4fb1b0ba02d7b42e6d69129afc3f0a613adfeac99c2b3efb6d9eff9a7ffc9b10a78e21caba1b14281dfdd6aca25586de1ddfaf6d31ca1d59c51800bcb772e5bdc9cd8a1b0b4a4f0bd228071990d887476fff9876eaaf3c20fa93655c3cbf6c09946a3641161a7e0479c465767af3d445c4b6e5c1edd464eb21779f6f578cb79de557b1ce12540126446163eb1c5822978d47cc76826c0d53f6746fbe6b4d972cdce276c02dc6ab22f242045609101a51921472fdb09c64b7e1c551ca1bbc2b767427cbd8f23634306648ec4fc7cedfb66c484d7def1fd600a0be3f427686327cb3d750c0ad941322b26c69dae1664a471ef75a4eec611d4ed1eb7393bea502acc2984beeb8ac078972c8c6ac1c68ae7683c40462ee9e97acaf2c7145f91f7c4a26febab688cb3cccdb88, 6, '465-37-2117', '8024608615', 'ohuguet@example.com', 'jovejulia@example.net', '7939735400', 45, '2006-10-24', '2022-06-20', 15),
('31OZ9989', 'Begoña', NULL, 'Torre', 'Garcia', 0xebaa68a662b4db026e0200d4cf731838300547603d72099fce84e0ff2d25874870334bf7b309111845b3635e4cfe9f980c8ab608fb58896ce12645eb5f038b86ab10d4a3a1016d206d03200ea224cefbb735615c4e3e7ce0881a5914b8ee2f74f188f1cca65bff7bebbce6d0338851178c9320ceded3567365835a4217012c82609ab2808de642726389d9b4bc24cf4306addef79c79262f49eeefde89f94d64f45f413881a1775fb6e22a8d76457d28db44af81489d0a5b84da1ad023a5f255cd305621461b854d3f64dea4c59e796fa374974befb86bd72bb16cda4bc6418c5de6a268fc69e8a968519987d10000d868ca6ea49e7a1d7110056c09567e5b11e5d79ed003d74b238665c5c1acb749e69309762016439e4c752c882188957cc0804eb03dee71143859628584212a2aa5ce32a3ca62862c54f6ef2207479cb794dc45284b568ea4f741d5ecafc7d74d9b552e9160322934ea583f71fcb23f1ba65d9e52caefa8dbaa5706f39192aba34b84f8712c6a27c7137426332a19dc9ab59ad90cf105af3a9725b731c5534c65899e99abd4be0b79ca52967be73a15f543e90ea739ab0deb7375a8b551e42ff9c0359acf5493f6a1a45a235760243c0fe82a174605b664edbe5cfd6bc5a9b6ee8955e659d1bdeb1259277369fd375213b99996090a4a2c5e3422787891b51e9bd9148b68d24ef6b63bd2b413aff9f6d2b887da80afee9a73e75ebc479c8327f08af3e004084fb0fe42c12330bd96d355cfc732801c2eb22ab86dfb024e6b7f41c20e4f2f98f3eb569b81ffe1db959ef97362812bd0e62325887f97057e21c31eef083d01ab40c7ab108460096c1d71608f2238f49a9e4341d1e1528964859b1a7d1b0f2b2dd057e320cb612e5ebd7545480900a949e0e1fcd5efd3eed45c74a13f64602525a1a7685523090daf1e03f4f33cfeb54ff5806e5ab125f47949166b96f0fd587ac753d038f1cfcea43c36f340232d096d39069f153fae0c6e7263ef83156045f61a5930c668d68a14f45971c36c348163c5d4344c711fd935292755521b404122244bd2df2ddc363108a2daf09bfa1c264070671ac6b63eed24fc48d25657aaa659b7976c59fbc257af9f4cc4e2451b3cd7ca568bcddf08d72fb027ae18630f42c0f20b02e2a8ca1611330a724bb79e9301f0473a3d18c8821d0468c661f8989fed8bb25c26fcf7f8dbb89f7cf6ee2bb245465df1a236418167d6ae374a54ddfaf1414418b21ed9d982ab7eedefe8f771f7be5de772b70135ebd3996dbeba021afe220796679f3635ffb37abf752941bc7d67a6a9ab01f56808372b023460a00a6b5e3299ce1e667dc4cff35fb51ca705d123f0bdf10287bb53818ef839e7c118ba87194fe10b0e38162f6650953f53e2ebef08d18fa5d86637f4a7e67e15aa2b611bac5f33ea530d36bca41e, 12, '266-10-8270', '1246017057', 'rayaaurelio@example.org', 'lucianovalencia@example.com', '9663995058', 68, '2010-03-29', '2012-08-05', 25),
('31RC5702', 'Oriana', 'Nilda', 'Feliu', 'Mariscal', 0x86d98d182c8924ff8e7b81e7d0d96a31edc75c12edd20e959ddf00841761e77b1718866f2799aecea3d1aa88bcd042adb5b08cd4bf177080234f6e11d26dd2292d1b65f23a7cabf73a53e1e3525876b413a8c2f2a450dc155af6eb427a7e12485b4cb0425d81a8b5f2d69d9233a7d8af95d5125a0fdc529eba5769e22b8b3e3e651540669046980d6a75743e4f56936705b53c4c38faa7dbf245b18dbd896b38ffae2325da79abd77a6457ae6ee7f11ea808e3c8366b0d12fe09f4c5e3b8a62a1b0fa4be9ce3c09861dfd8544e195b4b5a06f33a402fe324e5ff17850568865a6f366ff9d1ce2ecd73d7059e24e8a1f067c72aa6089fad46749667d70db27e9073b7bc7fa75dafd85c5aeea850f0db43fa9f5567cbe970542083592f0db1830fd1f0617a17b0d238e1d1c3fcd1351a8f2c0e3dae14ed3b91d0f6168403fdc605deed5258e1005b3b066eeda3785dd09de0fcac767bcdef28038b2cc24053b1ab4411537cc7404ff6cd1cffa0017e37f03a8c39ef55af91eb2e28dbbf02f0bccb3b309d3d84d73906a5e82d1a0f8d65ecbe264fc2b58a69da45211d387cc426d62699daec288560d5f554fefb36158c50d527f5db2c51d3841205113e1607908f6e71b2b205685670149f9705fc6a07028932c7fb7da0ffe49cb2ea14605ef8983b0a6e3abcf906193524d727edb800363ab09ec4543a21e90e55df406ad549cd1d2f7f8860559c7334191ddafbec676054d77653cb68ba37b6f789e9a5d44a2ca28f4be3f722c50b47dc3a11f8bfd711af350ec7abf6878c9a5026d36e6bccd27f2dbe57a638e7392722aba35b8599d227f3b446046c02a5ab0644e3ea5ab23b2d2aa02cb108384fac2abab9c6c03fe9221a76394779cd1bb01ad3c56314c56087f6c4ef647168460ebe069bb8766b9cb70d0848e428e1a1cbd733c208078242a5c851e9f6ec7419bad4934406b50132324ded57880e3aae348d125659537093ca9c8449c520b6d3757532a101c70a40ae9235fca486fca88c3f653150180288cabd73ad9518504bda9b2141b138109cb91c98ac354a6162352f3c94fef552a243d7333de89997f49f14bb2c47b90aa1ab8b0d2937eed50ba676fcf9be272dc77a941d0a5ccbf83f625e3ba2a4296560f44ae8adc015be9f1652996332c5c9b56a288cd288b5b4b4ec53f7afb74d0999988c8815d13e84f3e94fc28a903b3c4b0abb55d5b087fc1e76d3d140cfa5ee4b90f9f4110d7c6714e8015c1596446e3d0191ce08bd2417302e3c66c04846c593719d219f0ea394d6d97027c4080beda5d6c615da6bb73e55b7a3750697d203e55523c7ea1c8f0ce10142dfb47b92b92de36058b1995c938b4afefb2f51ac238d552f6524b29b77b0611d5d6fbdc98a640cbe1b3b9afe37b1ba3194a3254366f40d76f4b6f57a9d8d8fceb968f12cacb4, 8, '584-08-4946', '7400646515', 'zmaestre@example.net', 'cristobal50@example.net', '9463058275', 157, '2023-04-23', NULL, 8),
('32CH7787', 'Leticia', 'Saturnina', 'Pomares', 'Lumbreras', 0xe573ae1e629035417f5b498dafbb005142e90d45951b186440eca82020085b1d0bd5f710f54e64d93376f42942d589a7c4bc531eb9529f72fe0fabb826b55c96abb9c30e1265c8e465738502b26070718c7dcb0360248c5d498346e4882c3161e9c0fb69dbe95d19c7e1efbda2f32288b442b4f3333ee47898160fe651dbba154e377ef286e04d478cea75548d64ff2bcf628a4ddf018058d043d3b7b6f517d3b0b1730a6ad511139a8d63c628e11ee00e7a9fb66506600b68eaf308a38ba3cffeb986c03b4d498dc8e26e3f1752578358222f0730a61016eb499f8ac10e0e07df054240d4704e47ed9a3a35d6d80b0fec1963c8a9e5ea60118c7cbf9c9a671c984f89af963778ba4125ac8752b5032795639dbdbe00a3d6f0906c1d05b322024a480fd3bb3f763b393c83bacecf6ec0a5621537a5a54bfb0fd42ec81ccafcf964c3dafd30a0882d29e27989218811044cef25752cc6c4accef757d43025b25f4c0fb228a3bbe02346d5c1e7dd02845de927b22ee333cfee6f2cccef0e61d75fd101a3f916d98f61d55304b36967749493863e27fa03cf7cab5311cf26cac9aa0025fa44192862df924cc0cbe6ac61ba7436c21324aed3ff00a2372ba6323727c172c0494eee8353ccac243079a1cb130af8f0579e86acb1a4ed5f7b2a5ca70f903afca14459e7349fc406d70e5e214876d5133ecb699710733a2c0db0e4d96308321fb66bbac7f23b95ce4af4845fb01e1e0c55ffcb0fb48644d6c66ee41e798e1abb31a0ba6743d53abbe04afe5f31afc36dbde4c6d52dd08c1a2bd5dfe01e9d6d73da22e584416fa84cc969b6824f56760f2ffd3a7bae5b201b65de24708ab99bbe077eac6aa36f733996f8992f9daa3ea67256f6173ee03ceb91d4f1740234fd6c2c2f10de580d0342baf674c2d2a20d6c6c4114c48986321dbfbd0618fbc53b6122664ee0b0756f00acadd11a98936b5de2cb5d4f8d7d49ebc308ea1406d223aeae2e44fdccad6e8df8338bfd4b1a03f77066886cf5833dc28a56170e365ba82b6d59f839c439715f671b0d36b57f5dd13107df6e8a55fa8e55baeb45489f6f25e18f1fad9154a538e95abe1814183c35e00e7f329017609108bef3721b0aad7057f724e3612a25ccece4113e2177af01086d534dada1199069700d24afdc549d68b18ae38668d03862f504c5f44515831d7f662dcd4007bbd2307249178e4ffc4074e17fec79b8e1dea3bb823dd44910dbf13802c9333af2919b8bbb5b6b399381178d599e2a7efbcfe38dca6267881e2468c6d5cc81095809d7f862594fe3d2d1019a2412a6d1943d9eb0f2f93a8d7ef36cbaccef159acebcf316a21d86ce696150d0d2cfc6aef7d74644f268a7508e1501e0af38f0938417ea2b232ab4044ea477514718b218154fb005709a42c3637a483312bfea0c3acb2e8e5402, 3, '630-73-4845', '7912194633', 'romavirgilio@example.org', 'florenciosarabia@example.net', '1205892954', 82, '1994-06-27', NULL, 19),
('32GT2424', 'Geraldo', NULL, 'Marquez', 'Bou', 0x77f85b37d04b6dec6dc6f87ec23cc89d265236d1c511d223263c8cb1c70f4192e935de4fb5cae30a0057033df0012f44fa02cfbd119a80ba411091c3ecce3f7580c9fc55ae9ca00b49a65d106e4a32efdff88cb84132cabdc010362f626d8ff12e8cdfa960f6e4a585a074e4b0b5032624d6a6aa740e647354208a2edb2313f25f37b3d0a4ea2e8a5c58fb8266fbd516142c1cd40c3892afe9351f71903640028830fadc4f39a54de24cd8a1912d101025a49323a1bc21c76dac0d932d209150b2ec9a0df5ff7e64c20e3be775c17ca7a7aefeb0f81b9654d5ec09379a9ca058043af2c53a7345c13be1fb38d2280e9d9a777b501fc6ccf293a08e47e26c709b484fc1d765d8cf5ca6cb9545740a44aaa01dad4a666c2d81e408f3de359919331caf2b2c4cc002e682fe64cad97d57da5e4ac4df18936868e49eaa28c576cc825d3519ecc7c14b9a7c6b81b9c19a7ed590452792296a5b8491206de358dabed48ad0ddd9d72a786b0e08fe8e2e9670927ade4f8d2bf5ea958d8f384b1a713b79755833ac44024ccad4e907be3e2f3b3fe2ba6f864a5904966f402ea7f0e9e29d42f537157106b757f324f36e74fcc4d1a0db09b0d7e6c313795ca7535a3eec298e9c112827d84ec43b09835d8f81a54cfee30e64938d98e4888326bcead75cfae6cf0eb7ae6aa00da66c37329e8fdc9ce5211b26077216ce4d903c08ed0b0ddd064a61bdadf788f7bd38d9a533cc2d9ddce9aa1c9929fb2594235de44c49e8cdb16902161cade14dc4822aab61edac3f9ed570dc70a76f29c77c1c84f09234d498ff922c663c2e9cd7fa2907ccbe1fae8587b91e0639833d4e30194849179dcb0ec092802412b4a0f1a70e372bc37e983b66e786cf8143416cd49b3103f4079c0dae5b8e7f43a097d9d91998c79eeb904a877ea52c79f4d5ad6d2e88c0b77f4b5c2913ff2cee7a9fe1f8362000d77266ec2d211118bcb78c2c4c4ff52023ec174ac03a4efc24249018e55b7359937d15e7e18be12872ce5f549c629239252d30b93db5252f74511a01f9c6174fd15dee5ae65a272b660de4382dad690ee92d996b976f7edd42d3136213c3a696ec6ccbef537c0fa7cee0ef948aa4c515e0d12ce91c3740b51b648bbf0892ff34e8d734af705aa0e7c940e8ceeb20f99603504920a3bd06da2e9e476442f23f784a5eb5b6c5add29f9452d80ba7a00088835974175a62384805afd98b9c7eb7c1043fdb9d6ca369cf510669413bdc16e46bfac7add44a8659f38b15b684b5887510b421c8168f42fae14a7af4eaf3091fe41ea220e6438069a29bf066ed4c6a1c45bd0128ec64b95c0ba6d9d058b414872480d898fdfd7a1fca4ccea3a96f5c0c9c20fd459cd5039e837155dd032e08786e705ece9595956e8455e4b251d84c573f8916f7f0d34ac0a9470ee0f4f62345128eb7, 12, '978-85-0680', '5302185494', 'catalaesmeralda@example.net', 'amandauria@example.net', '9117956794', 90, '2019-04-05', NULL, 21),
('33QB2164', 'David', NULL, 'Vallés', 'Dominguez', 0x3cce801db9b8db6163b67f6942e57487c477aee4842f160c8ec8d68a9f8286724622ebb87b9a910631d66d1f495de027b78b2ed4d802434ea1a1c1331559000f65ae63af205f232ee46cd65718fa808a9a704b0b05f7c9ea679bcbb574508a7e1f4d93ec79122efff1c9ad11a8e1f51ac00b6efdf1db58479d061032edd4c629e1cd12c582ed07951f72781d18362d59cfaa4fe65dbe19dba736dda73782a8d2a6864bc890dffada851fd0cbfaadf56f95d70f173aec5d7059a9f79f8773195a3c69957218dc12d5c49c83002c32ad6f40e54b3a0e51e309c2cf2084c3f47e4be46966988daeae5f4d0238e9545efe254a85f4aa07534c73f80cd1af1210fabc44b19ef2d7102048833616946d8545c4526e1aed3e0e449ee0fd0fd74a59eb34749bf319eedcbd46c5e25359a611d5432bce5928988bf7a6dff85f15fea293cf1a17d5a12d0f3dfc2736d3799572191ca3450dd68c00b460653d1b1487ae85a0e3b4043776be560f58847f43858d32cd5d92bad65ea754881873b70a962c7a82115c3bc65dcf147d45fcae25f1ce0b0c3031cb89038acb542845b375394e70613e4e9b2c6b16d9a01aa3623e6bfef01cb369da69bcd2f5c4999e6e0ec1f4efddd4e1a5b0823f54fab6dfd44c904a31e86f1716512a5833965df0fd7dd02fc97509d7117cae9ea59733897d0346277d20c02da02ff2b6aef20cbf6c460b78db4bdb6ccf8b8ec1d04a9a2dfe5b08b44cb517841e75e184ee96b3f6bf08f0401de4fc119a4a0a9c3064738098e8adf436192008fcce5c9efea29a4f8122ac93bbf80569363c5cdaba0839d6ab8be9aa721ad443e73e353bf0924d7def1497397658399899aacdbb2ec51adb364e3a22bfdf9f68c8755f57bfc011f9e3e74fea0268b4c227d7716d53cce60affcbf554a9360643738f1ca4caf5f44de3f83bab9b7f99cf0eb21336d8f14e7990388c3e5cf74a91be56537a1fb329d93646b6d872fbcea519702761666c64b95cc3df39bc3a56b8ace6c667896090552c71df9d1cd8f0fea3323eea7428e62a65d6aaaa9588f2f4b3a935a1798ae24cb2c282ccb1d00c323f722454ea116436edb03223bf0e878858e678a97227c8cbe728b80b3452836a13446e78b5cb3fa72a84cbd7182ed757a7cc7d24615e94ae4a21446c8b1fd29a70c25b4eb9dcff02b92c5602bdeba974e36500b7667382a18fc8b6d88f4fb2b498b4f72818cbccfddfb4191a8f3bc69e820ed97a53c7ad325f33340c00b824ac31afcb4c652b72f7b96fa26c3056f381cff5a7ad53b087f9e97aa8fedc6113a6407fa41efb4b624c8e7fd221d3f62074e474880b205541693a8855441e6b7440556c198f78e77d41ca2c6c075a6ddee22f731a846546f046a4580ada6250456543bd49a6d93b25b55909a656c574209730f8f350098c940812209ed68a96, 6, '025-16-0733', '968553615', 'elodia60@example.net', 'galo34@example.org', '3435564873', 90, '1997-08-08', NULL, 15),
('34EF1483', 'Salud', 'Salvador', 'Exposito', 'Planas', 0xe9b0d39dee807ee601ab9195a0df5938c7dfd601894f4b6fdc7852a8239a7ce9d1f28aa7953b72170fbfed66dd105074193c07eabda7628381daf1efbd83a7afcbc3f08f8fa393488361b4aa865d589dd1f066eadf07b88633c891fe3ed67ad9982ef7a8677ce20a3314a1af39148803baa49fac2a3b07e6869fb21ef3af9b7c1d71d4b75f863e6d1ea1116e1809f8afae46616feea83a739ce0a72f6141d996f377b2a99554d1c89e1cbeb8cdd4cac856fabe5ce2b4d3bb2a58034d5ed1d5ebea5efcb38d5c388a3d6d4ee110e19cbc633738f5a173b0dc0a11c84865f9d3f35bee066387e49e5eb82ae52442a85abddf71054714b70baa1fa7b74039fbe741bfe97da11f5c69e689428c41d19ef921c13b62b5352b9a4d7fc3be97f09a5103ca7cb4107381b95cb6df47ed44fbe0d88b14d70f0c1add05d00acc6293ca04397789ed121c6a9970d5a44f2a8bd63446a0c487ec62f2935097e094b0603d84ef539b34bcff2b2a0e93ab8318982e7c66f100e80fbe90e70ceb02c16b1c58a9ab3939d17ca3278ad43bb395e47cfdaf9a376e352826449853c0e16033574de197211f64b1b3514b8cd3cc99e224d5c38a8d575cc746908e878dbda47498e7f3e43ba480badc614de19fd1505c52fea4c03de44c704d013d2128aea6763ced1c46620de1ca68cbbd3f4757f11d7f3725fe3ec6a79ba9f06306a382457a8b185b52d03dfb55d4e558c6eba43e30dc5f1f5f02f718b6de106d47324285e4e95ae05edc8d03730452731475cb181dc22348fa65f678052016874e1bcc2b8d79b2fee90d0ccc870f9f7b5116746d0aea362271cb4441e787e12acae5869fef40e8aa88b7948d97f8df4fee84cde48ced377184703c0e362b80ff58bccc8047f08da9422bc39d1a35438f82ab7d60891a9a515bbd010d0e5c70e5903820685bd55fad40cd54198a3e426c221a4882c529d2ba06b7a2887c5adbee4f19fd6037d87d59d41bd8db308dffb386f7f58b5023cb716ae813716402cee897bec7aed144a3188cf9550ca1f7d439b99a5a8e9c48a54f48f9868d463e33da2eff46adc58763714b6f760667ece7db2b0f4f85ca534d4bdd7d29ad6faed8696b06e3f649cb49698938ad809f8a2a14999e09d1f930f449e04a4cb0b0d87e662e49d1f39b44a509c9187096108fc9fa9fa6a33a712fe3b5ffd6541fcb64459297e693b0fde0d053b4bd6e75a9e937e01dc618e8415039e8c43588ffc283c9bd451e948819177ac8f1f12ea23504543837c312539ee99010cb2f959c4ce7f0efa0dd0c2d8403c4283c72e229360abfcf464109b7cff6becd7f45c1dabd1c3c6ae3d10fbbc0b577906b7cb19e43eed7254273ee6dde257e9340b25c5033d582a01a2350aa5b637c42fd544d5780d157df2fcc18c104b741bad7de5b1d0956cfa8ba667efa90bbbf895b, 1, '706-12-5281', '6839430649', 'remigiorocha@example.com', 'wamador@example.com', '6321918592', 26, '2004-11-11', NULL, 30),
('34HX2371', 'Lalo', 'Marco', 'Girón', 'Sainz', 0xabecec874e3602e7c0db70e097e4cc6292953dd05c45ef97cd1c3ae9273b555b64edcaf34131cc78c728a967491b4d34a2c649926156e0fa22251355ecda00f1f40c7b0d112273eaf2cfcf3bc48ea7825091f9c5882e805a4bf0b9ce34b61919b9f4b712b03d76161cc4aa60120c7625e3f6e68d6eabe2a489c5bb71deae9a90969f6e58cec3cbdec40f27bd039b40733746d9b4d15126b5c025d7bd4394348e5e336e90f7aed0ab08d0fa1917ce3b0eb58b8c46146223d12d211555ff8393334acb533358bf3c5d9dda8a11c68c51cad2f01b4da52208fbaae5660b3fdd9b4773a52c40f6a6823a8346be0f980202160ee988e7213d031157d33d39a39c9cf1e2f673a8c19ff5b500efd689fe1383f116d3f91101a8949ec4a8397bd4e1d74eb8d07d075520d4f09ec710d79dd39b204e595e5a0eb14da99223435edfe2db723c44438823e0a8c8c7e8d9b41558e238566609f515c52de6f7215abffdedd7edeb293d89022874c0ac2cfc025e323924aec214f1d782727def93f9dd90622cb035aeb32721463b5858e4ec50039b9c38fad5c5ef2d3a858e377dc3cc08626d2b102a0b6c8d2aab67ee34ccec3b2fe631850676ae5b6be5230364f9b1834b91abe3bfb377f7e91b69fbfda81250d6f92b9c2469c398c63dad0a6fc459bc4a7be51d75b810f5ce131eb200b355ce217476a70b8a6d84592a5a7756a2c6ea38672e6c54c73ef4dbf4ce575e48f41ce418f6c3e461ca004e647a720199a338c4098d6cc7a59de5199194e42d8f09245e985afe8536732eebbe16f37b0a004feb9d44405156797c337bb1cb03c9843153e2a067160dc8b6ed9f5fcb74b4ec3188b82952fada87750727d6519feddc1f8e700b16c0354694eaf6da980e6ffc88cbe93529998102c49318b6146f9b6849c7205fbcba346ef85c052622ae78bdec1a80c574f6517f22a9acfb258f32454e0e2f3e48566c09addc0b18a8871dead5d4e8a0c265fb7cd178c6872f8320a2b16f68522abe6ac075e56cedb7d9cf616d5260e51e38f51b5650498bb1f670563f93e10b655b49e4449d9ba4e4bfe4080b029f151df52d353e10a8b61a3726ce66ab30c0cdcae4afe7f0854161697d8f29834d12b84d3093e998bc79e0a2056ef330d9d1aa194f35e0ad465d3eea00c160c7f07e76c1b80b82c36b28a4896fea24697c71b2943fbb822fe2d1ddad9b01afb643ca96708245dee3a9526934de3b1ef7cf38189f6a56c9f9d4960d8d212ace2721ef07b96bb464a76dc78f783677479b48de0ccee40fb29fb43be5e9f168a33e203fa44de64c1719f6e5172c84c85bddfa03e5f62879a9cf4eb3a2c75d205aa1ce0ef46fc15b49f6751a94d9654560b7963a971198c5bb0df94af13b4f85d738d570d341f9aa74d6d27fbc5880295bf45351ca59fe487e4d6110f29fbcf18f57d8f1, 11, '328-08-9007', '4155159236', 'alejandra06@example.org', 'jordan74@example.net', '84033947', 161, '2023-07-06', '2024-01-23', 29),
('34MC4909', 'Mohamed', NULL, 'Cabrero', 'Vara', 0x3a1cd1e396f1c9ab14e14e9df93fab34a5c58badd676bd999f30e6a3c56c9bb015ed91cc7051949acc5de202810df6877e10f17533c3e7b601d21dff062657e3e3f81eb1d44c2e3ecbae4c106b4221ace18a9a0110a0cb5a292c805856e1148ffcf480c254f52faff014afe40e792affd10e43e0b4481fe7eb534dea1d941f465dc2cec959a95996ae7edca400135d1cb5b820f98fc0dfc0bc18506f141841212ca0fe7edea5fc3f96d60f5f9fe0dd80e8ea39a664c4744f0ea2c7ac22987cac953f36ae9c8676a360a4c508b46dcd4606d7bdd69c6948fa2807d36b9bd4e5b8baccbbae8e1253f726e6efe430d7a8b7476cccf8888b47ea4ce1ee33b64461b80fa799df98a3e12007a0c522590f5a3612e70cfb72c53dc0448bfc6f963d2a5d12ac0427c1abec8347d118634edf64829ac00a64c246b78ce4b3eb75cb6b9db00fd140715861c02a3bef2a8a50303c47f2c2cd3c501de937159a243d86aa6c108ae7e452a6226d034338390cec07a53b2f02a32bf5ac8548f55e5dde6206015b0432017cdf954711657bb9bc41976d775c71abe5805625e4fb2ebfe5dfe5fd6aad0b7657840300b36bb8043298cd4d8c5e10429637ce111b38c873b08abbba7c5020163fc72a6daf33c69085d76cd7ff6c23b9801bd2003c94d98db503bbebebd145f2fecd1ac919f4867b1132acbe4caefedb8b60173d5697f2ba8ffe74fc20ca04eb5c3c0c16c509c73c6d90c1ce702963c21f6c21e23f4c2b1ba87e0fe671dde3809fa7cb6384d952d8e7376d092b5b21a227d8739f290159e45ad008818e90fbece47240eb3494ec7d5675b24dc3dbcb5c2032f46eb8d7179f8fc668455b49af98ba82a78f10d78135aae420259950070be7a8d9740159555d35151c76148a27f477ea9b71dd4a24773d98e1dd5cf4b68251785a4dcbe1ead9ee7d53f1bdc5a1d1d9a91b8968f26f3d740c1ffffc0e85896ee771cbf7030dd6c22c8b364fb81906ede2fbf78e3429923d0d008780c8fc724a91a3fa2515a33c0268dfa4c0fc7f0ca046825ed8036da71340cd179aa9f4a316e20524c91816499258ee1499e7ea8ef75e6f76f3dd6e54f48e4d0d75023d0611f042fa412a8b03fe76a018cd1cde6102ec2c46069edff1d1d322d9905ed850827cf5538b21923b0f3bb8600040ba5687c044cfb4dd574fb4797a736644e1b3cdf394d269cbe27a568e5a5d26674d957aa2298c9bf8010c229a0add95e8a624e0a7f4ecfd60b53363c6b4da714724169b7e518107052c1e14c2439b6bc26e3d741e7810005798aba5dad07a2e1dd3e07fb0daf1531037bdb6829dad698271da8e45f3becd05f28c2cf7f607989743f51b8551ad7a07c3ed673780499f1770bcf92b880fef7edd6ce7e228aff9cd723d1a575e2f56a29afc90d6f1bed7707ed211f104ee9500373e450e39d552, 6, '230-58-6495', '1866744339', 'adanmoles@example.org', 'atienzamamen@example.org', '3367625302', 38, '2005-05-07', NULL, 1),
('35KN2523', 'Teresita', NULL, 'Puente', 'Castañeda', 0x4711553f888ad8fa96f687ab52e0f22549af54cb40d026500516e623ba229a1f6c7a9718a8e60c19e084133124082dd3cc89026808e5d5f2e439faae829eb9ac939fbe9322d980581cf44d79d370274b4fccd5d24a75ccb10cbe5f8d8c9de222cf6b40babe17b91abd162648f77140d2afd2ba4b13ce7c8ae40e638f070c92671fb99ec723280f1bbb84fad2ca8acd394cfb649cb4bfed761b43aaac08170c950e4be85e9ae2bf09eadee3a2f1a43cd678bf295a285a575c05e36d4393019383cf1fc6938721e7505675136aef8ce19f0d2fbaaa63e1332a24a936d54f1563139617a3c0d7837f5aad2b7b8c0abe26a915ab59e2fd10bac92288bed74ce82bda088d8ac442fc852e804cfba52edafd1ff4981c2717174c6580770b1462ef62f8d1f4851d87ed30796bbb9761d37f84b5998a19b7d321b105c273b6c9e199adcf50681da627094f4a66ddcdc585b96ebb88652b487d3da3ddb90120b7ea9aab46acccf9e5dc7ab7e88ea522918a63535cea271cc78544b39def13a2a9f98e120350e0756d0cee879e6c38cf9c60abb37239a4102868bdb53437a8fc4fb90256f9092d3952471e5ef5766c506969609ebcc4c8a6cdb474c0fe06f171e857f9800f547b73f3da25b553f18659fe51fd5cb31c6fd6609ddd2a8ec4c7be4b4a870ee65d3177c3eaa1a657b1c25914df45359a1d9d4d9c09de6015c791e677b500eab27fcd4edcb16e145a4c5c55e5ead17c0b6d99e9662f4cf8736ae49803f24a17ad8215b945cf22b67c075189eae1f4e0c61f16348a140faec408b124837fd46d48a23dbc1d7d2eb103e9a03eb9591d218d7a55c2bd6a985554d580757e353c46e780695687861aa8bece3c21b07154ab980f3b7b1fe9018ee9cebfd52e309011b0234763c902eb1e3ba57bcf56c756b1f724d3cc5771284918267705109c78995d02ad74960b79018145324025be33f9189eb21931c6e44b939c66267873462140863245760948935fe9d8e296ea4a1e54af835a3e8660f3519947285945dd535955ca689e17f4cc4a91cd7861b1c117171ad4ad07e1223258735cb4a8881b1582fa596ad011a456ad3f7d14e3e60aa89dc7657f0cd25bfcff900dabde6ac8bbe0e48e5b78ce0d948c187055480a68198a3da2ef956812ac1f85115a6cbd4ba7b9633902fb0138e9f2c1b6950641d281fdc3e7af480eb837e72835967bd7fba11820bc3559bbe9dc589ad80f60da5aa9e491598b634c01a8cbd9bc3f7ea9e3ef4c44f13490e67d93697ffca82d144d8d0da941412f7aa0a5335781de82e70c4ac28beb9dcf6c2ca6d9660e1182a7469810eb07ad02282858ce8e80838e5355f130a259cede425ed1abe4f648287deaed5c4598692da5a23a10a6a20fcd1511d8d3d780b568238fe8ee72181bb4b196fdf8e4ae19933e9a90a91343a676d9e31300, 8, '207-62-5068', '5140702807', 'amado55@example.net', 'wrocamora@example.net', '7312267066', 124, '2000-06-24', NULL, 23),
('35LR5617', 'Vicente', 'Javier', 'Amigó', 'Iglesias', 0xe6e2df18590966bef1e95afa71ac0e50de6e8adec151f262299ce56793beaa6b0755db0e192e276645d59d539e1cd5705fcd96f2cc32f80486bfa5137bdb0ea4fc47d890755046535bc0a04a4e6e497b3aaf4b7850b6f23a644cdfd096a4c1ea7ecd8c7b9efc80bd76e050df9f184d34b17e3caa8046bb8d699bbff73b15821a6dcb5659527bafabbf117dc97eb94f6333e7df00598b644a2587060de9c79d0733a36b09120b2e869acae9f8311ee46dfe920f8901f593de2e1f7292b3ea9fee438a7721a53a280da6495b6aa056db096864c283f33558c9327613138a2f689df08bd46864966b27e9060db0f9fb5f7243961ac6f8ad3af27884dd98868ec8633424bfb44fe97ad291ee6c19ccbe4810eb85fa89c222ad410a8db0d8579a783aa46d3cb8c31f8c8ad87d384b46fd3e5b1326386c46e1ed2eb3355649a8fc89859c3795b2e7b253ae61db7881eacf2091ea3ef965ad395b8f21a1c0448ee06559df778b3d253f9a5181df5124797dd70bd55656aa95780f7c4cb70a1a7fcde029802d03a4ed6c559f282f813c14eaefa062189c0543faf2f839107deb47598ae240b354e303936cd22d0622234435fe99bd5f17842257de5fd2c875fb53e7bf66e8b8b0ed1726f3a1d9e46ec7f1bd52a4119a3cc2b6c3ea3ea0a818c922ee5a4b04c907c6502b8b80d4d5f5004ffdf9b5c87671f1b328be42a19cecb45737ef62c376f40b1bacaf7eb81c46b818734051f5282f14cee1161142a9727b157e403ac8cbbfc3872c512b1b683406b986b8fc5962dc42548efe5dac6e40a57508a5947e8f4ffc2bc91f0ab4feae503f11600f88f1a60b60a83c22c49e0e468a82a5185c1077ab077fedc35ff0f2568068916b94f37a1d8c2332c7ffeef52f8188e7e7b3ac31e2e32960291dae120725945c22fdf16c66d94b938ae7c3f8958244872cf3b402a7d2231d1bdd05a14a7654c4517ff3fd74c1de1139e642cde8dfb037cf9aa27a8e24ce34faaf1dee46e26f934c4cb556cd75aeab3bff204af1cbfe13ec6777c593f9a7599d18c7f74d9c31bd3b0efccb7e9d1a4d7470b469f0a6b79918ef28219c7ee9cb60284418c660ecf605c7daeefe5a00c30ed154090ac775c2682b40bcdc21c9469b76ace4731b17366f54cfceee4f6748e6c8d7587560404c492d3750a7412e920b65f263126c62af3a4752ee0cd57b7c8ca75df04cdca77ed69ad03353b65c86975cb49bc1c7c9b355fd356419868f59b25fae840431f3f4e81df96288e3628d5ab54e2e4e2161ade0149ca3917c43c98abc30b5b63ce51102cab3ff4c53174a12199d97f27ca3cbeacd8565bc96ef9a4fd70db906c560f741da43e154476875f5a414f97b776973fced0d25bfe07ab4ead8f691dcc1726b0ec652fdcb3b77177519deccf030d2442d9656ba40abc4621a6f59cdf74aeb04b3, 3, '359-86-1181', '3244533263', 'carrilloseveriano@example.org', 'ogarrido@example.net', '3042814615', 115, '2001-12-25', '2022-08-15', 26),
('39VP9278', 'Felisa', NULL, 'Acevedo', 'Lobato', 0x5d2bb67d59e4ee95cf4d3c17865d7a30c70959cbc79c281610d633a8bce180103c3beb1e64d9d630b53b7e1b9647f840006363e396b90aad07a49edbb574ae85b6d3eae887c42aa205c7bccfd1736164650462d1393c7ab7e4cd37f60c7b9c0eec189f34f134fd9ff18541cfbd3341adb031f01107959fe8018091f069d5b017fa2dc52a20aedd2d528af9726a90b688b6224eea7e7f3f6d557c6a4e9a7f82d4fa116c778acc24a7d4334814e21798b54a1127017ed770d89bd2f3ab39de85b0f99949dc1c27f60f31fe48ad503fb9a23c106def3b3bbcac03dc63f6adce30071db87f7cf0f457cd4f7d34990397f75f3c72b3704b906cd3f3d461d63c888a2220ee6033958bb6a383f23a2f4ca6165a74f690526774dcbe21216c5655fe2e978b4476968265e11583103faf1db658e9e80af871fbf01dcfcbf902bc6f990831a4224904649065a140b4775b89bfb88fb0594d4726af76b11fb6115a89cf0ed6fef9a94c9f86f80f6093c3e43320741226cd608f87efd9756c73883620addb60be443ed247d9b939797a9defbd5214e0ce8b9004faa2978096bf2bd2a139628b06570eca52449e09371d79381a5c734c0515df917ffc69f73501a9d471fd18c5e215f8d00cd41d5fe45ddb14edadc3d50e9874e490314e0f1c1c0e35fffa74967a612665e66135edb92bd10aeed2f857c0f202af4b217b1167b74dd3d4e1c24dc45523c92c38812f454a5b6c49905d98516b68e3824ae390c1559e37d1eb375d3268afaab6322f58473d85081c865a850aae62f6bffa312a36efe00e0ab12395b237ad7664587e4e7d98fb8d483ac69ff3a9671b56832f76b2b9a58463b8720e3b0425f121f5b22bf21b56d158ff63d7298e63fe1ff10969dd93d8747529cfb46a7b3529ddc4b2426dccb2d424cf1ff211941e481188f5c013aed882add5fdec28e1a808ca9d9944c4a54f8ce6119daaa89f43f52653c38dbd2374bf998bcb73881d0600d0e0126d5e9a3ac6045fca98fff324a83d904f0c57859a4ed560b96dd24f8693c0a031f24c16601218260829398ac73679be7d774ee4fe05d5b1d24dc9ae70d3f53f5230e32faea55ce9c588a734cac30461c6e9dee921d92333bb775889921ae385d51194a88ec1be0380f1f822e263e1165d5a075e6726d232d8ee722a99913967fb526d4569c9f69b0bd5da4b9b1bf8a71f07c875e565dcf222e8d5b06ec9cbffd783d5798d85c4ee0ca3a07b2d34d1c4a2d443064e7b642136e23d464a3123c9ce5e5682c218dcac43e3f3ef91b05005ddc36cc575cb7dc5b9258b62e568b3d70b2ddc919bcf00ccb75b42edd3b5b2db53786f028040d59485fb096c19e69c625e10ecc571e6826b14a7120e527be316ef91ca443b0dfbf29ccfc7194266c816379b65ccb5aa8af7d01389277398e03be38e7c53908da7d7d349, 9, 'ELKL273336BPSEVZ64', '80730323', 'wsegarra@example.net', 'nsantamaria@example.net', '2564963545', 77, '2018-01-07', '2018-07-25', 6),
('40GT4434', 'Augusto', 'Selena', 'Navarro', 'Nuñez', 0xa4ef2bdd95821857d654d71ecdd8fbf0dac4e3a87baccb3b560a4712d473099eff2e9fcb7b236d5dec06fb06b490ca77bbce20c8892be2e8349e8a14627c3eb0b2c94e801bb2ce17ed99a2301380d95ea82a0fd15fbf42fb2d799af7b78f1b2d18c783035568081544e25acb571a58ffe4f9afe220e1170f4d2af2a8ad0f6a8b9f55a2d9e6b13a421e533368d2ed45b8edabc116b37e2250955f6125d39c5c5b30754df3949303492667b2d3839e69d1751dbff445aa9d5a2521d14069a720234c98921b2dfc7f2ff87deb30d1285cebae921bdf35c1fe601187ad317dd32cb354ebfd13785194fd4214144a0e2fcaa580b26b850c1f33ede287f9db4f13d0f13c6c4cbb3932572d64e9f6f713aaa5aa941743ccec1dbb47a46afb6ccdaf6706e1305de18a119376e21dfb15a151ca265e301616cbb5b1c59d9a53891c351bea9ba9924a7ef8698688f6ddb208cca5598292c3435d481c6a901c3425af51f92eadb0f584118a02ca06af6cb62b8bf3ca0c6d2c1a296ee9b9d092f49047ebf5dda1638cc93aab028d3661e740e99b4594e1a9dfb0487cfa2db3b148d70c9fde3434fc63dcca9021aedfa6308c40a071962b41f0f92e9c71545116c642e1afb77b50237d7821f3e697c76856d23aac6a2fe4514f43d56cffed46a0c8b1b0bcd0f383864b5254bc439055e26bbbef9de4213f2e4c4f539a111de06ee509de2306211d0ddfdc86d74d8b922d528525cdb4c5226c32cd9d14d8d01a38c447f42df136f47f745093da566fbb4d6681248af5dbbbe5cf12a29a910eda266889de3a34a6c855763398382eb6ae6a398704bdd5531bdec7b28a55e8df9a8960b67046337a2a3f401ca66f9ec18867396495f8e82274359bf90ae8543cb2cc63e5aa1ca5cb46fc4b685cd6d7905a51478e890fe5ea05b3c295e019e2d40e79c42d1feda47d214cfd0127f9278b611acc91ca452ba3255d240715d191442620ab69a57a74103a76154e8c594325c61df7645dc302c74a3bd8d3f09c9cbf8c5e7a786586e86d2803af5a4074d209ddaea3b818c52874b715184f3ddf98466c774ae9dac70e29365fc39270ee2102779fe2fe206267edf677cfd711287e194180dae217d79142e24e918aa7f8d0c86bf54e6e9d7fe727f7701ffe07133b636fd32c72a0145d04a581640e1c92ad2b9b4c552e742d7d55a4fcc969568ba6c566691b9048e20aeba3e7ee318b163411fc093d9b611fa7e438a631b141ab724f645662190804b9dad267ab90b8334d884c0de34dcef28a8243c8a9dc38c8391373e03f5108a44eb5a1c8e46eddf088da770cf58449769ea7ecc448cab49234c501ad1189d95a0add1fd10a6a4b746ef3efbb80ad67b944ed6af41a14738dc488c942babce3d9cd066ff71a1eb46886d72920eff9f74ceb08bd6c792dc05d77dbfa2ee3fc2955eb3f, 3, '410-74-1046', '830529303', 'crodenas@example.org', 'nbaez@example.com', '4343711864', 94, '1996-12-08', NULL, 11),
('40HL1594', 'Esmeralda', NULL, 'Bartolomé', 'Castejón', 0x7eb24ebbcf199580622efc469f4ada54b1286912fae51eb7a3be72ed72e6cee8b90ef28dc93c63c2cae9702999b5c0e651c2e3c0dac36aaf4f12dfdc9d54eb5294697c7e4c95eaf1dd7c4f49668a2570461599f6ca818e5466dceaa3b5ff90107ea73f4f3b7bc5144315f3707c037ae752f562814af293a6370dabb3434cd42ee25826e7b607c0903ee4d3bc77ad7465e52ffb0d0d1e101833499b99fcdd869b931f65192c5cd0573eb555dd4eeeb01358fde193dd389e6f946751a25f50a6b5ebf18b584455389b063dc3a714a894c2341b0fff5a62e6b03426b71fd13e93726f9add13d301dddd10e8bbae67f632779397e71cdf400e71bdb2c2cf8c77511fa2b5298c7effc1695ecde57b6060bd0c8e400f179a755aecfc1e1a3fbefcd3c27728a1732b78c2cbc818c63db43ca42919f3fda5216eb0c316b60cce348466d467590009d3ee90dfed3254ee9f024d44d5acf9c323d6ff78b53dab42200a7ca7a4692873d7d4f804cf2baf1174eeea82dfbff5e5e4a3de618b3cb07871c59de7ec31f1ba1ebb14e676a6f13a8c7c3a92957d7cc9441d240fb7dcc84f64a3f3aa8e203911cf1056e6f3c84a79a1526513f412d155a37ed5b0b99fc9cb2c26ecf1fdacae852c87b0b054240b3832514eb87466b85b0cd0a4bfff84589a778f06a32e99665ae23d46478355097ed1590b3405e2b677f3cdc970d10f4fbb524305fea9de701f852cb1ed21dea0c5301ea270d9a0403b8580731856d1eddc38e225e19d242cd7da90233b1a0bc00047928ef90d330a33145bf2055374790cacd4aa688df741f4dda640bdd8cfdd62d63170b071f0d21b52594c3929061aa19005cd3bfe7dc79292d23c49d7f68d7aa3334dae42a216cf4ff84b678a8d29559c8c660964e156f8e49acdc9c172acaa27b4a07337b99c116265e340e4d5390676ffc50c1b6c3207b9248ccb18a01687ded9d7125e03912e59a13131c45e9ca90e9d8239c9cd3f91fcbcacf25fa7cfe06650a2a76ba9eb118955e8f9e0a6dc397c9582c08dba29669425cd0bd726471cd9fc6a611d4b5baec3dc99270436c06f7861e2261ea3da659a8600390d494fdf3db6096ae2acc4cc075031175c2768d3f672c85b47ca245aab917b2bec62ab0fa2382809446d8666824677b065c4cbd9b5ad1200e087830ee7d5caa2ae356ce87a4142581b671f27146bd4f73f8fb098cb784f01bdabd8f364c11c10aa17e5949fc778139ba5b9811a050d0a6c53e21f204221e8665317beeaed7966f475b689b6f87e7d11849839aff80cb360a9081047f022d53a1951057bb009c275753a3e96fdbb1d97668a048e6085f1dd8544e1c8d925fa76efd7f69ec83c23ef472022b09270e005f3b5b344d7d0662437ba7e8a590ee389b74af45de0250c71b86a4a8039ea4a918cffa51573d20ee5dfe27188eb0972, 3, '177-28-3713', '3111392619', 'duilio65@example.com', 'benignosegui@example.com', '1957539408', 75, '2003-08-18', NULL, 20),
('40YR2349', 'Jimena', NULL, 'Contreras', 'Cabo', 0x0f3e45c966b958fdbdc349ec63adc0608ff6cb51b03e89cb1325657217463853a51baedd5f6778a34aaa6c4f9ae76e72ddd78951e14f46cce98478b047eaf2a24689bdd7f6541a22f0d101c7fe66708a887d4e173d586a5c93fe262ec42bbf2d3d6e3b4a075365854e48def23a24d4bbc22057bf9f2dfbec82f0730d6c41e96aa14303b12ee369d1811c60537c77be58d12738ce396652b86784639b3a6b43b25960a66164ccd01fb96fc2c3c00d3e483d74ab67d269ff1e533e3ccf8b5e2deed4e177ea53777e9102ad6229139e8738ac6c2d46fa204deab40671b45db6ce7e99507af0f2749281778704c2bd7c01a23b61e661c3e8d26e3432f9416e8abdc8e3d8fe47ab6a850548ec436d3adae568b323c77a20689c355d58c142528e706c8005637f91e6b0329586ac5d540cee4dd7436f416aece86268b7666eb59f3e7d8061e3d13d2083fcde06158d88ff309fa078b83abbaa8189e43a6668e356bd5b02deb49745e686c571abc5f83aea41af19acc84df25afadaec007cba0ad0161481b7eb452565410bb8742bc081c3667a9d7f7ad1e5452969d65475282773f243bc480a5f6872345d49b823954b4c3afbbc0066ba4258a310248551c3496c1c441ae4b3e17a1b772c137f9c00539dd1840ccdd96a5295f3ab1b3681177d35534e2ba8ea40640b3512a307393d42f4ed5f60f4912c48154b4bc8356d6ca031173ef417145e99208746531ca932d8952d96fe65e25a9e4d82dd9b146e9312722369f3840ed771200bc20f70c4fb06e273d36ab0a9b1a335e9f7a9581ade0037d004ac1ac8158718a7681cd3f8a26fd4967ed34e38024b59a21372afa325618e842e0eb56fa84896abc656d3f07eb45879aa403569225fac61fd643fd45423b0e98179df164858ca59833607837363c53ab63474bb96b8478755d69bc3330a33d11b3e062c8d77e0f1541be454f4747bc59ebf8654b559cd4d919a30e64b2ca02181507288b883a31e65f02120cb8d643227e90998e45474dd37e8341501a3d4d40401b9c06fee8c967bb68a38a735010aec728762ea01a3a0208ab727ef52d4fc5b198542dfe48ad11ed7764bc7ae24e0cbd9074125a6fdd80ecc1e1dbf4cc3240684431bf398426ab7111cdce99a2a2d36839b00d1d2d17a9939fa096f9890b04d0b0b7097c164c5ac84ba442db42ba26d520e9949c95006fc44ca86598b52e3077c3198a29ca8af2e8ed651e6399ab8e41f59b7022814f09683202617083aeef88bad3a0cc58b5e7823383d3bb84bae22058fa18948204126f3fbb9b674e06a52577af13d830c0ee13b988cdebcec8baf77f3a6d14bf5e2deeb42adacdb7dcaa2b1a3e2e6c98de9c00b995f04ea297cf6466b0a3d7d24e049f1d424f36a945640ccb99bb22c9af80b4414001ffefb6d9d2cb994c5df7a4b76fed35bb0d9beec29, 10, '913-92-3686', '2194597715', 'adoracion61@example.com', 'xblanes@example.org', '2536440798', 98, '2018-10-06', '2020-11-01', 26),
('41UC2231', 'Judith', NULL, 'Pla', 'Hervás', 0x90b1d3276bc63fb993909af189c9ca2417306304f2c4648d38867e58ef0b05e2af3b841c0bccdea36fabd51775ec9e883c60ef95eab8ee70da9524a76d687466fd4c7b7746514d1ddd26632f1507207194313ceca9d566c4f620df69dfc432292d4d862526036cf4a029442f5bc6c9510f5eccc313f029171436390ac6c378990e8feb161fb6f90507997a66e3024e03823605c7756c1a00d0577c059674d2a10ee0918c33fe9dc66587478a1efa00adbac23c3acd88a95b016c1e803a04bc8ddd7e64d20fdfd8b7d1d5ce788b73ba193c58f70da5a637c1684a2d82d362dfc349845153299ebc3567b80a166587a4a185e085e7a46f0b6718190a70a9397fd1ec7c561d8c8f44bd5f470762701b9427776af87731756f89cc2b3c61b582aafd52fbe5423daa347846d37bd3382f9f3abfb2354799a86883f05ceabab3ff3d4aed7b8817f7181e5f49a5786322baad686ad8b1ce9e6ce4342f35bede0b919dd2f628ab7a902e319d487483044e4ae02d42ea1e1cdb1d484923c4153282747de1cf524de04439336115386c399539da99f6b06669487b26bc259464eb16fb14259010f0de1d962f63de614a67e50c469cd534fca4494be72c8e95ba8139247edb5a7e39d4a1fabcc434bfc2f8ecec4f0b878e5270179e60b608ad1ccc270035a5b975f337f46b585da6e591b8bdb76250c6ee5cbcf602d703823318cd7a8c2f7b1111589e82130de90efbeb944d33d1429b951dfd6a11f9b407612cc342c99a176a7c56816cefdf6b98287ff4fc5345a05ebf0ef801b1eb053a61592694cb4ff824673c11d0a12829936ef33bdcadb970d9aaab5f5f3eb70f73c970e6b132b1f2a354de290b637bbec40a95a402b59715f72576b2c05f2495982d270b2768c1c0b677b3c9f1ab576661bcf0d010f13abc39e977d27b8fef80ca07f127f98aedf43b1938a412e38b25624243ce4d9ebf664ca8afffb30319f05b643bb4607beb5a0c99039ca2c428e17181a1409f9b0d0654b721d03d0e4ae4eb5cfe7a776e374f9f676dd7f321a59839588fbc94c29fe67bced685aa8777ecabce61dd459e7b065d2c9be27059b5b7da1d035d12b79e14ea419a443ea46479d9d57067376af33f14ebeb794287289cdda5a2c4c04522fe2f4ea4405969cfb16711f536b2d3500c815a877af4612b6f4830e0ab0cd952b459e248f6554d70d9e56fee821fed71786e85a156dfa0abb5a325b06e00fa25e9e539763603a211a99dcde66224f8fc17fb5686192379248cf0dde897c02ae627859d2b00bbe493e31853aaad2e0667c2cca9c5c6ceab39a822607a1dc904337d520272f9224f66523b525b64881c876f77804e5b5ce2cb346bb2837e8b9a19e67405601b19e807e29fd086d1b0a49154ca521e44076a17f4f0b4d1a05f0b77634579a00d518080896b155466a0c882aa, 12, '750-21-5688', '7812876510', 'uquevedo@example.com', 'esalinas@example.com', '7999011043', 179, '2009-05-23', NULL, 19),
('42TI9379', 'Adelaida', 'Eliseo', 'Alcalá', 'Fabra', 0xcc57393ff8c7e9628c2443e02b47cb5e62a4ea26239d81d12ac4e3b6b33ac5024059040cc7c815ef76ab131d1e623c7dafbb04eb09c580f16063670036421e858f1f79a64115ce8e22f8d9cabcf69064f3c2e0b331c4bca291e56ef562330db5f9b538497d72eb579f43f057ccea43ecc866ee1861dacba9c4ec4091ff097d08a93b2ded85d3a9f41b5ef8977b8f47aa97e371b0c8bd92333c7aeaa23f61b01df30f4dc358b6bf9eb4d18502b1430e4e921f46684e938e9fd949fce88a7128034fad7008abae955041e3c4002c716aacdea3bd6e9cc05e064bb3a06c4a403ef404c656081d7a0f01fbaf70d9a4d89e6c563c905382f3158c6cf50f01860dabb3d5873fa337024c8bd8526db8235d4399ee42a6a5a8cf4cf1ffdefa3ee828d64b475f8f631ba44cd10dfa95252986ed355539ce665d8b44b748de7dffff29ad3f772b101543783dddb031dbdd0bf40846fe6d5d1614f8f1cf251cf8f0fca8a6dfd2461766f83e27dae943e719cf1e45085e730e9d51d7f4189f53aa158783d85dc5c51503c2910feed3a8162d248b3afb64daa138c8c417c9a2f1ccccf35ae6fe664a48a36ce17c1745a99e17ca4454b4c1ef83709633b9f2f3c03178a5a018dcf2205e2673c6486300beb8dc56a16245440910a7fe07722dee16dc76ab3c0de5bf6d9881621259de572ba8eb9b506fcd02f8b32f62573103bc8031d1a29c0cb0711dbeb876749abe31a45436bc943b952cd466f972413215fdd5a578818a6e7a6ec60c0a744cbcc5a22fdb2f1d277a13d7261e6e07c21418164f37b5a0b016edd801e1054d79fd8c6d2bcb1ea87964dabf76fc17d89ff338ad3fd1ebc7a9f89e0643b7177b847f193fdd39c54ed2cab09e62e539de0efe637497ec57195971766447d9e69ec3fccbee46773cc34a8a57ccce44e536f58acbcaad1beb7e4f60842f73daad95d9de6b7f5b8dd5003c870593231a3cde7566e770a1b025e84c5ece3fe7ef7ad778ecf9cafb1d31cb284ba80c0561ffcbe02d5cc6e22ad17d2899f46aca9ca9ccf106ba3fbc925f63f7dce6627d0c392726101ec52993403977e6f48a61459fbea76dccca9c0871157ef50e613471643fb161e9ff4804a0876cc6c1fc4370b491cba880d8e788c1c4f71cb16d3fd7ac17f09a722b9d8c760a35555a9a3e2790645983f64f45aa5573c15f67fbc5422cc2c9739b70143ff3bedee73e7ecb5ebde33089fa1aa97a7f51e0655645b1bb97a8293a95494266737d136e6e35a075d35cb65efa968837b3c405f7e4cd02559f994d81ffb26cb3ce71c7904d3b2d99b75260f8eeeece1dd862e8279cf6b7270653e9a75f0e84fc1d2f9ab6bff1b9a675608b8e62b06f3cc1375c8ef9aeba989bb95586eb3f3ffbead1d3e974d82b0188d74cb1a3962297914a1f119478c46a5123c0b9391ef3761e6ab5851c, 7, '429-47-7873', '4916138773', 'ignaciagranados@example.org', 'olallabarrena@example.org', '4775239575', 158, '1994-03-21', '2000-10-01', 30),
('43AK4528', 'Maxi', NULL, 'Tomas', 'Hernandez', 0x004b252cdd5adea098024337376630d5aac4f2af276b639afebe042b8c195d8825ca5de3bae1d70cbbbb56f0638cb938e874ac10f88609bfbce247a41acd044e8cec26743e71cee42c7fe65271dcd0f4de032f45a59cbc65c2a5378185b779b4665f13b00c2f3b5202382808f8238ee1fa5e06970fac037a020c6bf4c022f7281294a648416b6236896381ed9f591605ae24ba1d0aac85b3a308801a981f8076d4be4e00b6188642cc710c1e26f02b5f591850aa52ea9f4c64591688ba5b888f1561b20438dd564aefdfaeec34ccc2daafae0c519caa09c5f288000a272db7be13e693953c11e789ad0712e73918abf5b2668f6ab05a769790d80991c6e3e03ad23f619bfd2bf8cdb5ba6890ad3403fb940b0ed47efad93e99b54c751633619e6c8ffbf440c352aa8af99374fb7f8b04012a80c4c33315bc96afd1682d5fb7b80ca2df6b4631580c0830eeff17ef7d132fdfb4ee8bcf1171298f333b9d28cd982233072442ca70391a20b4481afab149e376aa0a0f4bcbaaa6184486691842caa0e0c9ea788530dd7c4a0753bf6757abf522cadf28393264ac5b58a060c8f1d337139ba86044f0dc1c07935a9d24d4699e2ec5c9eb0e4942b8e9d8223f10873b1a2d8ea6956f8147ee44f0f888db5f670e78b063e4a4ae8bd02ef2dfd6c90fec392c6be2a042e0fa71adb1dd5f02875f9b0e95633b83ddb0b9d6cbb119180310b587812efdae46e2de4822ad8c824171eca06b62729bdd1a48550660ed89f3f2edc050859887fa970d7d178a6496556dc646b858565591003e9b06e96f40b008e1e39d781ba546e15907d8e6990f387f8e5f25b22b251f5a1a7c79c8163bf1e696441a96517484cc6f852524b548bf21ec11fc821a4a55117256b68c6c0cee71602437a137202adfc93714cfdcb71d3c2536725d4516f550da817693c4ab041a2a694f480400de1262fc07dfbb4bc3245ba95164f60b5c69f82e231222f94cb0bf75dfeac909bbd13075e03228c309dd13da021b5152cbd78a5b3cf390cc39f3799caa349885d2fe87f13d340abb9a565f5eb3f5c291f1ed4d0f513bf9a0fc2174ae96bcd1aa1cd30aa145083baa95fc9310fa0b109283df08d630574e30fe2fa9f58cb55d09517d008ad9ed99b77ac942017977e9ca4a66d35ebe3bf48f6e744f465ee45e0b4d321c66dc7ee1ba9fa5f41ce99179829553dacf4848151441246e9d0950f07a6010a859b6845f9318f2e8a7644775c069f790f33b2cde19baea065b9e3db4494c68ac7b9b57ce6a01274a720a615d7232a543c6b2c40fd5cdb04657fb70395ae9371628c7194831e95397c43e4a927a0980ecd8ec96d3abccd3bd130cf9d44c376e3b28e433b825c459b35d1e8ec28a56d362a9db0a83ed404dea58fdd88eea695c8bad3835607dc4d53a6a4a5d6f1eb259672ad02f7c72b6de, 2, '448-54-9212', '1298973675', 'bruyaiza@example.net', 'cadenasmatias@example.org', '245755584', 167, '2019-02-17', NULL, 23),
('43MG9667', 'Eloy', NULL, 'Manzano', 'Barragán', 0x4e90ef95a30cbfc08614bec3be035553514dcc05a7a0b76bc3f06336f89d42060940b001dca863a64eb388b4334e9fecba725efed3847f8c1c77266c93f46cc19767d50084bf50afcae418918f7e29a157d438a2768412b2be04b7ed2987d355eb896fc74243755b415caea5940e2390a42b347d6a7674a120ea697bae95469b98e215ff44a406efd32488edf2d60cd587d9264b338b95b5dd837da3c914b28dd857b78ab69d846c718ff5697c7a6d2a4b9b3746ab2d14e9a32d58577cd40b951e3561f6e3e5e1bcd59c6538be4e041115e8fd1488a609d9daf68e557d59e8ceb94999cae7e56c91546592d90aaf0354bac883bd9ba4dac8931811f54299bd4cb1e2ac424bf58e34f3f9a0d30bc3655fc3ea499623e2eb8a3222ad688ca711800f719b4fbcd5a10f0d7e5f691e5a7307f1bad8caf2545238e04172d38548a6263767dc7b7862c47ec9dedabe1de860cd70ca1654c419b7980de1b0ee90adb400b2ff54eba35e2b37e59e28703680b75269ac1de79961613fe860c0352f86613fede9271f7327c6699335227d06940ecbaef2ce8f7970547b952abfa59c413e3c16feee7e0dbf5379bf10e4b1d5235ab0ec6f808718e32ab7baff29be7276e48e17a2d850e2c26ece0059416c614852be1091014ddca3229a21f84c2816e079258d5631fc16dd763d1f512b55045f6718908d9ae12371ce61782a28325f2b3801a6d49b9c081127f9af31c799040cad31382d45887853498f627b3f5e8b658c698e6ea3ee76785bbd96bc0d8e5d6410f49db18181ffd060d7cb4714f83a9a613606aca61202c20ecc21ebc6f6888bd5d2be9ae156cd3abdf67b85fb5300483ab59a11ad29ac947e5942e41b627339b57bfd64b73b923790d375e9e0307907fce0c951e5ba2326b598d64970f54b84f7f0798e60c6761f24d535c8c993a567f1472dd3706d93e2862a6215f38a8b0368a3df4e6e87873a7fec9501ef52ce1792322683860099a7fa59aecb4d1912649d617e7f1b082c793716949cf6d7fb88f62d7e52c0018c257cee5f7d2adbb7d999c34666af9b43f5ace0851f8e8c906f040009aa780a8d392230c5d69985f20cbd8059bc1af29b8694f8d757666e7a38e3a793dc9a34bf76fc2e1fa9afaa806359df77297dc4ae54dddc23579b2a0d0d64acd850ac225c1c8def1e63068d5ea8f553884b6416c58ef8f1133a1ca4acd3c37b3a6b6929aa0e51aa912c97171847aa81bbea5759768a8d7b725f53ac9b1f1d95ff2c7c2b9405eb3fcefe32392f36c08712ad3490a244ec13ef3fdd6c483e71ea0fe20abf0ade578e1a26477a92af1ba6eaedd1c8aea6520d4df204c1fecd0155160b457ed3ad3ffedfe83729bcde53c0b62d64edc1560b8a599db855308a5b4ecd07d1ca0a6a99fa61b9317c76e82d65d8e84b09c2b5cac2d1bfb92213305f3e, 8, '375-31-6854', '8082321562', 'belen75@example.org', 'ulises15@example.org', '1309454017', 1, '2017-09-25', NULL, 10);
INSERT INTO `alumno` (`NoControl`, `PrimerNombre`, `SegundoNombre`, `ApellidoPaterno`, `ApellidoMaterno`, `Fotografia`, `Semestre`, `CURP`, `NSS`, `CorreoInstitucional`, `CorreoPersonal`, `NumeroContacto`, `CreditosAprobados`, `FechaIngreso`, `FechaEgreso`, `ID_Estatus_Estatus`) VALUES
('43UN7413', 'Manola', 'Alejandro', 'Roca', 'Badía', 0x85f2b3ccd3a1ee9941d51faf6095acc41e474579ab7a32a8becd5710dc24c985bd32c60751bfcb0d230e4bfc5d72e83f5172818d6507675444d9b24ce3876d4a7028d0a19bc1560fdb0209e9da33a4c58ba6a69ec12163fb429b23cc31de46c31a45b5bc2f40232f92bf94d552293390d0a7b9b39cdd7deef141dea363cedf7e304063b0bbf7a9c660d0d85929990267037cb164f426085c4c6349292c5470798a3401fe0b309bbe7156d54b65a5e27d07a67c68349d01d403a4d3e314ff8f2a731d4c3474ae5d37ff6b2cb94a27729fe4e5de87cbefcd21abca8d14843b7dae16130a39eaf808d53a2c797eaa4efe109511967ff563368383d39d473f1fbb27ed2c93d912338ce9ba9fae65c8d7442f2fa1f85c6ed6751e71fa1df625a3aee56a51e7beb0f49b2ab260306254b462b3e68fbeead76b416def6365433892ed22a6937b50043e4373cb03522e184dabd3036ba91751d89b16e03241c4876ebfd265fa767570ef6ea15407ae1621e3149dab39f7735e4dc83d2353904eaff6e8f58f6c90298f014ba5767a4af869edc4732d17c61fedbfdc7e2b625b932b787472b4075cba34e78a4ebb710cd63dd5e705fceed9137bb66b3f075aeb77815699bd4abfea0ddff80cba08f83bc6da2775bed24ef5830e1ce83f4d716a1f778c253cdeebda4f4ceb996f8a4a6df3550af76448d668d3c54a8f70ec86f5974a011fccb2d28727a517624810e0806ba52f9e1ac4c9e761824aad5ef14eebb86f2c311223014d615abb8ba89e286bc2d422dc538ec4e26ff04594adac23a969d46f43c704c0c4a584cd6f15f0719c0ad7ba01e39c74e65edd301de20d4b91a1c6d8ed65dec63d45c1d6f2b80b891eda840989e21f6f278bfc733abef31064b66c2566c0e5bc935ed5f159f51b498059b52e6628bbb733cd74a2fc80cfb021eb944336cc7cc93547bb2a3f588fcbd515ffb931104b287133f0d61f011ed2cc9a4a09457eb14047224c686c97d3ad57b2d03b5404bab2223eedb2f13af5b68c74d42e22951764bbacca763436e05ff4457c78f4bce49cb47fa311bed56c2bab27781c1c67b38cb58ed6c5a0ff48e0e433aea70bca23b36f2e3f2af5f0b6e3588967b93dd12c06e5afaae9a4d0889cb3c7c8a0a637630884163ff92aea991d3f7dc9156f017b183a35cbfc1dcf6006aaf2a1707aa9c025275ed059c6e81e99ba866c046e2c5eae06b3f986cd6ad2f3b6cdbdd0971f3faff6745585b24052e2973697be5df818a767bd54354aa3505f8a0368bd5e2cb42daa69e22274c90542aab924be1311f5127bb85eee45907a8568048808328761e29abe4d3cafccaef92c8fd719c929a401599056de27b478e684502b6828936809ba270e1937d45b7e7d5f3b80a2b5e505cbe26b6ad390f558a2dca71619380956695621bf8ede39ba9ee4372457e2, 2, '491-00-0749', '6829680894', 'soleolalla@example.net', 'floreshilario@example.org', '1351912983', 147, '2015-06-19', NULL, 22),
('44FU0399', 'Isidro', NULL, 'Paniagua', 'Alegre', 0x2e1074edf4651e3d14c175f780b75100e012564c2f2c05124f1bbb644dd7292f5e00bbbe3bcb7ba646371e7bc14b43c18811ba27729975e93cd49814eb2c65b0cfdf92211fc43f18be79c5b3e0099004443f11e1bea6826e350ce9283eb38313750e9b107726bf5499f800f5e844d02dafb925e4e170506c80188e18116eda4398cdc30e5cf9db9db2f6209d9075fd5928824cf94c80337d196f295b70d30a2f25c83a5019ccc7647833e3ed0c6fa16dc4f30a3acc3ba9d143f951db6de9599501011562f3b547e5c158fbe55d30e50d83eb89cb75eb63c1005169ab6cad5be967de99544b3c0d87bc27a96aa3cba16516eecf2eea9c028ef9077e2ebc30123f5065a2f1d7021e3ad6e4daa6e72b5af8cd599099dfa5748f8f74850db2ff7a3579abb31d9bec1ca95ebcf51970cf3ff38c23bb1c3aba926014ee096e630bdea835685c7221b189c7fbebdb3e7fea1034bc14491daeabebbfbbeebd579311c3fc6143f21ea325f47d0c7ca3cd993826c53612ba6f63ba3ea7a32f3d3d8068e369472b32cf2ef69797d16556d969a4247371d6914df2e7afa2a0e5cc8f96bb439bcf7ec160e0c604754aa804e9bf7dbd98dc02eb189a14ec4ff83bb2bbd9664c6af3742c01e0278684c06cc3fe4c1eb8313e55c692409bb119dedcd9335143c8c925c9da824b5ca93b8ee4ee941fa8a68defbf3a07cf83a7111640abcce8dbb42f8d11e746b4b5050bb453cc3a98311a5f209d9bd8f1ba56c5048f7932687baf884d03b6ee1a930aadc608bded0b3df30b61bf6143edf8b8a11e03ed9e79de0ac9ad02ed88c231da9a05f4b6ed6bb93552dbad5b851550c2563401912bd4a1cbe853d75f3827a04f9ffcf768c08dfb69ee5729c5bc841e348be5720f8095663258db97930553fa8dc81337b0762e1c5cecca4cfb2dd5c9774532eeca4531b291d645c1018be02ca53ac8f8777ee0fac8a7ab883bf3f46beb970fa29259c8b04cbf1a6e7f2b3e474ef34497ee6a37274434d4bdde94b0a2b51ec9e41aab81d58eddd2278a4fc95d90eb17de055869de678cdffc952b743166eea2a085091bc7f63db41a3b1a209d6675baa7c49365e0de6adca69358f9a014875bc764de6f5e15a26c11c3a6684620efbed2132f38f4d21a118b75c90139e380abaddf5a0ee50e8b92e9062c101e7a6f61302797ebe62466bb4d3b132adbef1e1d2eaf34bf4b4560f90205185aaa45bfae3f998a6c450a11d4a35e235eb94e7bfd450146d194d3f8f9d3873290f552d3ecdc589dd0e02d97dbdf7733c7205d5da256fb70be6f66339a9e28c32528508571407c9bc243bed3f99cf89e16bfd4b66db6241b9d2aab3a6080f34c5f89c5abd5df72c0b091e9491e803f8c1aeb14fc06b981ff70796781bebe6c9828bd20119f20883ed5ebf195bf5a9c64172dfa73a03e2914c910d624, 10, '325-25-4823', '3923688414', 'martinreyna@example.org', 'pizarrojesusa@example.org', '8749266591', 190, '2019-09-02', '2019-12-13', 5),
('45RV9629', 'Pascual', NULL, 'Ibañez', 'Vilaplana', 0xd7d970c9cdb7b0011280873221fffab653d5b4e7ef6c2d815e4000d5d9d43952d6ac172d6edca2c205c2cdd5bc73f4c5e9219d2b6b8be156f23eb1eaf8d1f42aeaf646a8bc4cb81d76c8b4830cfb75cbcd9d5c8359df4194b31b191d8f4e6cb6233222b545ded22b4c63aae306ac5d6bd7f0f557e63a2e5000229e15bdee9374584266fa9d84eff029f3590f6e4aaac3d83ef607169e059ca71a02f7788f675f992f2e078d34eccdc116c8ea6916244ade21c3956755f9d573be06861213e68ef9ef0abacb23d5cd525bdc757120a5f5f0d1ea7966221bd44944d049a7dded2d02fb15d15b85d622c894d1f5310b0129da20b622992354f57e465a6a17a0f7b1ae5f8d241f7023e6695fa0b8e437d184cd0fb78a5336c8f54b2766e1f347fd44f7d0e174e6b59a0cc82c83b980052aeea9f382485d6c667fc42a87d7e9521108560202381df66a8aa05b985c147eac5d5e42f4471ebf722f849412f492c393e7a3b6d9ae2cebb61e11e6bce15bf06f8445cab0d22c8aba64650e26c00d918a678221a0c0ee425e0792025a6d7c4c8f17e6143ec62d08953c29eb5426d791c8eb3dc92f4ec4f7234d749464d5a415839eb5b3484ec35e67c2e1d264ac9322aac1b128252dac7faa74e9ed1b51c2fa1dc4683660332bbed722a98734bf07f3cede84a2ade9f80f06a9387bed3eef55fb069087ead4ded7beb5d02954a733902346092056f174d5cb8783e6175e15c02471c6600c1b1c776111dc0dc5b85b00ac0391901edb3759b9e062446b8aeb90f231f6d3537cd6e2456c7ba1239f88aba4d7f38b5f4b653003268319880ecd2eb2a42ecf3c44c10e7e28f799214822de5c83acc424ce6562bc3233ee71f9b479f767d3fc797336ab66810780129307cb018f099ca4d47e3ece834c8aa872e367fd642e34f3faec0a0657e9745232fe9dc6a7c0e7be4d6eae8c7b8efc82c2279d0a972ef168f17dac34cc8da35db131c5939108017589699a8547b5f20f5fffeffde0bcca8e1be7f704d9e28cb8b34c9523ea2aa27e7017ea30dfd787c6bf2e9e1983f270ddb3288f955240069afe13944bc84839a44dc84a7bd5ba8d3edca45dfa477180d03dfe3face48d66493ca4dc02586c1cc02f9e8b89978cea6ea956b11fbe89c2637365edba76e04daff5d4258eafd7663311e0a017fb803f6d436f12c887eaabc335399d0d68a2735f5c2a11112f8b59c4ef4d4e614165c223671dbf6f4ec73beeb4b439c050a9f0ff24da6e52935dc34d8a2036e7f80786b5401e1f25d35eaf168e652ac81723c3b0ba94ea55302b60ca6ae45adee58cbb41098309c8c242d07b89f81d2d20241466f25b566506df86b788250a207db1fa9eceb5d615ce2f46c0da0394126f7ea76d061a18908c0c5eded7e47180843883818e808abf5fe06add659f3e1d2597275e79b2a79396, 11, '639-01-6752', '8828319784', 'gcampos@example.net', 'domitila98@example.com', '4683435844', 192, '2012-03-29', NULL, 30),
('46VM3561', 'Remigio', 'Hipólito', 'Echeverría', 'Rosado', 0xeed537df5f6ab8c579ba4e9a8f0110860309b1f63f346a7d4fa6c65aff5a930575d2eca3c02c14cffdb81a3d0d77c76f8583db7540c802e18ef3df7e2575a386378561162696a42ba14dc227c5147eda5ec5ae8351a277f36363395d74255e0da802159a08ae28bfc3adffb925e5ae0d67720d9837f10c0b8b94890fcaba146b5018e187c1f095282890b51ca237f02faa7a2fde329a32f97e7cf43ca257bc0039bc7c855b0561d9961e4c0cd9353f421267a2244282d09e0a2952f5ed12fbb4c03347c5b7627e1c9fd6cfc85f21c7fab0ceddeade3293b12a69c50936c21fdea289342b2dc4b18bc6c059e15269e18a6552e06e461707cc3d5844f9aaa930f386ede73970e4afd10eacb8e38088fbace15975d7bafaa7d0ee59b219969252ef9bf5b434ffedf569789fe0fa286510dad52376a40c4450945eafa66af8cba6239f2af8897009a605567d0787628a22b4f9fac7dbac17178393375d257e00403020aa8888fae8790fcc35462400571e3444479a135629998ddf0ff47924743eeea0f6fdb7debb46afb891f0eaa714876fe0d0526a1c7961782e7f1863c7b67eaff7c44345227a00df51cc400682eb736945fb43e793a187bc3c6da5f95c6486f2edc52677ef4a71816b9e24d61a4156df55933f15c70cbf0077c7073d0f0c9cd507ffe25f41e4ca9f566c404d1199a37ff1fe2a84e4375b9cc6eda29390e9a62069b56a730d81ba0996cdfa46112daf117fcc2e63c9958d94a64ef8a7d4513f7650840c6c38a1a8350aa823831b068e30a4fbef9d0546cc78eae1dac8049cf95a5175c8429d1f06fe320d090e6ea268eaa228190be5adc9534577df4e160cb10a71f1584649725d10c9f81733a0f6c2eb8362e6a7e25547f08edd53b7ef83f2bee100f29e6cd210f0f770641d4f75437ccd457ba3c7b6ae5fd960078bf2c0dc9fe277d8584a8e642f2f5181aac3409c2db3f4ada2cdd44cf21375d7376b35775aec0241cd39e2365c244b9b3cb191d876be362d9fb33db55fe179fb2ad720fdee8aa36fe45ef2a58ae29d888b50fb74f064f4096b0f637bf1eb94fbe3e24677a7919990607f2b97116aab1a95773f4db8f91310ba6ba849a2fa75a8ba4fed1de2ceb27236ddaa6be598195d52f35626af3b6ea8aaf5f1c9479b38fe4f99b48ffc7eddfa0f24a7c2f0048c33eec13420e2144e43d80acfdc6bc50802005dbc5103a76bb62808d429306341123258d484505f517bfd7b8fd7b96869d519ab5dcb0daff99f7cdfe30c09a95f438033dbbb0467ce39a539047bd3f56153e00ed93295476d68133e90d4c4fc3a36f8af29e1cb0cd6afe9e0f98c58ffcc316cfd6df196924187bcb59c118e6feb964507f8d38465e360e44f49aadc5da7a1a29d5a6e905585367d2f57d939e1e644d3d4ad6784bf53f42c78e1abc1e838d9dd3fad8a30, 2, '600-93-0638', '2188614548', 'jinfante@example.net', 'otamayo@example.org', '1861270653', 73, '2016-07-09', NULL, 20),
('46XK7304', 'Vicente', NULL, 'Cortina', 'Roma', 0x3d4bab62421765b899b174a6c2314b3e6bee0461b9249935d33fe7a31b95bbdd080b2bd6c620b45ef9d39daca9a2b1cb6e881503ac37d800ceb8c3eaf054a5879d836334c0f8205b841238ebad3c9fc19444f6d37e66e8669fdf287510b62a88f457fa330aedacbd1a472bf8b64c4e75b2871136e894f5589dcea810c1e9298c36aef05a815d5fe4c17052645ac5f87fdcf7063e2f9f4e4760ccd525608fb3bd341d3da1f2e05d014f1b376d584295fedafac539b41284053c5a3eb67b1e724e8fa6e71029fdc8da8587866ad74f1f247a91afee97f7e85918b518428175b2370c08205e89e6e8c570ef1ea15202655b6f12bd4c4d033df8fcffb16e0dc887dc6b0c5f386c7eb33013f5f0402e0a0892c7d292fe46718a891a51ac82da5c144d74d4b41292ca3afc9ae9330f27c9235a0fadc41870e1dc410f7484d71b840a167bfb0e72ca779ccb78081afebcdaf87c903f19e1c1624dc8a5bb343ac6c75cda76f6099e93afdc3b8af496761f3cb3e6a8d9497f52da37775604b62e0119ff1ba9b1b142c601c1288c5fd37b5c5e0f1730326b79f27d6bab87ba5365572d8f628748a61be46872c6cf425ac729270548434107a2646470c49f2cff4012848aa90bd6db19b706a1d6da6bf87d549d1a8315af2e1ac11005ed028747e33548caed1b59d32e6c1a71ad9e7f9dea79b122e437036244b5e529d99a905d2ae745e94a0e8ad7651209f1261e74bd988d3fff4a97fb9797d39526976450de212785a837ce4dbae18cc1d90e3a63352954c9c68ccdec117ebc3c1f4d7a6b885aa869ef375909a5d7c5fa08af749158d37dfb050b35a1f8bbbbe3647664eb299230e93453c0932baeba0630bfa7cc46af86d64f05f82b7cefb0c2ac328968ea4eb14b16b37a6fdb3906d023d32bdc9fdcac0d0b1adf9c056f755fa8d4c7647cbbd1faca21cda0246dc9a60683f8cfe0df8c5108693d24e62e847a42eb608a4c95bcb9031678b4589df90644b003893c5ab7dc27d8a77eaf09e07120f4e24a4834093c9de464d031120035c1944825ccc7af7a5ad28f970b86bf7c96e3ef9ad1f5b0011c0c7916f7bf83916fd9f2d5ebb01d00d047b7be99c90e463f7ed2bc7fd0c04eaaabdf15fded7722b87af57c46500b310d93e7c059464735db5d657f1671caac9b1f3226e8c30de707fb848e84d653a4d4e5fd62d2dff90e955dcf313869fe8479302e85b4ba0876de013046468e69ad9da7a2502b956fd547b630758c46a6e98549d02d4a82d456f30af4469473ae3d7eacccee2aaf962064ea7cd4b526214ba6e90c54d27927aedcc977b00b0a4fac90862b68b1e29e2dbb2a2e9b69c38beeeba276f11489dc745aa184a73b4016ff0da8682befb0e031ce4506913a58d66841306c763a85a8919e8e071a780ccafd16b7110a4d78c7cd93ba787c121d1b041913, 10, '031-51-1822', '6501146662', 'cecilia65@example.org', 'nnogues@example.org', '5794679551', 183, '1996-03-06', NULL, 4),
('48FL0018', 'Armida', NULL, 'Rosales', 'Jaén', 0xd67317f5ee358635eccfcafed7e80ad6652edd4970cf8fc8ba4537e6f9c32c7fc8e95f00b2c791b8fd234f973ef92d7ab41cf7079b9c837c1d6c0b7c5d7e1c462e6b7e00d04ea09a657a6568788e9f521d96007d9e5daa85ae3d7cfbc78f2f86c30e98d106d97e176158a697c28d141a8528478901e5be8ecf10d62e5e19038c615dfadab813ac7b859516258846a7e17457be0feea7cbfda0830fc45b40bfe36c50bb31b22e77b9205768c4bb70581c52358fc811ce174b9e34b911b51db83ebaef8fd39a2f2901f306e74dbe73d8cc9916551b6fa7414e5b9a1c4e3c6cb0ff3dad564301aeeba439691686a015b991f009a7cd112c14c50608da4c9270cf58a6483da0166a9e33af99c77a050090f8b00612eed6481a1a24ae054b203f9e65c490dd9bc2fc84ddda6278e3e3b144cad40cb7c2aedaf529fa36a33d51b25dba172d0a295d017c653c5fcff0e39c7e64971b4ddf88fde7221e2c4a06a23996aafc93b82d4880d34ad9678ce9ac1fc0a2bff618f98b2c8c12fb3d3e9f84a83306a5cc0a25a51cf8a7358ebf92ec3436f1a2837e2e80543d410e23a1ac4887dae71594bc0ca570b7b7a10a43f9d455d94e177a60836e435f2e28427a821ab9893a078183d67e0432984d2a8155ab9ee1d700c3dc0702bc566bcba8fb90f4eb1ccbc21229e2d4f4e8beeda16971ba895aa121b61bceeeebea60335c53c617ae1c50a57a998da4ac30312204700ba1af784b5592383a9a48174e66cb64b27a8653904d16261ff34e8cadc2617dbb849aa941fcd2093ae7cb8587a8d768c092847ce299f092862e160d92254ef5c33a3c939615987904458bfcdcf82bc753840d272afc16706f9c3d231b5381a7d1f80efe4d9c31397601399d8e86438ac0ddb0d2a80119ef8a43206ede3155aa073b7865f6f9d656147b994ba852f061bbabd7e5badd758756d38ef1fd37bd79e38b862f203eeae626a0eb0caa794855113cb7333ac3f7fdcaefdf725674a61acd7e928c7fa837e39374af194adf11fb4627a4901867dc60f04cd80c139a1afb440a4850f34e4e6ab6f34d7d82c65b8478fa229198baa93e915ff5ef0bdbced66a197e4d5d170383427a9d546377e86abd3a7383d82b8e1c962dd8969d8ac865994ef5f47a65c313dd6830497884810e8fd874bd337c6f8e1364b92edd0dd0d6c6a2eec3d43a3388767036bc32d49e3b1cadca4a38c86d8c1ec7e6cda8bb6720e1397f0b281a050c02c7f58e1b526dd79bf7e261a1d923000a2d03fc030c5ba83ec85b8406a994a13c5e8410eb72da663c713d1efa312755d199fc541c3d39884d0c7f9caea35156306f76dd25e815dca62ac9e488bd7d6a9c5561f3d78c64e28c9e374674265ca2fbf9066b37e4971467150f28d9c2a1f4baef896874e05a8660e31ccd12282dac2b62f46089c9195734f2c05a45, 1, '478-48-0386', '7552505082', 'loreto65@example.net', 'fpalacio@example.com', '8678969685', 187, '1995-02-12', '2008-10-19', 19),
('49CF4395', 'Sabas', 'Sarita', 'Ayala', 'Folch', 0x72ea9d3dd21c4b0fc5f413eecfb63e078f78c14e7aa3c06c8360bddea252a0633f5d1a4d6476364a1c8ac0fc11909a942b400be07c3f7fdb40e62d9b351f47fe9a9ef680a1d669a6a7ed5235162ec0ccd1e2fda987cac523071b48cf0845afb8c0405c78547cdc0ca453698b135608257cfaecfd7ce8543fd65c447c83df018eebab73f3ad5fe48efd7905afd1687b730884c02b552ddbe4bf6c385860a4c0f33229bfe44cf7dcc53db312621ec37319bcdd6130ab51bc35028a9a5916e5e43b6f0d737b05f0f7085a0d40ec1326e0a4f16a6d14dd1c361fbadbbe39d3ccaf2bac48dc43c44b8936d8533a2c59ae61ac57e98a41f54a6f9b8a6097b7aa1e522c68c3f9098b9b4eb749bec1aff0e99a66cda5bac3e0220beb39811aa6a87cbbdf0d424c2b1804d6bd389b44dc076759a764ebe226fd359886648719ac67a56c15ac1f2b1a8f1981c55e240dd2a5375baff88436eed957e22712aac51dd76130aaf6a03af453d804d518751086e7997f5c2b5d7dbd6f70635142d8cd9d9e47fffc9a6b34dfaca943863d2c8ef826be04b43d467b1ab7761e8f2bb740eab1adc8bbaaf8d287897a8601f1b8ac4570b742adeba0c85447f39912b4128cf8baaf5f6453b6b45ba1a2eb45a49f8f6a58d88ac05003df05216724dd82562e7f01f5e24928aec77015fe45a35725c3b26fe2b58d99d26bd370be01a41e4534e80a1a78bd442be1f99007a5cad7a12703708f58a73d9172efe26803cb476d3c951b66b0c0a2b941e60efb2124ec39be982aa1ffad9672e334740de864a0b40d76bf62a7547fb166ae7549e43724f03dea4ba081c24ff7f9c958312d342eba3b7b302d7b94a3ff0ace519bca1bd3818d012f553689e725cdbfd94712585e52a8054b68e7e5449afd5c4a24423176b71f031e7294af81a2a31b99d2148e7c4f7077a93ac2afb2d9162b1dbf07829dc10e308e35b1e32ea2be74714fcb729632c0338a815873682c8276d967ec0c5ace9a54c4d2a7cc43637917cafbe53ac96c6af6280fdef74a1161f6ffa4d36b02dba25e3316dfebc206f263b69ad1fef5b74c1fc635ba8b509effac95c6870a8630c11da4532514ad3b3d686836495c2c506263b2f52881e106f4d80483786d32cf3e6e6fda6ed8cabc58e35b7a27e2b3bbefc95fd2d2b27806d535c938696d05b137c190caa5569288dfb9d5d342772ac01472e9814bccc36434a3a97ac284da70ac3e9acab577ac4809ec0a871246088b3df975b71cc537dec47cb2b2985796ec89d0b5068d7c3dcd8d8bcd8ef0c3df59f41a4a4d026af38848428c6e362314fdb90791ec3aa43d656d01d47ffab1b664c827f47afc8f2ef870cbce20a5844440ba9cd9bae81bec130f3c4c392af1464e42bd8ce33b642f6832f619d1e4d32ab67260ab6aa61b51f48eae7965de2bc942dcb6d9f89aa0, 9, '313-17-8305', '8302314108', 'bhervas@example.com', 'ofeliaesteban@example.org', '5509797741', 97, '2019-05-25', '2023-09-26', 3),
('50PP4370', 'Pancho', NULL, 'Aguirre', 'Mármol', 0xcf7383e0b7f96939b4e52baf5457aff289f7cd580e116ea0b4b381a1655cb2b873ed8cf4bfba761ed86523e10a2688b983c701e4bb8f8434b2c233c455ec2bef5c993830793b3628f25402cd8a1fd1dd42c93cf1f10e36033f641c60ef62b89935770bb4af460c77c75e3713f4b73c0dad49c9cdc641c4a97ed45036900abeeaff4a070b1da20408969e24d9a2e7fa0fa5c416be1475e1326cd4493b4bac06de5d75e13941eb81e887d5fe3e39078f784f64141fbfba22a1483232d8480e09b3a4b0eb5ff22430f15932e6cefbe3eaef236e1dabf233e078cd09be5c59c80d4568336bbad6c4c3582ae8bb08af0eb3e2abd463d698cbab8d200758954ddfe2f2b712436dcdfd1ec0b4e08a7fca456610b754bfa060d609489c308d72d9924aa10e3a36ee025587c862ea35e88cc743f2cd7914ccaa88662215f10c166c2c3246eca367481b023128a4cfc4de0f73b060d3a98906b90a3447daf489d3719df5adf96b5e3ff80bad67c65f0514e8f03263a30130b34d128b31c60090fde8d3597a684949b0e40dd07ee5f36334c5c043468e7f662e03e72d4f47990539c29d637e17c459f3c88521234c5e57b7ee369a9844a8312ff30245482f89558461c50a4be3f17d63fc3a7540250f1af285335c58cdf3daee13093651cb89726140b632e586ef2c4dbf81288d31778321db06427d704bab26356325ab904226c8217848b58bd6ec560b43ca7e5b301c4a6dbca655d49a282615a203450211ccb278e179a9ab47c19ae0f0345a3d0842489a37144a20e89b7968b2f42230fe8a976ae645bba50ab02b0c2e46ce332730b8f1529bec93e1693a7af88f3a31b1cc7ae092221d4456cae9fbb4ac85f95a8e6258c59dc6f482e6663c2c4197b8710d25a67b10786ff9cf3982beb2aa0445e73a4da9ed376dd0e1efd22a52974f1488bd4dd987c6b23763c28d14bf874a9b648ae891f0f51f43b521cf62195af620efd89a2e7fc9c2b83c0da0c33454d666251b1cc4a17071d9ab097cef43ce02a0d8ee103008a2ba0e6b870ac78e9c15a5adc6c612b644f623e16cb428047f2b90688012d640f622c3078d8f509a851b7ef3d3f0e5dedd9badd08819afc634f8955ead70b8aaa7855372367fbba2f5bdd83d756d5882528298372dd7a11b99cd8478bd77ec51ef4c4d55df362691312aa44db72326766b6129e8aca9318c245dbbba5391608d08bc77621ddccb3afc6300a6aa2e8e246a8d489720c31d8cc8a3fdca8f4b51f77263188e731b3ed81635531c4667fa69a462177242aedb4deb70b3691a26fd7a04019b3212f44b007ef5977b66b193e835ab2da445d8a9f16f326d6ead98a510dc9de1f051f72e70c3b95f5591ac075effadfd2a8fc7780e6f2bfe797439abfa55fb260dcea308d6edd70340027d1cc1e69d6b58114280bbe902952d4c9cdc762d, 1, '686-33-5756', '5298853505', 'cerveramaria-pilar@example.org', 'pedro72@example.org', '2893935425', 3, '1995-04-25', '2006-05-20', 21),
('50QI9918', 'Patricio', NULL, 'Corral', 'Iborra', 0x05ab62ed54cdd1d6507f887ce31e5010f191af23b315f3efd8521565a78e3b3aacee282d347f884b768d21de6dfd8d1da0aad5fdff1ec6bd480694a94fc5934ea8f088ce5c81721b4df866173334b411913862d864093028e1cc0bfb4b0ec9de684578a44271eb763062a2dc958e78bee4aecdab8e554b7375997def120b17adfcfb41f0b76de443087f9f734463e24f68c567823a15c98d55c2b0f72a56d5318169994aa899fb524c2f58345423491080d64d2a5339e3f0558e6e0af33ce5efd8a732fb0880777c1c011932a1ecb983a616e3cd2404e5b37cf38a92e539ae2b84284fd53624959889c7eb10f6947912080d76763099a3a0ba4973fcad5e7b08e6fc46ea4981e8e830353427a935d130d5896fcb5a70240345891b946b1128a3d2408cae44bdd13ecebd801e92a7671502c98c5bcbcb46a93b65de77b197dd26cdc98506e0ef557b092351ab2924e7ca27ef33a675b97815ab8b118a53e6ed9916fbccf91e774870aa0ead75d1cded322f6bdf0a026051b5f0914abaf3088f5f974eeb298b28e27e5503c5756224ec3d173fae70749a1cd8d7943c27090662765c04803312f7de462a3d17f27e90e9caef89dacc0f3874c3811203fb482dc2a85c269f4c7a9d6f68b0de56efcbaf9eb13ccaeeffb9d43fca3382f3915a6ca9ffe5d1aea0119b0aa22f58bc17e7d6a151eba29717444636a36b35685de7bd52f9e2ee212bab19b60a16987688431d220716e28fa2f99569a15642305b02cf772e597c75923be4b6a662d38e5213d931c6cfbc0bab28e282d80deb2d558e2a6f10433ee95b5dff9ad43bb997c8c8f5a866df37ec9cd7f55b7e2d98655380335016881dd15ab8d62787fb70035bca6aee36b97d058f2f9dad7f0a5f460907100e924365532376980f27be02d3e840c28b49e4ea714dd8f156170da6c1a41dadef387bdd4ce6e3af21ffd126d1cb3e2c13b61bff86fbefd941e8717ca4926c9196afecdebc7fdb56c970e252c4c46078ed8e37c2dee3677e479ba26337b3893cb5d07f14a727bb3901d164212e91b266005cb28b4715b189e0cdf2b3a3f55c8a6674b389c23ca865a74cbe163e589136769173ac9bbc276d4157585893c0f5ff503aeef5ee9705f768066aaa58e856523f78c25898a5d6cc60da3a618bffc1603db1beeee979e3d75dbd9a160965ac82a1c447deb5f9a40cf1b539fc84e87ca7b2c0adde0717835a900e429f2ca685a7be6fd16524f293815700ea4f0ac5966c3cdc4d09e5be59ae4dfb0e3af898fc03c5dc9c3d7e7bc394acd49a3b77fb3f6b2d2501f5e555202aa1f44d41d14b273df17f282a6b31efa72c988b3eac07752b3704e3d2bdfbdac486a11448838bd6c1a8fa8895707499d3cb9a471727aa0678029a35707d56564f1a3a9114dd2dbbf7bc2a86dfe9039065b3e33388fcebad5997b1, 2, '537-41-1338', '1882169912', 'norberto48@example.com', 'kfonseca@example.org', '9246075398', 62, '2022-03-27', '2022-06-24', 23),
('52GN0915', 'María Dolores', NULL, 'Anguita', 'Cuervo', 0xb70101b87fe84bb76235974039df340f4f845f64a277dc9be0b2bace659a06eff59332f53c9d6bb0fd00b8632de34f4f25544f65189d12ad91a0329500fe516fe91996bf864b970c1fb83ccf9c1736bebe0b0389fe4b17efd355a07c4553ce67c2220ff03066d30541d9994e0c88ad496fc1eda3ffe9d2f70eb99ad0ad2e7a1fd0e1e4f1bc25a81967c8dfa5cf9c14c1ed677d1f77eb4a9400ce807ce067f2aa4b8e44efdccb3396bbe4cc9e8153e76228c0c8e8909a26f225290b8fb0a8ffe1e90741dc5900b15c38382cbe38b305b1a0cab9075cceb1a3ced151412089970e02677b72829509854c71e84db87b88dd34223614d2254c51d16c0359fed794e43f99d42c83b60cf6f6eff35ccf1afbdd127e1bcf7b8bb3976493706e1908201a772fdce4be72fd9738295bde7eb20ec685b0b352fc3ffcd61cdfd0b2aa693458c8e43fe5373d0c82df16590ec9d36094c5eaff4bbbb346d177c82a2fb1da34e37fe1e495ea09bdaf80f5e9519b052b8b81823c71eb7ab9df3b92b22c777ce5d3f82beb05bbcbad30dc6c655a4b51779410d89bebf9fb927a23d49a09282e0331090b78acd07c19609413d0aeb0bc7a5cc00fb1f6d3e269d1674b09b4266329ac21a7f6cd94d07bc8dc0070e40bbc83add66bda3e94e4da89283df00c9724d0f3c68eb479af0940a143a05ced4ffe3f7630b93f407af310a588d970fbce584961661c2550ca9d11c3237dc1940db4a8faa77b3f1641a406b875d24bc1cf3f4a9535c281006da8432b294fad709cee16ba29585bd670662f4bb68926536303cfcf7c74f95d363c10b76a3f3b5dbb31e1b2ce4e0eafa8b026645aa03eb9552e4a70c95936e1bce8e8359ce5f5f47dcbf311cee7dbe85678d2d23f58dfdec1aa3d0d1110c53fd2bad75c9fdaea5cd1ef1c9e06136fdfdb1d18347d71ed3bbf83f9ccd2c5f346f9bfbe31eee0a22cf54351a9d635f654aa8731d0482880c92c473cb15bba04382a8fca80154ffc0bd3663a8de10c09483ceb263b75ba7b73213afcd8a2dda61b73bb3d7ea3679cf1233d94ad917f08eebefd28ff0c6d141bd14454ef1d0c26ab4c758ca61b2db2a3adb1e95f03e0c5e9fd071b6c547eb5393e7a546da949e01ce309cf593bc2b20909da9787049a36a2321d75b005b584993624d297f42e4a745d09029d806c076e6e8f948bca31ad5cae6bf393c44d4b3ad0c2779f479b6df52381c4c7d0921c41a6b9ff93ab3549fce0a3ea5f518202034e655cd895fc753bfe2fa4ad53f903b95147f089f854c257989890151b9525583cff30913e10f6193230c86e5981ad91da45ffea1f1f1f5c6c7194065f091053a43f576fab46f6e529b89f52222a7f2f4aa84f6d6170f8a0d43af7647e4be78233560b786e15c5ab3fbe7ba4ad0fd24f4b0ad31c9de3efa2b6b3d487a260527d01305bbd, 5, '576-77-2641', '3092393162', 'zgalan@example.com', 'ucamps@example.net', '1334139171', 13, '2003-07-30', NULL, 4),
('53RF3860', 'Tamara', NULL, 'Gaya', 'Alemany', 0x31a4a5b587021e4b4dd223c7942099e49664ec70286895e6e184a45ab2693b55abd04b640f7dbfd2dab79c5af93207ad0ed7ad04ed771d1549a741aa8f186dc5873a3e629adc4e6e88f670ac6751d607f991e3a487367fa751fe104391fce03afbbe25b4284032b3ab679935ed917c12be7351eb7af82712ac46f507273fda2d87dbf706688b351e96ad7323bcb43c9a2f1f53b07d43b18fd8e21676156f555b6f63916b7e3e7463a06f22f94888e2b80d46ea4a76483e7a8496fd4f00896b651089f7caf997d1f921ef17e798ddc47a9172c8c9d81eeae924ac2a9e735ac4d22730505039586befe37ecf40f1f51aeccb333a1d654ef6bfb1b6196c22008cad820f2ec5a6a7149ac6eaff672a5bf32c0cf604f7a976600bd9cf2f0ddf8f42c04b8daac3b10969cc4f218ed67dd5e89501c460048ee53995c12dca00d6a447cc7d4051fcef32ba0a8996601496c92297e74dbd7e534dfa089138c1f61a8b05d9cfdcd41fb1aeb941abe6b02d7d8f430fa34fb2914dcd940e4e56c2575e004fb53d043b9ff24b05cab7f1670fd5149e706b1e39fad4fcb8eb9ab96c06d5ff16ae1b1342fc9793a0cfec28984ce2f8a81eee49fa4af3d68c91dad6c8561b16673a0beb723d53c70accf96c3be5af1813e649d1de18876546df10af20feec43730a32db19de4d06d2d07ddfac3417869632649e7de21342b878821ccfda58438ea458f074fdd7dc29b8c8e0494821c285e7998ff6507974b5d589d404f4dfb27d793adba7381e98b55d9efeb8d4524b9fd633be2fa8ed52dc69faab6005be40e5f2bfc3bd532cb0278b9039555a152b581384188acd2cfa90aa523bba1f736c3b342184dcf890c7e282c89befbf2963ff68e3c568c3e4175284da3fa30a157fbddb20e2c92b4f7f621cc5ab9c0ea6ec49c39ff18f62aa370894b1d089fed824d11ad90fa431999e52619a6c7024b8fc041bc3e42ce3399871c2bfa4db3209838686e1d0c92f812e8c6e8b33bb35c68baf46b2a8cb9eac8445f55874c6b9cf648c622fbdeaf759c86d84a670e86385ad633395fc2b5b9fe34037b9da36874590210c43e9893b064e6fbb745fd32ab866be91e7d2682e491d79ee1c15f7ea96713068a391b269c388f6790f1359ce83e22894acc2c3659d0902a8d05404db0383be0f9344fa63cee9471f9870a62b7d63cad549c77d6153a434e43c32582e63e4f5df73cd1e4850f036953de7743380fad9a7c62041623194394308710cb2cbc74a184901931317ca7bf7c02d659f8f77ba01255e7f06dd75ffb9d5845d63d5af0d8f9d7ca025f36c5ccd9de124745bde298121308151aa10d3d4637160914bfeed6ccfb6468a97dc4c7b2b84887078bc916afb222fa77d66c2b41b0ad856b23f1a81b43834829c58148b3d4c2c4f40d251b686cfc4a3b44ff86d7e3c77e9ff1f40d4, 10, '510-64-8540', '6106000879', 'adangonzalez@example.org', 'msalmeron@example.com', '5256495985', 120, '1994-10-04', '2017-11-15', 8),
('54FB7283', 'Sebastián', NULL, 'Mateu', 'Torrecilla', 0x452e1e42181a939672b22c1c5f87d0381813e11ce63c0e18f92bbc9217a486725367d79d50153f0c9d40219b53a0897f1fe7a622ee7bb5bef3cea8d568bfdce6a50c754ab56c571828542bb9db3aff4b6cb50571b1b0d8a0cc8104954f2741d6f541d23598e06468af3d5a7b530e4fa876476e7b1b91aaabb6b741669cbce4360fc52a251fe6eb96645a7ff6ff76c43abdeb7a53eec619a29c7e8dde3981a74fdda9f4ebb4266017e4dbd824cd44a2a1c0281038f4f7ccb58adfbff2aa9ef763f4580a16aa1979972b95f621743d9e7d65df0b604adbc2cb74df152bd0da8d7ce0b477dad4d75300cfe26ada2f540b9f66e9405ede269b2cfc835a03a19b7a7251702f47774760f95562af34bfcc701fa2919ffad36c41c6a58a9ae543f2a295eb534989556c5ec3db7548b43b5d34e2d1e6eaa29e49d32e916b6a59db7cb88fc9a344eaf5d98663531aa873128eb819a0fa5b84c591af5a06a62aad0bf41174dd61840c4b90463e2fc3a59672a2de015666c29099b739001d93d9b5cdc97391e942146edccd7b897f6b6612348cd5e2975377dac431d9b5b3d77eb4a8ad5b083246a63aa2c03af8f1a97daa63d10ab4de5dc8927f0a447ffbfd4ff867fe457eeadd45385a7eb9d88f466ef0f2a7e273d0a401c8825567221e801befc59521c2aaaafbbf20776bc8fd9f3a5f6ddb0407ddeed7c82c56105dfceaad8a38583d54adec918e22df41aafb46c2a7b42cfefa696ef321d9ed7e6a4b242954ad43eb9218ca614f7d0ef75d1fe23dc8e76a16d094190bdba6cec34e500ce4974612aed1e74efb3e557b6bda8e94ce493833cad3d0d95bbb3e4d6632475b30d9f65b980f58f3ef284274fd9b1ce96a1e181d54c99af68924d6b2de29cfa2918a6cc5d1c4462575e3eb1571c087e10d8d97030d9650b841a247558a53a471627b8d73615984942b85a93ae8a92815e878bbc4b93d196532cb0d72cc3390462379633ffd0051620d2bb127629eeb87792a13c691781bdb4641f46b25db32309e7c27c5f0879160222a7fce861d8b9547d9d090c2a693c6232eef115570159e007bc16572230c5511f911e933343699ad29f0533d74c28489d7bbbcd4f8c0bd3c01c04d7a3276c98338c8527364222b037a63216398c42c36b50f8587d464c9b994c12b1a6b6d2fffd0c1e67409c1530d3f6ba5c2f070a01918a47cdad2f44452a98f2fcf40fc35d31280d112c721679e60001ef01145813291137cc2f68cbe65c9faa9e89dccf3c7a2c861c810280ecf2b0a5e39418ebb9cf719d78e4eee5538a042fe0e2d7c1af5676a81d1b2bee34e5425348c1317102b249e656488918b981bbf447b131ca46ff9c4be11609c013e94eaae6e7f36c30d9c6d642e6da348d2a3fb12fd0cc47a01c91ce4c441f9a1f2ee6cdf627e794e8eb12f36acf8e58403e403a38e01, 12, '880-36-8516', '2241419717', 'tapiaabel@example.net', 'nvidal@example.net', '7013831568', 19, '2006-11-13', '2021-11-07', 5),
('54HS4839', 'Gema', 'Rico', 'Duque', 'Mariscal', 0x838e033168843269a5bceff51584d19432efc67686b874cd500c8c3af27047a5016cb839bbfea12682091e7acffe8e909ab89595eccddb2251f13efe5a2cb8f99a89eca506094c47df79e9c18d1aedf20817833c297be2321d99caa79423a701c0b92d4b7b35489921dcd417b7f7be19ac3a37799b89e14da5bc629cf3767ea2af2f2d2d6db5c55b89acbcdd236462404b13ff0fc2fcb7dcc3a1915b834c98348ea25e36229ba6eeb51207935d0191b70286bd4833d370a3df2c58a5e7de22e801dc51d9718edf9ec6719b6983e4391602e2cc7fe7ee5036d108eb504321b8398695c78741e6fa3a7c222f18f3163471f7726ea86b78caf6e6b7012da30a60440bacf75e278d86c25042b44eb4e71a63e382cd2bd8f4778a5a59cc4381f2741d0add12863a425edbf20110462825cc9b296213965b7d500a69ac1e65b16c7b33c82fbbfa74e6d0bc7f32e1c7868c8d7dbd2e285f8f250634a7f4ff6905e68abe722c6d6f3bf4eb01723733efb940e775b811844bba93644b20cae0e716fc4f2e8594db55fc7e203835e9b335aa3d1054f8caebe3cbbac948f5dd71d8a809d84175870111e3c5612ea91a608b6463ee33db0bfdfa97a2535e1c3a6466bb852dffab6eb5fb798c41ec751a6ba013eeaada6d90b3d71b64e035734401786e398466d07a841d22c3312f6267c0e68731ec0915bf9a7998e2f5344b2f2a3013fc4a390757392baf3181e97e4b25af7f9f0e2da2eaeb8eb75916da8b97723a6ef62039dbd20be5151cb2cbe55276de4cdbb38aa7408c6a941bddcaf87a8ce7a39abd68c98196f406480c3d5dc226da3b97fece1bc733849c04c6ab413cb2690f609701061fd891193ac1a5acc90921862b1056fa365164cfa81e36729df5e634d916f749964ea187f37e3de1fc03c0ee233b11dd48415a7ff16ee3508c754e18f9de6484072fdc087ea4bc5b17c0f6ec7b417a6583cab0511f5120b97dd4b3d3f70ee4abfbaa4f7f6345f21586c69c0d4521c4aae703f68bbc6326f7331a1e75ff1d546a5f1dfb46f987a4f37c9fbd340353a6995d094b0e9b401436fe1c56eb00c78851d949e1eda12d37395b5ed04290ad00ed1a68a2257c3a4d8c6c996b64b9c407976f31fb89a04d237378451b703db7310dd69090045d6f5712f96a9b6eff17a1c7ef798d7a56146ca995d6f2cf5439e663f15510b7d0056777e6df96e5523cb255896a42cbf913ff253a76b075944ed357e209e144bd5691233571ae0300b665db9d8546bdcf98771696e5b99569959b157ffe05542d0bd86dc436b0fe1a4ee394473f715fdd58cd5edc3244ed4bbee7bf01f891d9b3e73ac1ff205eca5becea5db7a2eb58192096e4d0fb750d62a2990716872e0a75775bdf8bdb792deebb28f56f7a845dde14939451ad6d0c7d57aeeb88fbbab2706852e20d6c55b42a8ec8, 4, '956-54-8390', '7509525243', 'artigasabraham@example.net', 'roque24@example.com', '7595806310', 0, '2019-12-26', NULL, 19),
('55SF0908', 'Jimena', 'Reyna', 'Castells', 'Cal', 0x98e9daec61f0328b2c199f42744675a80d10e4131f103f63e26ff04f511e4f5b43118874ef903c2ba4aec81503e6c5d63ac7ae013cbc7b46a1e584da5594d85b5f81f1e8eaee7333c3cda20315bfc056e503592368bff3a7b7109e685a8755beca4ab7d8c4079ec8030a7a5911b21e26e11072f4d1bff23b48f94f55b599e1d6a7bf45ba8b31fa8da603538142ae75502c8ca7216fa04f28ad156e48d63726fb2993bf172a46da2332886f541fec0727ef53347ba247b354e56a1f63d95c500fd2d5f22dc860cca14b0b6fecad87a9f4772694a09863f4143f4dc5533559541224c40cf05cb67147b2e3b9bfc7f3d041f77b5e41ed6df43fcf98701a8ec67bb9dd2f4a282bca1d18626377e0348d82ebe92a49c280be9a4989cd59d86c6c8838bb546ea50736e24d17d4cda94c7cb062341e56a6cf7cd10c64450a81fb4fad45f9b50d5b6eec4306a6887f3c5a3562cebd28f11a7a1d0847dce0aeeb4f9264e7a326f24683f292a0ecfc45c4f15f7aa4a2518355bfa931696b9b1d5c8a5ee27bc1544d2246966a666198621e91c8822e2d7ea870f2b683d59045c0515753cd5cfa27858e3a4f5032f3a39695c6c00145c9931947a6e3b4aa155254abef6db0c2831cd2dd8a202ec27059a61441627ea143607cee42b83cad1460e99fcfdddca3bb07aa857d2fb445ea6b2fc210c1fbcb8535fb654122c8b9f9ce3e10c8cb5d5867c7752197bbb8282533cf50dda4cac4bfe41d35a889466100ffd72ea5f2db72fd2dec5224a849bfea7bfab9172daa46cf0b86d54af1f87a8aa21f5262ffc7a6b15a0bf33f867c7ac79ea0d71f879e4e1f8e87a7f4d886aa86cf2130da7289f18bc203fb579508d027d979a5a7223a5a312335d0e07f6b5deda402be27490bb1b14876e97408dd53325b80003b8938399bb93297016b758f600875b92e3684ff707678d4461884f74fb9d534963b4192487098b889a8764d6115a98c731d39d4a2eb3f18797fa45aa136d040dae225cb69d5945cf7c105f4a238a59d5e8eef189226e6d15ea67d2e32757cf1fcea8e90d7393f6e1738d3d2672db53daf6012251d23931af69cd4f0f798f91518fca6304184e045a63d55056a0546d88f33d12850f1c003b2fd81da0781413603ad781a2f26c75d99345e69f5d317b7d603f6b4a3e672497a8a4c41beea99802af2277d8d24c216a7939370621d508237dd342b183d852eedfb4ea3d34020682087d2c24ca74de50a01e6055c55c901bf61216ec3b9638c6b55e334e281dc2fde43cbaf7a6dea9d3964e410368d153e117701d8eadf73689373806fadef9bb9a5218127c73b5d4596d5cdf4f45c944962a758e53c80562cc87652e161f472476e4ceccd7a74b95d60d7922c372dd188be7a45db4f10cc37d5c58f13a2478488a1bc846bb824d000fa5dfa94ca8fe029a568849f, 8, '673-46-2414', '4960904649', 'iantunez@example.org', 'obermejo@example.net', '9042381841', 70, '2017-05-18', NULL, 3),
('57EG2574', 'Morena', 'Ramón', 'Paniagua', 'Isern', 0x47342e66fd1b3be59256e72dbe83c61c722067ecb7d19633b7add377a3bf07c4215c7cab7894166758a59b452a017936f06394fda65e71d2c346ef2069e4c8b0c573183471970141b74ad85275cc51084bccc6ec7b0685f54ff19a66dd04f7b14f37e95179b39f14e8c2d843e1cc23b773b6e7004000627b8aa03a6987aa6622c326b901a1c83fee6410172ed898df87116c49f40a854dad26f5ef068e6587d268c73788bb33245cc33489a22b2df82c7d6b8dd0accf2010f3fd4b5df4b14e1decee6c1ff597461f7dbc675368951864707bdc531a61dc034773d34ffe9f744831eec15ec7b466d6502cb446c0aa7a57a9992278fb665fba675bfb13131163976a07f39ee6c2e4398fa3c2dbc4becf95ef9606050acd947d97a15467b7d23f09d26d47030a769a25f4ce39ac56e9944698310dd7d450917f736c7c07d8466ddd0f7a35cdcf08f8755232f2902d7e951b648d5ffb6f7774fe012d6a8089fd1b9d8db0285f4d98813e6005d10285b0746a66452c5d7cf018cd774cf27c614e86f70240bb34b4781a9f28aca3e1e4b250a625472bb21a98d8bcab58506a927f6d8036c83f6b35d3bf2608aa94c009a495f3fddd8e282c7afa77f5110166128da1a224a00a3fd2fc606ff48a890f44b7bd7957ec8f72ccb47814e2927df635eefc23ede273bb8698176ac7f879edc6540f634fb8fbd9cb96463f983f120b22d52fac26cba2f0d6215b42630a3c62175b2a0d96eeef66115ad73f36733f1218f9095091dd7e1954a175ef8dd92b9064a1d3368d6bb4d3bcbd0b7feec98640250be81dca0890c4edc6b6c433fdc98b011f904e6f3f35f5b6cc52dba4a920531804ea4f13bc703709dc82a629dd14764a259b9c00e7f74c0e860bf8d95a97a96c7c522cc3274893b5c91a975f9b7367fb4c330dc672bcb43d0d57df33e93430e9403f47e5f1d5e7cf28b3b663af0a6e8ce9707678375e57bd8db353d1f7193fb4c43fbc190808c39fd311ddcb07712640e16c7ac6ae307263748104d7d91bed6663e06f2cdbafcccabd91bc7ff0b7db6172aaaa0997c67f31392551611fff40799f3d08dd869351f8344cac79987bd91aaa1244643b00b2e3e69bda71e451f1bb6cd7cd69c2a7960914a7052cb2c3e80255fcc14d015a029a66136d1f99e5a6bf4ff7bd2ee893ecf17af827158133e62860b86111cff2d9aa708c5f59f23401c5ed40307a26e686fe917e45454404d4fb8dc2b422d80ce1b1e4ea669607953704996b1c115ea0c2e5519dbf5b96a99ed7c17f207cb443b52677b1d54512e963d69f39ba23a05d28d0dbcea26714c7c54d3ac11b61680139de46a6886205b42c286071eb3fe7b4e64a4a934fb1c79f200e22244708ae378cffbee3b64cb1bd3d76c34df3254ab3539a16f0aa324a9776a29e2fa835d27094bffb9fae39e210eed6510890, 5, '923-13-3244', '674605577', 'wnunez@example.org', 'susanitapeiro@example.com', '3612731939', 116, '2009-09-03', NULL, 24),
('58OE2832', 'Gracia', NULL, 'Cases', 'Maza', 0x3fc244e97e9b1791298bd2619ec87e69823de9ba6cb9690e93b04280400230820595074d51c69717f10d2f3099ff0145f2f4af9583bb44b342842a0b4a0959026858a8d6031b0393bcadee3cc7eca89f74310bc41139c63cbd3bf23dad4832ff1a2f3fd8d51600a389dab3ba0804922b6f94207eb9c101482e310010f72b755800a2b62db9cea1551136d687115ac6afb4c861937bf8306554d013bacf0ccad911b0be590dd5d63672498b36f80c2cada2f4c2c834fcf10ccf482abee0ee9017c5f5faf95fa46e8de53d6cf80a81c21b266a424bf290f86f994de5d73d45ea1db29aede60d5bff4d63d78fb0761cffd3860d2f371e759dac06a339adc2827ad4fdeed70a2acc8af8ea630f1413199b89db9d12568efcfcc7b540505c080ec0672bc05fa3815e2ca1ffc27da133f8478133e12425336966060557d105b56acef6458a2d3a8033e8349a20e6e26d347cbc362fd715391f71c25c93b98677507464d7ba3c037be09f137f407148b7dd20c409403256c1e0afe9d859214a7aa8284162bafe2e89481c27004422b4f98f213edecc1bf14ba188ad78a42564055bbf9146ef519bdf608aba4315b8e6b8778e08213818714cb18a2ebec5d03b418549392fd75e6a561fdc78dbacf7f6f9c713cfd6a47b38b4b0c773586cc6ffb25148e596de7b5c363df57f57984e39899366f933e5ebfc89c8d4e5b01b3c44bbcd4809d3ef4fc473a774ee37935e2744e8720477b8bf20b23b955f50dd8964b758d4c304e00a04acf958365f4d3a5285aa06d857c1317cf76bf7ae5bc53ce7503e1d9f5ea134f866235ac2000fe2c0eae7a4bc3c6af7b4d3ff42df5d9af20d65cb41461a0085f165071fce26954263771a597a3e2f97b61a4380055721750bd21d90d38a5600951ae3dd38588caa2c43ab9fdfadbc615f16f60d6ca507731cfc0fbfbf8e1abb6a5402357679f59c9aabf1eef3a6fcb2958d2cc8b2a633a6623de123577707766043f6cc04206dd0f77a271d63b0a97658d2fd4b7a718117492d3ae25b49510af9ab684337a137bd31256c24cef0720472feff18336ccf898d03dc6ce7f797bd3b643b7bdd601593933e32cd49b7f6ada243529d96701233812b450d29b4456713838e770795cee71a39b137a1b3455c8e3ca74978c2e80a0cffb491cbadbef3aaf298a5ab52a6da954dc1cda882d40b65cdaae9d02bbd90ef3da569c5167b5552975bfa9dcc222349e245f9f11ac1148282a352213e00b325698c87489b310c60e2d8e01cdfb64d815d3399158a1a3c6adeb0d7a23bd7069d0794d5d11efffa8b4c6522a6ea4870590f95f397197db0a0c6b3e64f067ac74c8f88a409f9af8cd31a3efbe8e025cb9b39e5fbdc0a3f9de202ced928dfcf012c22436206d18345748312ef74ecb8c6b00f3c2cb9bd7f89585e0778bc45cd71858949444c, 11, '655-19-6278', '4248055265', 'bramon@example.net', 'bernardino36@example.net', '9010102554', 82, '1998-06-10', '2015-03-25', 17),
('59RL9112', 'Zacarías', 'Virginia', 'Bayo', 'Zabala', 0x6b9c541d9e4f7becf9b0b50bcd8ac98c216a2c3f8d0891aea06f1fbbb5c79939a81340b41fefe5f2755d9e407b5384817f7d67a76e4d767ec131e296ca830d9bd3a9b15284d832f49d6544e8c4f13446de3ff10d4c2474f061897c41a46e3e69e5194f088a1fde12fa03d099f43f776809da9753e8d35c26f0a4d7ee5707f0004724f71746dac798e69d01539683855b67df7e92bf2d20072413cd2a8e803417d11a2653796d1b626bace7308d1425f521fc1ad81c4264afdb72ce9baed9544b90adc5b825de5ac918a674ca4518f2e838da082474a81ae314fd0efce6f71b71293f35817a2fee67a5fc3809636f23ac333e407aa85b885ac4123b22ee87451cae9e769990226db22b4f57a50fca8d1b4ed5499e51064e013a5f596fdf629f6af7144e19f1857094549cab2bf6fbd02547bdddb39f31b6c05302d333a7d0fd4a4f97fbbe003d8b765268ce9064a6e2f70fd3821e4827758ba7aed39751ccbd100da2470d0ea4e719b5529169ba5fec2ebb5cd961eed28d0485eaeb1e5e39ab876f33d881c9602a06849911be1a212aeebfa04772a448b6c796dd0a91168cb6a673098e5b7f62c77217658c8476195087e3038c2d757b3dc6b2162a6efad68922f2d273715cd86ce343894481c67285675b47f404a6b8d4ad5e362500df4dc6b0456e32a555944809dfac8f9d9ccee29e688657e190f604fc8ea0de36c4a4c71dd37e7a229f601accf07a2cf712e0a9c0c097781a7ee27657c77e7d5273185b8b55fd6c885edf672bae6b14a12dd7168e513a9d425656c4ff123c2f56bf2a44763ca6df583f1a923eaa112b9e6bd55ba704b00edaac49c7619a3f7e7fe0dccdb118cc4e50e1993d797676b3390e1fc278ca0a697fc3782d5612597f601956d53aa26f50d56b66c58371cc6d95cf0450a4fc31dad752905e566a7c2e77b895c5566bae2a458764b340c9be21465eba8704e41c492efdbb496ee8013c012557b3c03fc32c46b9115d642cf4c26ff4389f1645e9da639e5929a727f1902f143b68fb005dffa6c146933aa65d145fc8ee19be325aaa26b7704e2f02533643c7839abf18aed18bb8b2904bb31436d2793fc80770ac077eb4f49c8e8d4ae156a14ea5f410359e34cbbff1167a9efb0e59657feb44bfaafe0f7df588900ccd45f4cdca28cdfdd388b101625fad0ccf85aedeb258a30108045d1e78a6e3b2fc899f77c21167f7d0dfac42791747c90fbc2cf26e060b68420f86304e29faebc4f5a7fed8e911d1b88f3409f4434c712aa375061469c765fa01e86f5e937f0ce6a17e2d609922beafee1c1ff74e74f8e72fabde7f5a487c59269bc818ef451f63e39c6b9d2c597011d76ed888e68d3938bfed716a14af8eba64b53bdf23360452b9eda8f34f77e87bd152e234ba25458d68546b2734d9364936cf70d5d98fc024604ff5e7bd, 2, '308-57-8858', '9134067228', 'maria-doloresreig@example.com', 'canalsamor@example.net', '5995899736', 199, '2010-06-30', NULL, 20),
('60LF3292', 'Pili', NULL, 'Benitez', 'Cepeda', 0xd18c136a9e8355f949d0180922bac971ac5c9b1b5dfd3215ef83c3ba962314fdc560a770640839920553c839041610381302a55f229fa424ede3cdea69dd9ea0b6e050d45f241acea438ea94ada6da71f5856ed3281ef2018de985755c50e47a863d6d2c497aefc65ff26bfd30a5de5c4da467d7ab749ef510ddc7d87eac6dd1055994ffd889d7fb39e5d2700937a553e8828dddc99a7c9307282c212eaf434d39577d952740487b6d679cad09a4c5ad91dced7f1b1cba1c1b7438ffd13a4baa0d1f249219cbf126815cafe7ade195f00ddec7297c9c55d0aad2ece748ee929193e9ade65f8c40b0c1f3d84a0e5a75f17bfe8d794e67362b9846fcd83e361c51ee08ea535fe34baaac94af0eac3aeb41e0255e5c925752332f989e6e7bab9a2cb38832162343c68c71bc586cb4edb59e3a787d9d6f4b81fc329ff4c760627177c657ee8b761ed8ff711fd50bfad9e2ea05074d4284a04c48c88f13e9eafc04988ad0135732ef4135bbd445656c97e68fcabb5ab586967fe3571871080706b5c7307b8cad7f478359e46f927ade8419649e7df84f23a55334cddb750a66769cd6ddba4f6fb6308e222dcec646a5798110e62cf06f16cb01a33b374d3696aab274bb4b57ae733593a3152cca37b3dbc91b6e61ceeccf97b60b564090236ae38f7156a622b1916c608f5efcf3d56890d8c6bf0ada7cf1c6b07f2edfdace7bf1dfe61c9f7d5f49f233075dc9f672d56b24d46f00fc1a50c8a315c4d186ec099e3d40a07711b1bdbfe346ad59f8560052b54b72865e0c15f3a81bc0b876183bf3a81142b1bdc709d82d515194df6b4fa0578cedda54352194c56a10af51fa0f46497e50e66ce5ed5cbde920987ebd1fb69aef4a5e5e29116ff60aef086fd8421cb6248bc97ee963ed66793037651b8fb758365d13da3007ec567c032718f46d26523ea3f66a8f22f41f64e58051eec81c91b60f65aa1336c6b427a604f21ac4cf5ae0f7504e8c42da34aced1fd6612ba824c44016cd4fd6701bb99f42a8f411a6d602b24434c633b48ddfa6e949472fca6f9d2a7a6ee9986b63a909058f8d56a1e8d0778310c1b3739ca4daf472dada2d679dc17c750eac6498897ecf5d79bf62de0d85e85b21731358b12d5ff6ddc22c3afca75042e76e69d0d8227084cf3ce8fbd613113a8e658931c1cdf79813b73f237becb0e3b87d482bd741f8488355b6a27ccbbca6625875859cd5deb6255154a6b6ffef1361bfc1d7ce551f0ed7e62ae87b07ac284141e942cc0c12fd32755ef68382c73219ccb5df895fc5d08c3321aa977aceef8637f4028eda91bbe63b5ea21e96952eb3251a2d0e1c94df85482c1a4a9643f2286c3bffa175f75f2bb38e73a58b3eb0d7d58669a7d4788cfca24f138a2cc0e580f9e399463947a9d5f2f9a743a97065e138d4eb41304173c5c474f577, 4, '406-56-0034', '4955453006', 'cocaluisina@example.com', 'lunaevangelina@example.net', '7795683251', 146, '2000-02-14', NULL, 20),
('60PI4188', 'Bernabé', NULL, 'Palomino', 'Ramírez', 0x05094c67a1ac52f6f13bf19b0c15380d5bfc0562e4d256da975a875515def3970af5d5d0149466b618fadad09a556e8a4098ccd2531a7d95cc47de86e5d19d77f419554edacf2823c816ed76a3219e646ebc3c43ed21b96359b92b656cf9c88572f9081e7ef2fbe4f158a539129e72ac66e1a0c0ebdefabf936d9b29f682f9a7f42d1c8e49c66c5d009efd96dfe34dd2aa52c221bfcf1f66f46b27ac6a39e25b2010f5136be68811bda353de5fc7268ccf134593d518240842d8768084773d9eaff22114b86fd76b4135b417bf7de0a41c1ded45e00fcb6a17631b721cd294e4d01026f2e286c13f760190ec5f03f39b63e9b53eb990f05a793d904155b321350907520a4aa9e0a9366f4a94fdfd6252a13887e60397c0362e0ef7c4decda8c593a2f2fd94327bef2a1ec22ece69749a51057df61fb862d16ed20fa747354c8306666382294cb8c66a9a33ad79343e01b2781c7d6a1575528fd00e200325171460b84f74369fa780666a6b02700b40e597a3af8985404d37f7672406eeef3ad14723eb9a4634b5edf119e9d0aeea2756a3eda5e01f9270f3990ada237bcc5c4d6c4ca20af8fc2c371440ed5dfa145f1d3f08b3b0232c9fa4b7601eca3398df7847fd30c70ea83cd8d6ce68e9811b174d1fea403e952fa766ee8bde64906683516f95bf8f80e81ede302a1a0cd3a61aba050465b5bc5ec4e4245763b81c95e2af87c756a5b2347e9c8299fd547a7c7836e354deb6968d81ee1c20ce0a1ce272af7eb2726c99ae85095dbbb8fcb5fd0d760cd8c226b5f02e29e2dc1b2d0d46c343e65197a0a9252deffe0b92a22f0f8571e88220a993cf44c837961afc62eef104902b860a4010d4d6c1919fe7a026cecf057bf392d5a83d4453afecae8a23b3fbd35b2c17c0751050c501d278106de24d18f17504abc83a3f65ef05418912155051988c00a8ddfbb2c8fb41fb8a997dc22e54f225c6d22321ac5741598653711bc5f7a0eafd8c3b2652400ec6d45eb89af9f2b4677f609c9fd90333c0c986f7122e1654706d75b347a80818ec4d28dbf2928329b3dd81bf8067bd0438c83a1bd4d383e521d2fc4c843131c00b9f09aab2d2e767f2bd2a3030f222609f7959d036da45241faffd9f8ee4ea5d3bb4a23a87c5017f7c85bddb05be96f7be7aad2deca6044467c14e2cdd54066464417823100dbeef967cb41ba73a02d0dcb5d83b6bdd491b8bd705f2151bf59b48ba3516e28b68766993d014ae26db11218c412ba1af48fa2aa00be19c2ea475b74b060733c5cd5c6c04ded0f6431a2689a7729c9486e6899663af69cbda447251d975b2359f194818774eb65c491817992cea9360b917f611bac2b3a4135ee94c743b06d587f5a2f23e8bf0d658e1eeb4c7579cb720bf0523d260158b1b2a23b26bb58ae1c3e113b6839208d22b0f126994ee9760, 2, '500-18-0133', '9495123642', 'roman45@example.com', 'perezjose-angel@example.com', '9206663654', 190, '2014-09-07', '2022-11-04', 21),
('61BE3603', 'Candelario', NULL, 'Heras', 'Baños', 0xc506383f6e61d59bde8fa3622c61e0b3935f06023272d0770b8df4fd083263f99b7fb332f2829b85cc06036ddbe3df29ffa32578b030d23dcc50ef9e345732037463dee349a72d6ec67a222a988b8e41034d4bbd864ae2b9382d6006d4d5a9767dbad68ff8295cbb1089ecc91f77b8e920ec3bfcceb312f7bfc120b8be3507b73d41c3b40a4c0735b7a8e73b6e88afe14d826a849698202cd111e90537cfe07c3b3f8c0b04e20b44abf2c7fae1bba4f77ac32c0dcde5fa427d5afb199f1c310e9edd02d3714abc8206dd4576f9169b3660e1b2680fe47a3887bb73a6741672b56028c454de1f619c291910bd7079426ab5dbe712adce0a272942833fde5ea55ab8f221e3317dd1de3ff35611cb9d4a366b4733008f9290837393a34c05ad8f94bc21a596ac50f64cc13b6ac0dde7bb508859f223fa4fae5cbeca88590ed7464e263e68df00b732b905b25c9f8c5a8395f3a723ea58087f222dfd623d3e79112171fdc4c28930b51f92743d79e249a46de22144589e2898d37e3c1f513348d17c695ee9d79ab248f29f441122bdc949277120b3253fef7defa7cceff8e980cb9ca980290874f2e0112a6747d3745ae2bf5db60491c14d3d1845222c63cdc54fb7d2c418b55e364eebaf4e4e221373aec2c3276e5d2519f76617599e10888a264f5c3ebddb3ca9b25ebbff76cbc808a24927a02ab269976f7cdcfefb289ccbd7be90571b009d021e60534f7dff699f29c61544f4041ce130137ad32e3663c6754916b8bbc41bc0d7175d916c191be776bc26f0415a3048806634623560693268ab58281555897da9be419e720da2f66426740764f249270e1b80c1a5006f3ecc8cc06dc28c7994a370870826ccb4fc853963ef1b8cee69f05e98ba9af41d71ed23e5cc05d0532434b2d63ce7dbdf931242d548750301636ca6034b7e8d1ef73907cb52427160c3ce375bd60740071265a6efd18291281829d39b624141e844096b832f5d348f01e129ed667e8f817e7633c2cbba9b970b316769fa7adec079771f44f9ec966588186e83b30c45d7f689999ad1951a6448adfcc4103bf5eb05676b4d4029109e895e41699f8764e4b9ed565487813677f36f37363f4e05d0d281b8652b8ec0cf00c87e7da435a62a2a340911257080a151ac03141d1a9d6364d2f31d8ad364ccfb26055a4e2c59cffa55e94c76e9bb7fb02911c27babfa1c22027d9f3c3e3dadd1a842744c2246029c91f7d0fd6711d5652367bb83bee32ffde97fd2fac989b3fe3c64acb4a5f2b273e9047dbcca6dabd617aa2e128e5e6186fe08c47d9b6ca9182cc719dc756258caf489599c60a6101bfe5b255531b6014fd0a661ccd33538acfaace68cf2f0fcf65155807f11acb9337393144738764ec78c558b5f0b122cbaa65bcc2844da218b88d94534e57ac5d33b6aa3715275adcdb1d4, 2, '850-19-4136', '4495144900', 'solemontserrat@example.net', 'baldomero75@example.org', '9923832991', 176, '2005-07-18', '2021-12-11', 10),
('61WG4586', 'Aurelia', 'Isaac', 'Campos', 'Noriega', 0x80dbcd06de897e48b94fc7f54b0c0cf679129e6db76ba8017289a6f94be4ee77947ac507b209c0e9d5780b29095ed1047597f887127a440ccfa515d736085ad410557b15c756b0ae46733f2eda7683139968fba5e50b6e5684401fff61bb2b310b230d1f058099a5dae7adbec48ccc6e7d61f3d4b88bbda4b94b624296a154fe56b4151a42e5181ff0be118c9dd2b42893f099fa1b73061111139632c992ccff20c3d452ddaf36bb18a4d33c0503761493bfcc0c406eb82721eea1b47764a92b4d9cc4a88bea94935e6a6aca8d616b9542cb86663df5434e151aaf5d8de529b3541140a4201ab395dd3d9210143d52ad25d1ac9487fc0cbb84f30a76e609ffb35af19d7334a6b924e88009464dbeb6f391802e4be0d4fbc317b763dbb504cf8a11d45f2a144fbc96159774e08f1d48c639bb4d3e58d9ad499acc07396b48693fa1d77c7c713bf34a77cd403de9141cc16ea5e71d9cedbbaa23a8f9ce6ecd2812c60dec346a1064b65448600e6242736e75c0d95ec409182cfa26095051799761570fb599f31a053221068c0b88decb0f31bbb5f75fafbfcbdfaae468fc13fa8cc5df837a6b97516ac5851fa9a29cab6e85759d05656599774133aa31ad9aab2d487ac81e1102b9f70e9a98e436467f4fa39ae858d77015ef1b7c6980cc091612192a6d44947ca35bbc78efd93afa511d9db9cb9a98cb10338cd62d141b503999425da25397fb3726e06e556ace6646dae02e870bbb0cfbe51fa44cc2559666fc434e12db559bb4e2b847c2c487f9ba1797a15e80ae539e5a3f70afdf4e314ab9844e14a29ecf9c8c16fc350eabf560e25152c1e54ae75aa58ee145a9bdcc78c5d75d8a6efc5c3c543dbb159d9aea0943bdb2e289abadba5b243ac2b740250af69debc0f1b6a7e53af24078e92d306c085b8df4f97ebefe409d8b9cdbef7d8efac66a8cc75e49b0df887245c7de0a2e02b11de84104c2be3eb7dc54b50c7b4b92792eddabf05fca9994d4c1de3cf1eff6bf09203abc14c0c583e837657c62bddff228dd37f965b020f5778b59c2c993a2be06cc8a0e0f4503550105c8002a4f0acc1195ef9dffda460b31625478cbac2085e5ebf761587dd8fc638480964f055a8a4dca5ecbf6486bd286eadaf2504872de69583c5287406b899aca71e8d360eb9d50c00158c19de8636888874e0ee678e11f11c709966737b9d4d557b28059aba59b00307e07794a07c581a0446267f0e959b0922e305a920c6876d947df1fcec727e8a8f248e0bbf11ac67ece1d792f86b2b52549532c798ded3149a13c7b98586b1597c6cf28cb97fce49f5b6acb35f8b218ecf5cb6b9875e9914c8fa2034820440a61fad7226b317797c41fbe5794765a31a8f52aa903ec473163cb4046780aaadb35c4f6fdfb30a6cb288ad3baa449a7cce9fbe11882fa1bc7f65479441d, 4, '445-67-5410', '9481442531', 'loida04@example.com', 'pardoignacia@example.org', '9355143361', 21, '2009-12-08', '2015-04-26', 14),
('63AS9071', 'Ani', 'Alondra', 'Boada', 'Perelló', 0xd6cd57b91ea68c1aed78a99c05f8585d5612c7f9c55e4403782331f96123af0e8e4f7a9291574cf3aba8af29f04bb8fa227f2b8744a3dbc5d20baccc0a600487aec488d7f05b1f7f25708bc6a1751b1cc02efed5f0c7f885eabce6c40d518dcc86a33046e57944e3a9542bffe7547c7065a1ab9dde557412c9813cd7b5db05eb3c6a7a7dd35e3c9b60fb8b7aabe164bfb043654e358aafbe438e1c50e7350668cd1dfd55b2116d02bee844231e88b19fddc3e84ed1f1fc23ae18a0fae26cf8f13f052f70446f4fd789ad4f0cf6ca1a76b968e07b20ec5538052fb6415336e4474ec04e021893cf7df3f3118d33ea8c7217b82fc29ee3596688d2990460df0f77b22ee7863701949e732f21d8a305660e76f6e53d2d5d9c6ac958d8a2290813a3e060e163b8dada50ff2ffc6aa48484ecc367a887a12517ab7cc547a518642d0845778ba4a0fee1f6eb899b27d06d860886719feb2a23be8555d97f8193504cbee29718b3688c8f5b73fe1027e463d492cb83c1ccf3f3a4931f54f84ab48ea3f506d78a85ca885fdc46c9bce18c7657991298ca1843511fe631bc2af166423ab4269a8a8e9284deefe3c8e9344348ded767db9583fc44557d7f60674a2676fe77fa2aef3d2960c112bde4b9e5a0cb7bf93e50e203c94d48588caf27c8fba7fd18e5f6fb93202bd99be72b89e7431364037c1ac4470afc10cc4953253186bb1e3d8eb4250c768cbc52029b4efb058d0f3ffb5b1c0d1f1ca6fbd3788ce02c698e27bb8a2a5ae59f9ddbea3ccc07d42181ffadfd158b2672fb0a548011ebd3d1ea8f90e33c112d0219325ec90e3bb564d782253751007c730a19a8c8c18c281875638c8dff6a5abee796fab88d151284adf07f09ba4aca7134588a5958ba8fc3ba306541983e8d53cead992ce72aefda40ee37cb613b470405327b36c786bf56d0fdfab7cccbb01bd74a319364d3e4887b1e7ff87a7bda4644fbd04747d8700c97580645453868840304d5aaf84363027a751df362adb005a46c17f2a114611c3900dd3d7c76c62aa9c69d8f5cff613927d603e1970a1216c10be25ae796a08c3949e6b259b16863bf9f8bcfcd5c84b970e9e8e00db621485743a85d8ccbf7b70b97d2f627794d6f3660cbec9cf2b42138ef4119a08b18c2ff16646ef847556ac990cc386ce5731078dc43d880a180546cd222763609d6903b93ec986731f522bcfd6d775b57a907d15ed9b0d5f7da671e2f0877465ec965118b17abca31711deb42b43538224572ad508242b996aad2d0452a840323d14f88dbbd4e9bafe0bf6aedfe3f8f8892fa40213e2f80660e76273a0bc3c0aa16b2c2f76dcb85bfab3a6d731a99cb9d762f01be0a4e609205215ee89037c98892b2ed175c91beb4c2c9d2788c4586bfa19fceb44dc09c29339f636e8d9fb3c519a9d8649ba2806dd94309dc, 7, '541-33-9866', '321273846', 'lobopepita@example.com', 'parrafelicia@example.net', '1861581941', 55, '2014-10-21', '2022-07-18', 17);
INSERT INTO `alumno` (`NoControl`, `PrimerNombre`, `SegundoNombre`, `ApellidoPaterno`, `ApellidoMaterno`, `Fotografia`, `Semestre`, `CURP`, `NSS`, `CorreoInstitucional`, `CorreoPersonal`, `NumeroContacto`, `CreditosAprobados`, `FechaIngreso`, `FechaEgreso`, `ID_Estatus_Estatus`) VALUES
('63FX5143', 'Raquel', 'Rosendo', 'Vendrell', 'Iñiguez', 0x4648203478e9772cb52e84615b7c521b20a9f24542d66f28f0a06a42e32fabf33b43d40ace3b94c6e43f4522a279e7594990cc2844924a06e4fae273f9c26c1045da4ca0078ddcab549dac5928e2eebccc69627cb64f8e1134eebca02939f55b524ab415cf1bacebeb5e9643f7f3186ab9cabc45cba8bf8bb24198f9a7059856b5a00c255d25735c31c425f260e2ed97743483e9e97d048b066a86762fed5743e6a6f6b658dcc0faafa8dfe7d5f589e639165e2a72463615633ed9e72fa714ce191a6a4ce3d4902f0ef2f8ddab077cdbeb5a1ccea9585c86945f034d1531c348b2ea76f939e6ab967388ffa6f1da107f19ae84347fa8714ed4e765a2515695839306bc89ba6daab5f11a243df66444ae20d15c8cd4aab1a544c659fced468d5baa3857d28993711171ef299ff371c82fa90385d10186fbd6294b46a08c9cf924db8a72be7fdd25bf41a634ab23e7354e8d09b9b50f46078e704ca88028532588cd73c0ca4341a01d06485d10b632ff17ac8ea3424873a7eaab5d37e7df5a642d6250c45ed8abc285e639d5aa09ac91c43aa7deaed3d8373271bf3647c49dc37280d505f6c3ad2609043c1a3294f963aeafd42e5e4ce374b0d126a7443b61415d20173d9c1114a8463b89f7d36c60f8e59e213d283e98f0b3f0cde5f16130d469d05a865865658c97bf6ae03ba63d5c2581c4c6d7d8aa4abe72974eafdf7c549fcf33fc33a688764ea7dc17ed42c619d4f0df3e02cacacfb5ccac571706a8bd479978ea4f7c61784c3d3c8b95b35ac1616145e72ca8bd8405ef3204b210d8fa911bcb5b4654a932ee030605fefa024381efaeb6bfc4d6be18af16acc1afaab114c80eba96e610b1383bb0b74148b398beeede562fbc8735fb6ce988dfb9f84e26566f208e966ae911a3e59c28c2ee20d1d915de5faed22e2ac3fd6382b12ec34688c39bd766f6c1c5fed2cba75b413f8aceba20f0410dc769a618dce365eb916cc2a84833d8fb071d68a87e4d1beb180c4c58cffe5389010e0732e15cf56fdf6d9e96abe6efb8cdd43899f040cdd38fd73ce8e8fa424eceb00c832275bf6d470c92a68cf6cc6c9afe83468f49415f3d6d1d445c6e1c21aa48e041830de7a21d116ac574dfc53806aa9219233aed42b69774bd19af421991e2fa9ac34f559198344fbff3a6a0276c5cccbfb2166566a87ee963de4662a669069cf52b508fdfb431cd0af6ed2d0c27bcfac1bf26365163471d04987a14fbe36daf6b390233ac5c2ad08c829f76b0aa076b262322b739256bc59f6f1fd34ca18af71d99348003d0f67953f318b66406939331c6a04a8e2b204121c7e46eda56194d301dca3098440d839a3727bdb074515be0f6ca17701183ea17558a67f5ce1cfb51a3e6e6e8be866225bc8507685cc5b79657e8534bad97451950211ac973ee4ef23303322d2e06, 6, '040-66-3899', '8111386808', 'bejaranosol@example.net', 'wneira@example.net', '9603284860', 100, '2020-10-18', '2023-10-21', 19),
('65PJ8580', 'Anselma', 'Nerea', 'Noriega', 'Sales', 0x567946b9783d3b0997602550ad740695e401017963abd3af8828a4b5924a0d77766f447514a6ca2fd7b3fd33c16c98ba16d9f9514f83aa5bf922af4990d86adf7f34e4e740620d4d63b93c1d92144e24bd360c6287a1af8e1a132b4d669b98308cacc3549cab8b864a574bf78c8361375b2d189ffde994ca12ebebfc59cc14e169c63f9051c2687510bc063ae3d77427d411039e7d4a2efd848578ec4df72119834a165fe2941909a3c5ee68d87ce87d40477a244c127b254482abfd1a30c8d8d943b1afcc35d9181f9e550cd3ffeb7b2752786ffac78edc1b9ea984285df2830081401297b1ee8b57794eeaa144e0978f5188d8f545327daf4e6ee505594e7057fb834dd696c98676f54ab8852bec89a6ce7102efd76ea8f964c2974ff9b0e17895db5465a7541c5defda65ac2de6b896cab7895dd827701f926865854dd67f817fd20c7a747ddbf84ae722c3c8338e39dc74d5a0e5126aa1b7972b08f5ea696dd0f86f20d51aa97367505baede9144bf9108f80e4eefad5beafd3e08bbfe215ecfdffea99eeffe201526d2a8aaab021620051570c00f7cf81fd136246c1ea6424d49139dd3ed01f678fa216fa4c3128c8c98c22b43d2572d987c4a704e1a84151deb8f881e18c74597e6360762a472a60627f06ceeb8c219addc472f4c13c180e02c2b1c9706460ecee007193e3a3913d75901638fa95ff996899311aa00176534097f1358610533f1ffe3f35cba52d91fdaed3ae0746dd65f29f797e79bb3464b3b2efb32d4c2dcc8042034ea8fe11ec2c405fefbfa5930f53f183a23c11800288a1137de315f642c4602dbba140ea049033d3237343a18a9713ce4bfea6451babce95dd98b7bad3cf23142ddec7e89a2ff6fb79c73b2447afdf6d8596dbe32b9925858a14f7528a7b2c83f12d9728d9fdb6dcfa6e4f36669cb97b6e2b816c7e5f73896465dffd8484785f7de10c4deab5c3c3b25d6ecc6fd8d6a3c9926ad656f162fd3c30f7f4742d1fea5339e891c634fd479181d83c4c6dec4b29a521e38552fa98600ff57e44145879371593f1c1b5786b9785863bc93fdbf17e5ac32b0468858080a273a50c6148971fe3f21b9501196f651aaf41409f31ab2174c530113bd6643d78246635215f27136326cfd696aaf9a6f4e2efa2737aadd274af4aa58509f6173ddc54eda8334f380ce088af2e42aac893131ca5a652d4c04f77bd3a8109970ff55e07352fcbdad1ffb2669675fdc6995b70b8544d9a6bc9aa50f00224d6b0bd48b7090d8711399de7c1df7cab1958afeba9a7d004b361abca31bea86f965abf46f11c7a2f1d6aa0d19c5081371061b08be63a1efb8469c94deabb8fe606ca185936fee7825e7feb4aff7770b0dca38b8e1185f174b89718d1b59a9c8beed91f5123287a15b5ae99421fce439fcd5b59e5ca1006c524866341121, 9, '419-87-1798', '5245942008', 'angelessantana@example.net', 'hrocamora@example.org', '3988230725', 100, '2015-04-15', NULL, 5),
('68PQ8052', 'Jesusa', NULL, 'Valdés', 'Escudero', 0xa485eecf0fc301967973540853fae161ee6f167d474ad0a09699ce193e7dba3185f076ee9321e3456edb1c234ee040b9c52e7d2ef5c002b4f862c8d7a1db3e0246477c59953fc92779fec18e4273902bc2f5d7a16a2160c67314996886e801c5fef3164647e0e106a28d81a198036667f80f4ee449bb2a0df5b6d9b7f736521956c4d64fd1f48d94788a01d855ea3482f021074abdd34c2841bf7d706ee34da411304f25f3a872f48ea3aa9ea25ea7437d830405f02d83b0fe5eff994e57717a378be077f0661d7b4fe3f626b0e2bd28be461502d9cc3877b8119af440192bf5d85106a24735e4180d40926377e3744c08b2373c79d9726d17e8f9439cda78e3f3158caa4d81e8b4fa171680476bcfe88f5225124dda499f03995f3bf0067dd7f4898fe7fbd24478a0b4be7a82c46993078df2187f9e1e322b1278db1645e8268ed447f5e60c484a668a20efa4032dc4f375c4aaff0d060aaebc873acf927449c6d8cca3fa364d6ad0c84084fd746cc144d4af845dacffec4434007e9a008b66a617c449e3ec859a38913c30bbca244ed37e0d9e5623a814cad2bc168c499b20c411970c2ff8d14d40134c1a90ca7140a370c8bfc509ac8cf58372c077631357f8778e13a703204bdae6fff668dd3df7084c9be9d8a5481cec97c53a67b3762377b6f676ad416bcac0e1dadd9dc6935196e2bdf97b15e4b6315b03755c17bf3fe5964231e448276b4550276e980d0ad323ce783d20aa81ff5ad573fb4491d4c9222ffd6638661c6bc2deade60b79ced33296b833a1df547deb189acd106ea10a3114a056cf5a5a3681cf0523400e0c334762bcbfa389603a0ebf120100df13e25eb45326f0404474a7219779f4f10e07528be8f00e51bda89f81edf679fac5ff09fc4a55c731232c88e02753dc8f46d31d7484ba6958b88d0f240c132a8f62f6b03661f87de58bab5f4d2041b1cd8a295ba784e160ea12a09e053b1629c1abf8c2ce36860d34dd63780974b3820929358375b45abbbd948da207d38816b01989e3ff1a7b04288538c5c051fd34f61019ce636a293d73f67bc31729fd38d06eea341f768747989ec71845ba5a5eee05947de22e958f00dc084c869d04c7d178adc95fd66264919b69ca48e7dba19faa43addc157524ff94cfee3f0fd62737cc75b46f830928dde042d7974df1d0c685f9289eb8673bf7ffeeef1217d1cc8eb028c0c86a30bf4b84ea7a69f0b8e95fee7f269f2b95e6c94910cfd66145f5d47b54f2076ede591fa1fea669920e8b79287150382871101e831d2e92964087e26b7433f3414868d929a8efa2fbae06fbc128a8e7219652125348d0095be7b81a9459f73c76fb759c80d732d2aa2f55749274ffd164df451a0c95f52e636bef4c518138ba7b5c8d860ac4e433c461f3e6be76edcdae148c5bbf62019073e54a966407, 6, '544-73-5779', '7349304749', 'saritacorbacho@example.net', 'kquevedo@example.org', '6526116059', 67, '2005-04-05', NULL, 28),
('70SO8844', 'Angelino', 'Apolinar', 'Andrés', 'Galán', 0x4417410a35b2320f754fbd49e50ff130519646ca14fbf6391c596ee8211e3db7a3f30ce0ff583364940e52f363fb6ca298ff6b2b5f8b865d9b7ba994a2d5062cfce5285aa211a9b45bc7c0dc1c4ce8195452561ba0239859d2a5cd827f067257ded122134c456e0e976aee512936376c4b128d4c28a6c6975334ff3d681bd0a694eecc8b8288be31e7c8f7d32ce1682f1922b0abddfa7490ee0a19ba99ac19b81e5241c87001bfd9ac251a64a8c89f591fd92772962458224980979f9268bf7ba33edb9454d2ec5da48b2af7bc1082e233536b6bc77facc80bfed70e7f44aa2eaf4128916c499a96143c3b46ac7426ea245b02da1ce63c80fda9e9b7d5893d8771a7688fcb62dc706a4142b390486aed4b234a35c344d77b5c94a958b704623da7eb6ad1d1db49cf4c0f120ef2f316c0618184f249f0f5841a201fc9995b4f14489804b4f3601700bf55b2aa52b7b856221b2bbafeec67cbd9f321989d9fdb9a78977ec239874e8a1be7a24c1a728a9f5fdcb5c7b5804546809a5ba58af5a4c32b7b2bf4ee5588f921d6f2726d3906a7ac3649f941f7c9261ef8b60bf030c98995a249d03db6de47cfdfbd16136452e4b16c3214c3e7bed8cc6ca61f35f8f65abd447a87d5476a5b02a0450a6c1359f97b18008479c1044b5e2133afa1b7c15f994176209eb0c3bb22724a84baaf78c69419869d4a59a16f64472bae7852fb7622fe021119de115e36c59177df4f28af68fd2bbbf1b36e70f1929edf8f1ea3b14b3da3da35a7d7642f2c12f5d4d8d584db294da30b6961737013dd5b8500dcec1d350a915f176ad2bae0d7b97bbdbd6cc100de5a06e3a08023e609cfd3be06f541c4b1ceb0e8b9d8346ef42f5cb3e10385abab69e3e2118545b7ddd32fb11f39e3fe9407be3c281951cb6c4629aeb66c72492dc0f8c479b67760d131f7f1c6ce487f1be3fc81b23a745bd2f9b5a5198aba7a1e5149f0c8325334f36434489041f21d6fd9c8349f50e33572040c90de568f7c3404c05bfbf7985bac44e14c33ec58c5c6a116be442b4cb90c88ba32e783a1660094e2af8992002abe141d7c493e430f47c9bb6ad48614992bfa867d36375a013d9f9ffb0f01256e7c908598283d717cc716fc029d8981143a79098069faa783028bff62febbbbbf531e1bccec441257cb186406f86e6aadfb80f3a502652b0cd338a7cc21f21e6f4d5a75d689e5347f7e576c76a9a1f1930cbc668bee39bb28d55804de1a2a4c6480e87133338e6a3244d3963efb5842d28a1bd97544819ed2280d4a25fcc2f6cb02280d94fcb199337065786f8c449b404f90d54c873728f27e4a956976e857fed332fa9fecb9e78faae7ea079de530c3998451b3fa090355bb0248258b1bc420820a6fca9c651c4ca58e5e5f0e0b15ceb0a7e06e71ca10d1721f3fc1b8108a187eee72cc42bf, 8, '090-33-7170', '8572603766', 'oporta@example.org', 'benjamin75@example.com', '9711518325', 188, '2000-03-30', NULL, 6),
('73AJ8606', 'Olegario', 'Paco', 'Correa', 'Luján', 0x51f99c28cb14369618dee075ed3e32d22c72814522b849423f54b02da4ff17d02204075f83c901ba0a46af3eb8b2c580c36c1ea397e589c664563f00e64a7a2e6988b50366d6e2c430a3f82907556a7c18514701669aeb02ec2cccdac6c48ad23a88861234f254630da246a73c007f81437851363ab607d2a32b7c9e62111b0e28bd9b611458011b09bdff5ce11151520eceb23960386a72d31777ca0ad4a43b6e52660c546893907c0d98df56bf32f51bdc34d454e6c5314c87be4604b55454c1147e88e32ded57a8bf1735806e15ea30b0d86a74b1d4dac544861d80d23624bff0b0003fb7723e2cb77e961ce80979926888aecacfb0a95bac9f4711ba455b512c56e6c9e94c4c7443b08556b8a775e82ad6c95ec733fc4c9325eef03ad006bd5e286907106431ed1cbd7ceda16417da6427eb25667280a8eac1d20dda4b0cc0b9c9444cccf4595b5701a25373395e0a37c658522d7b25bf4082152bfe30503cd648aa63ca9c20ed0a834c370b805b93f8b89ce8726904378cb21bf52810a8eb9912a1f86ce45d216990946c9e22a169d0300c56e3e4ffd9ecf945a1b26f4ac4571cbc34e32832baabad923b16b759e85bac4a8d5de847de0abb467b5beeadb4649d6b1fe5f8430d2e8a49de5119123df7aa888e49c73c1de16b434d441b14e60433c423f2411db120506d763ffd7729143043f5f5f56d049156ce1c998eb600c4e9779ec560e8d825d68601941f346cbe01254b02dd33b506c69f23dc2feb8d4cfbcf3255816f7aa2098597f2335cb69fa1ed6ddd594f055efa8461749356e82f90e45b56967e71b80d97ce8c3cc5734d947b1ee3a249d531aa219998b884c68edd93a511847fbd7194413a77170a223a3cabd575082af2d8243671e9f406f3d1e79a4deb44c98c84207d1c8ce05346c09990cfe8f50440cb6df31bec2ad26c8b6f63243323ef331973ca7b65ca7cb0316f2babc47d0ebfdc96aef1903995fd8b01797f11ae245d9d3d86a515a86458b133fe2aad07aa3ee93936d3c63d5a6231bbb820672a801cf3284789e860dc4810421b1b7f1bac075515301f8181dedc704ad7e549b9f15e93a98b32db85cf0a45f971903e2be5ec72430d848faf7098a9f31fd5e232ade6938120653fe4091bac085974729bd3a2079b323d18d4c9627348f40442ecf131eacc3b1936be117dca29f6c7fc2f1751be190bc101ce7a9a28a8e5c8856d0428c7dfc2565e86ea43cb60f9218dfe3f9249338dc9a6b03c60b84b247151be3cba8cc6a6dde6c0b879dc0706290e052272e8d4145ee79d818df614084884914fc94d648bd6d3b68eeb44816f3a498188f4d25dee7abfb89b1f46fc3eed2b9f6490c58475ba1bd6635ce005e0b9edfb2c0206f16c878160aefab8ea86e3b125c442acb1b78b5cecabb55075e3b0d4bca0106c8c34a2cf99d4, 1, '276-61-1403', '1277816230', 'feliciana21@example.com', 'yprado@example.com', '9492613023', 80, '2001-03-13', NULL, 30),
('76AE4606', 'Genoveva', 'Úrsula', 'Sierra', 'Bonilla', 0x652bd42b1e4378438340a04ac1bb2ac66d648654637ba7e519dfd34dcd178d1237a6eb5bc053fe6d44732656a70fc0cb899655bffe389a18e9324ee4dce10af63125c71a77530a8cc682e99200d328131a95397105ef4e466b3f8d8867bf75e6ea7ad78d801241a069864635bc10384c938d8d0addb884d94e866b216f0f6124f4b50a9acdbd35d3a09e1dea8d6183466395ffccccac87aa0dc8514c1aaa3809fca157c8a4583f38cdc241428edaf847264d100582328921e96c0c48421af7fc1a6b97a75e7d53a37a74c127b3e0a5f900a61468826b24663ac72c84b2e765020179666f375709351aeffd92f8ee15c0b6c3557029cbf17645bc223865c05d8c6a49a2acc665e6938ce75848f02e0b3afcd1c37f4c0c2e279bf0c6883a9aa10587a38937e47859b26bb4485e2ea38cc4ae4ede2d1f5614502d5cd0ae0cf01f54b93efe2e406b629c19172cdd5b2df473672f0182f3fc136214cd4936147f5253644852f837573d8b879f0b9675edee8848297773e61dd6a5fec15acb0ecdae7c827985ef4d688a7c9ebb5742648de14ecb11f880441be67ae1dd9e2951dd6f9da1fa41fd6a75b3390b3e082b8b43dff4ddc82a543a44f48f085ce944fb54a9c603e6071b84f737e69c209b5ba316221d6f06988e35ebcec07eee72d95c64ecbfeffea9102c56e00ff93644eb2a22e29e19e8e89f0271e529da2be5e0cce6d85e87742b22b4a55ac3df2181d296c28445e9218ca2e144ac3e3671da8eedeb991e55cfdbbc7d43b8b8c040bcbf9ab89d31b1aac6fbdbfce69dbe5589b80711bacc9ab50faa4202b0808f4aa4b7cb74ace6aa301426d35c5823a30468c8735fddb3ef8e06955c383b00df07e30a862672b50075434b38b7c600b94a5d77446e7f49206e745e98c6d95b3a3aec786d51ed07b48a3b5f992dca3951735ae6513300fedb96c2b83e79389323fe0f8449e58c52a8e8cd51f8dfe26218e9963507080b226b6272e054c083dbcd444b620f174e46950e07d15eb8d1a8cce0e4b467e00f52cf9d36e082fc8d0f5d60eb1da2d9a5318800e4df257e98f36d39bf1bf32e90acc43dd0b10675a1b3d295f8fb175f30b1f56eac9dd1645d3fe2f254a5c69f12891221776dcdf3af5668f9c8a9afcb587cb6b474e62b83341491da1b7a74dd3f5b521713ecbf69e0bff5c3aa28c87531d11ec2b8d0c706b6103e8a14029a7c1f2f744c102ad2e97cc233c94cb70af61024c8bb484e4c613ea26e929ed552269359182899c728786b7bc7da393a6fd620cbeb3df32bbf9f7193b9c44475bb1e24fd3c7f1eb4efad71cb01e1dc67057b3bc1d59707892f2a9d53847383e8fa3d93d6a2d0c14637f02a0382a7e5765d54de4d267bd5e7abf403b12814963985004d4fe3e45da1e694615bdf328d8c98823768b636e417bec6621d6392b520feec5994, 2, '142-06-7323', '1516415848', 'jose-mariazamorano@example.org', 'angelica08@example.org', '9493127589', 99, '2001-04-30', NULL, 10),
('77BF8449', 'María', 'Rosa', 'Tudela', 'Córdoba', 0x64cf17700145232be013b38e03288ef6ada424d8c57cafd70066531aa26fe77e3dd76b9d36bd575bdc3599e0e7d7579c703a8b06853e5c74fd7bb84ea0aa8bbf121181f1f1cb819660214394c463862972ebd5b09d6e8aa026fa4f97675dab39e7cd56da18c2af91841d14289d6a9ab4d8fdef14c667aa1808f95bf700c2c8cba8020e4543f7ffdc612cce20276939fed85f5671d2e74d7db7f0a642ee28ce585cb920da31658797f41ffa45fb5ab43f9a5a924852b2779fde94af3d5ee34de314353a75afe4cf474a1d1a9b43da9a78434cc93ae653085e70c0942f8cad528f5a9e699fd8672add2a7cc0e800f60fcf384325101f02379a35ee4d74e91b29b13c84004dcb5c0c62ccff3cebecbf98027dd2322d839f4c80e73e7a8d304cd2b8e1de5e8489b73b58f7dccf25524c6abfcad3c9ef41d333e701745edb529819eab8a6efbfc255661df6954662c3a13e5ec5977d5a2bb2d2f48d57e573082dc9667b93a24dddac449d7d7bc7317c99157cbd2d606e500b4ffea01a752d400268f7dc675eb354e3396b5547def00eb7849d53b65e65316480da8a5246263b9bc15cf14e64277fe506abb239f1f25eccd2d496b62d3d4eb251b13b5d5dfb5d635336a3e08e563b56a48dfe59e78bfd0661b78da8febbe8fa12b40cebafd415ba3efe3a47a8c120b5851de688291040cbef33836e762828798361bb23cf3c3f0f224969938542c607778976e7eb8a3a99d06d3f50368bab7c3af02d30cda015c4eca1e10ea11db95b80e91cd10073568d3f0854bb9e769cc0f21e8be8f52fdffc2e0d23f2f52394e42e44d71e755ffc22d5766696ae5ab67d5e911d14839c3b1e9580b3092f2186c811822b674c9b904948da27ef999035207fcaecfc50b4f28c05946a02b0d32383ad84c8c75d0b250ce46926409b9a81faa3cc24f411d06ccd11a53edfa15c6fb791fc7621f2e9498c0c18364b41f8136d0a3a58ceeb9cc4aac2d328448191d5267ca1fd7961314e8b3336907cc6b6b5bda4c524496fe0e9e40d323a29b94e6a84ee58bfc56b4e57b0a60f6d087bbfc4b5138119dcb6e8871b19122bb9fd8533b9081e9adf48bd58d5d2051949642669b526f87ae3167954da06ce94c94f77718151c7af6122eea564b7d2303bb08b4691f7a0547f372d815b616483f03501ae15988dd66180616bc500c0e4d593f1faebae7edd9ae60ab8c8d62dc85004a90937ec5bfdb6cb27c2cfd3054f3b04af18fd1adc504676bb4f0c13a8dfaac71bd398f2c089c2280f7863c6e545885f5f90fe362177d565037b27ed9f6ebc7af1cd1a197bac4d93d0dc320508cdf7b310dc3515345bfe0d190aed73651e212bda00ffa6db2a50ae36382e8d011801752c1ea9840f756b6050638dbf0eab8ef4e02096bcb8cff7fc177764bdc7e5eb4d11a6ccbd7a064b198e1512d35b, 5, '703-25-7861', '9406543538', 'smachado@example.net', 'gualflor@example.com', '9814607026', 79, '2015-07-13', NULL, 18),
('78NW4307', 'Olalla', NULL, 'Silva', 'Pont', 0x7e8ccee414273492f8b84252a657919f0354d09a97c6659064f3f3b41b0b71cfc9f46f4582e6e8a195713cdcb984834b58c3d129a70fcbc6ec04ae2c9a4006aae37553d1172e77e32378de5a45757b5d0a0e0751f813e78bd586955d17edcb2bbe4e8400090ebf37bea9f887c0c68bd01dae306a9c510b2d22204840857b4cd210be437e97c0392a332ab99ee8962e02e8c26bfa9694720355c64ab10bda07084494a4ab5254573d271f02d412562f0c17cc5599ae7a822162bd97afc5f03951a6dc231465773c2023e2b18914a2e92c5790d19880151179e5a93aeb89069456b1fc58a37cfbbe7f96c4851d475717f06b55e9e28f8f7661ed9dc89a8b242b7e67428b7eff4fce97d34a6c7686259a829ad83692c7176a855edcc29145cc476e74c977523a2fcd7e29adef0f4c40140b3e751f5a7a6f74c6c29ce74e120ca9775426190d1f1da687db337038fa8d445618918af49e876ed530a400188cb02f46704b661ad618a3179f20b072a8b7b01a012f00c05a1431ca63207888b1e18f0ac61db0d68824fb9882b04e9ab8ee760cb224d1b4b681df0e61667d7167277911b6cd5422e6f6e47503bd9428c5e28e7c7f55f0978ec8425def9aa73e548f37cc7676958fd56d60448748b11fa594d56c7cdd7b5b4072e1f8524ac9e490878113d771f0fb68d1299f7fc6078629c87bad7ff95ddb45d9f18b344e91d5423712ff917f6372e1c74a1e412d63e9c8024259dc4e5e19df09c5908f12aa4087bea180adba40fe4e1b9f92d7ddd9d8468c98d2f1b3e171f3214c52e5df1812e31ff01da00ecc72f7349a723fd96617e774701bd0f89416c0500b0bd608fb5f5399ff6e1cf52f16ee4ec724cae91888aed77d6e506f8e51a751954d8f3a4110f9261aa4ec0575b4b4d20bbdec66a07e8f82d1943b88e70b3fcd93110032fc0aefef53b653a58ed5caa2df492ecea56a93b32ed900fd5b6640c09abea1d3c1e19d207141199dbfbf6145624957a549fc110f8f36524b4467a030c0b50bf83f89be02337984602d8e4082b5279de15fc81aa6e4f88f1234539b51f5dd1a3b1eba94d9457caef0944847b83ce87b91a690e14c1d0045c5bfee90d7bb51662531786482ac4a455f0e65dc848db35eb2fcccdd515d0da0fb53fd544543152f9133902a09abd1f453b6583a4d81e998b6d86c02e3435601344cff07b0edf11a90d9928a77d75b59895da19e4d1eb775f4adb0041f9dff0e03404df98619d2a9b67cc7bb00375f39da46772806450aea96b9ab08fb6874b252e57df46b5b4c2c63706b7a6857016796ff48eed8e1412bdd43fa44c264e3501fda210271ef8bf647f199f2cf686af69fcd25a259c95f11af74fa209dc2dc9ac7622a25fd0f9381efb21bb334b66691305d6a46e1f76dc03bb6c3e3d4757c905159428466c7a611c4b6d3096e6e6a, 4, '834-30-6687', '3009020904', 'josuerius@example.org', 'lucia14@example.org', '1334601210', 85, '2003-04-18', '2011-11-18', 7),
('78XY9922', 'Mauricio', NULL, 'Molina', 'Aragón', 0x0403322540df02f76bc48f53e3fcb56ad7bebb244b8c424a9db3788439794085aa3f08d93831e8bf034999a119bcf245783685aef4778f57738b5f3907d80d73bd896f222615272f5be7b30ceac6a24a9cbb9f5fbb4564c4e053c8ee3b2ea83ac1165ed9aff5a37308b21527344679b36e6662b20d4f5c250a2a93aac6b24c509545e522a6f9ec91472876609e6916b2364cd50073307dab970a84f210d32de5246d37e3f8f9ad6af1a964dbf14b09df5063f0c852bc23339b6ecc56fc8df63309b0a629d1f44edff2bd1ec3be3adb48b7da525201fe8960469a68070c9c5ceda8d1e85e925acb39baa46eecaba8be470f22a8e437c866c497fabdd0fcfad4eae6ecd619643fcc6a889e9e3f155b8bfede9e78908b6fc14dc3b7765c76fe9316770811baf9245854439a10a1a6b702fbcdfb438168e9d5d00dd0285541073d515ab155f27e3341758c179afe2d758def63d083cb5f17282a8c8a342cc78eb31fc362461fdd0ad50f9c15469b262d88c8f32644f2d88b06ef408ac4bdb623a5b14f5c8e982b37640931cd5d394edaf88495504d14a8a8c99b5aa3e084ec5c0be03d9caf474ca17727185d99e7d56fe06f02c4461c83718aa8f2a7df3b2f1a9cfa89b03c122ec5b955967f090607662df68ec70035932111b6b0887ed7b132f60cc375679d037317adaff885f83387d15600a4d782aaddb4e752e74ca87a2e9fed2aa9510bd98a3484435f74a16a2a3ae4bda7d30f579dd59381a49db98473912b53842496cd67d4477bd0ce340b0fb5217c90f5b533d7b7bf5ae5128398a288ece9ed5cd855f0077adbcdf296b692960f90b0fe9f43f3e515f4e5512092a8c5a7a54dde6c3f63f768aca21d63e1987fac6d7df994d4346c463ba40aa7151ccfc3164364425f872533b37f9231dbf7a4cd276575f221fee33f3f694648e2e29bd5dee6bab7d10b9893e1f7710233502e5e23644790879a33fa4ef9c01175defc4f8f75dc509cc29fd454c094e08ea0c94d868198f8b7a7c005c2a61a811101eb68a7ac12e903781609dc5a740b1c51e92ac817e052d6172a3dc697ad9219eae96fc72c4d418941336c92b2e6f93b0e34d5cd7db3cfd5415e3ed3b9ec50de6732f1926196679facb3bbcae00a4b98d90ef02b264486922d869a36b6be753b25ee48b1a4df39b77aaa84e0c0c0e07a17c4101788a4f2edafaaca4b3065a2c9ea2b3ebb88660f0af6e88b114a35b2e168c0db96eedc768324dbe197acb7af30c8730e5629d0b9665374e0fa680cd5b8938e2baaa341f2f93edf0190bc85821d5ae4bc4646bfe00b7f3e15eb87ff990869ab2684413a9aaf7aa97c485ae94489c6bc51995eae298552a316036df2698e2333640493522678f9f7ced8defa200e05f385f6104a433887186c11f7192ce8573e6bd06ff1e02d9a0b0805bb01c0f5b49341, 6, '263-07-8123', '5475567885', 'villegaspalmira@example.net', 'maria-belenhernando@example.org', '2802730216', 196, '2008-01-29', '2010-04-05', 15),
('80QE2191', 'José Mari', NULL, 'Pol', 'Bárcena', 0xa44ef03f091fecacb28798412d07357db7dd1d81832d6f99b9d7450a3c76161f9c5e37d13b77d06ee7bfebf278536a28d00598ceed696fa50869d7fc9d5f583b94f474297b120327a457c26c75d0d5f395a08d401cd4654e4f5464cccfdcd4ca33c472fcb50a7b5fad65e0a8150d8f356849b9291d2b706b16c047bc20d443f3754279f59e721b55336dd210829ef3318c0625b6f072b0db693faf4eff4c02202805eed4d1789afc227ecd8cd51b7375a04084d63067b3ff5657179440633c08f31f084661fc1d47bf9c9425fda2bea08ab46184873c9445015accc88f18563a6891d24fc3432ecbda886caaa9192ce6e10ad2fa6ab3bd70d1b33acf397b826f82d3e1d4b174b3e15d7122a94526ab0eebbfed2271444bfb77db0530b2ca31a9b83237a90119f60d3ee0ee359001a4a7cbbdd507cf0c012b0b5d1698b56555a8d01aea372809d9d6a93f6606cf6b55320afb9f591589a91ac5dc8e21d199deb6d3e86cc59c9757893b6891122d2f877e2cbaa7cf3e05ecf7b6532fa6a0db862f881c356826cfb4447494925459c02c853261d3f64b1443a39724cffce71a901eb5164b66dd8815051ab1130e7a7f5a370ad5411e2603be1e106e38ed3dc6481f95767343800fe02b29c609cb09a8832084bbaa7e67f310d117c0f97ca163d691d209d6534b391af36195bbe2dcb428131cc9c57b2d13983dc01d5a912d1e06afe342d9ca3950b69c77ac56ff226bf71e571b6ce43838219df438e0a7d4b9c96133bd95a244ebf48ce9dd2e6e9716d0cbe509da2efa7f2b5b0306c3d15088c11663f0bb56ff8ee73227d33a59c5dbf17964c0b611212b557a2636bf0c3f352cffba60a1f41849c430bb0aba18bbd916e9199a5b9808c1b6e40abad53aad7907f4141f9bc8521adf4b5ac970f1c68887d75c8f6ba5e6355ba7c7802c75a3593b3b9f6cb695c8c81eaf2bade24e4adc91f358f08084b6988cdfd9e52dda89ee38a0388172b3fedbc1048fe978df85b2d6d36fd0ddc5fe069e2e10a8ff174531277597163ab710d8082e92cb52319351026c978e265486319c817ee739f9c0abfe47227c103c19c40132614a4a3cb894dd950a0204a1a302c8df4a67e91e4a395b3c8405f100dbf594bfa46268f2dfa9ad6db036fd80ee63034f529954bc4b54720b9f9431021b58ebdf92a15e401071389c164cf5944df4c3dbadd8cd17a103e3d99efc625e9648eafad0d93e6abafee785a9c80d21b665e2e2db9ad314e2af757389bcf6063be34069bae09fb4d05f271896e28434d06df4eb0404b1d650fec304275282ffaa287d89288784c0b51dd419f19889383e27ae4ee9e66a11bc5dd0501f71ffde0f5e07dccf2fa3c14ad3d311b94be404b61a4009d03aa651b2961a042da33f5f5faba6bdf075adbbcc52c3e1b32da1b0c58de178dc3fdf1b68edae07, 9, '739-40-3960', '7256928237', 'sebastianemigdio@example.net', 'callilia@example.net', '2378685596', 60, '2000-05-22', '2005-04-29', 23),
('82JP7480', 'Julieta', NULL, 'Montserrat', 'Quintero', 0xaa33dbf0bdd3bc18b80d8762e9bdf3fa30af1a9f3e131b29c3c30b1bb738da91a6c2eb17b03fa4f3560008f0d60f21596a0090618466d7a32c03da53897e2e40d9e602b38a49b5e6bd9302cb842d33958248b9138a29bc10a9a50b2553822e0fed74943549f9b1743bc747d29356b37dca4c04707e9c3e6461558c688d232cc224c79e2e60306f794aef9034738de31275bc7ab0b0429f8b20b6d10c106ba4c11947e87d6e9b2a424b1aa6712d80b4f22ac508b4077405123b434f51395e755fa9e28f292372bd176abd958bb85dc8375a193009626a6c1aaf19535278f57a08e0ff540c6e9df6e50ef07a5814ac7668ab72767a4bb650c11781f74526e76eca62c9a10e011e10b254ad4a2ab613b097cea12e1ed794d62e2c1e5dc7f9c0d0c0e636ceec142b9dd2a867c4b871f8f4191f04f46101199934101c98d34ba68b90199396a840a47ea3e0155487f256a9478a1efc50c6c4f2fb6b66db73b9fbd746b5264193c5c927941569489a4e6e6ae2b3382a11dbb62f180bb8baffdb22eb28b8b2be56775e09ee1149090b70c4f86666564f0cee44b1cf4ac2f2abfa5b5d954269ee5780eb0fb910baf18c926205675e0f47c62724882591a5f7d4f836c4d68bc0dcb4d8490f2343855a02e4254df8446f382de4cbc52f974f4eb795efa95c95d9be2d92303a18d8b7808674fd4189dfd6e92d04157b1de23b708da78214832886025f51a1953edad58875ecf25bd4baf2f4acb29ef7e42938e54f03f858bc79b3f2e87b473920ed83b34f06cd3ed1d33ea0f79ecd363a3b0db5b539363a2d0ac8b7ca60c722e793d6d66444a2a1d7cc394f80806afbd7555a493e97fdeaa5d3a45c9a9a1da6499c316385b63470db7fd729a874c681a1aa7b670e001ddc56761d373406eba75c7d5d37b87b8181b7035940e4717a52b17fbe3f12c53f81070b5b08cbd43b05cbe44da7d43d410ba8c2fac215d2565dd090104e627a5a9d8d2ffbfe3b39ddeb4ee924262f8fcf58f30dddca1267fc664f9b71d6e68a044e90d462b5bc958e952a3cd0f1fb245f4a5f5b25d8b8a0d46b84c8b9dd4e86463abb530d2b1343e534d6c279da1a197759f648f044e978bfc2d9c3037c9c55d7a639490e1bd89dc2914e183d9e676863c92b86b408850f4b9e5123b6ae0d6cfe2db91a73b42605ad78f426cb91c535eab99a6e586eb8b5260d7bcba772f73deeceb73c49cdcb116c39264fe6836c5f3814a95303e71f7d3d5ea2aea056659ed31e1493cb36f177c3845586dbab847f366c42e61523252fb326e96a3824e1dca4ffb3aab65f009208b18b82ef17c71b5c2df3bf7789427349c0c65bba97719ae5dcef6c9f3a61fab78d09edc943da0138d4d8c98b41a01e018109083111c4bfb089f624b7abfd212008a238ef293bb08b1695439d1a9d21ee6acfc9b4860530105db6, 5, '772-08-5710', '9568075365', 'lauravicente@example.com', 'feliciana52@example.com', '9517164450', 29, '1998-09-29', NULL, 30),
('82RC4556', 'Manola', NULL, 'Barrena', 'Quintana', 0x69eddb40f67fc27fd2b866a3bc8e4f73bcfbd55db2517f1fe3b682d54ee226d0475b959f6ff5a854510be7a341f7cd9c5b5c24249a767c87ac9e214232214a7ff149936dbcb9eab1a96dec7b3b7402b787ce350167d5069a3619af02130a18ef15cf4694c01b479fe52aabd9ed8fbf05b5fd17ccd70b9888dab9b99e376eaa53e0fb6c9eaabf6485e483893eaeb1d4808faf7e26729cf03a9cca876eb4fa5da66de203c7efc555bec024b091cfdda4e081016ed235e35117022f0ce7d0b55ed210bc68f7257ed65a79cb33a7652b2f3d9efe29d88b990969be5a33dacce4a8cfe18f931a37ae2425d2b4dec06aa63571e0709bde3d14f9db0620ed6c282b90abc89e448381aa77c92b5ff25f955e0746ff7ede0fcc342630b6ab4feb8844f1d2f92b37b55727bb4d49eb35495de6a662160cf34686138369eaf6064501b4bb3e694b4a843b864fad90fdac667d87c1e570bca4abdf295240c3840b987590194dd42b209c90b51ed60e6d3c419e5906524095bf812c2b05dba6409847bae50b6f5d7737cdda3a9079cf93e5a62ca3cecadfa37693667d6f6fb73a38fb271ff39c3a4d17f3cc843f70be5e1950146b80b5f4a8798f49f3032a1b4ab027d3307b9c10410459c62e143f6bec8fd8c8915a818c819cdc702196826063115a32de1130ee86484d58d8a8ca6841b0985ba534b45f228a22e6798469c29d8024361850a9543a6b631c8ae62d880e9ac0689d1d9f493125e9a8b34b6a181e9251286bd9c6103e777885bb1e209651ade96c36b70564505fce2a6055dc36d4542b8d28aac9c95d5213d695a04ea7ef427e89f003d06eba56e7b6ee3346064e9b007f01a2bfd548b4d335c86e8b4c074022253e7ea761f05b1a018ec91af644c42c78f196ceb7bc2ef44f1b21cde28d33f1481ee9aa7eccb84c2ab1194bcbf5eb04c44c46552429e3a0671c3378dd9b704a0f4c09f9b27ce09ddf5cc0b67bc6344abd674ad64d5f394c382cdf2f0e90fd048fa0fccb74d01077ff6ba958538304c6e3a0a87fe2aa0d8050b5b108e9f47e07615468894a27624ade003c6445fc240d34a9c43cfac525acca9536bc00b9acf0a9a629c7ab367ebe6222de44c34460c369c7b1474b6b076c47a0cca2bf8136b43d837b552a69082a603c1c0439ea5c8cf8ef8c70964939854a9415642b20a85ffd91e4494ae5da3939fb0c658a10cb85ab24c8dc992325d0c971e810c33aec0c63919511587f5136c25fcd1e6d5484eaff5ee0d8f46aff2adc664fe3962b88ca0ccfb887999e20c12812046175db38c0f3b04ffa3aad3a8340a6a9d593836f05f96ec27b5246c38644118197b32ea6a62116e5d45314e15f6c59777f0250699b1ca6d770a9dc478b868afbddd37c46cd8f9ceaa9c441f9673b32dcc2b1bd5284058684ef3b7f3f801323bd70bb6804038e1451c6, 3, '609-53-7938', '7022202229', 'margaritafranch@example.net', 'ncuellar@example.org', '8223905756', 102, '1996-02-14', NULL, 4),
('83NH1424', 'Teodosio', NULL, 'Ferrera', 'Cárdenas', 0x8d3fac46bd2fda047b73308827f471148d8b2a8bfd422242ee01a75b3775f4f3aa2cd6f9ef4aea3dc17b0708d0fc5af9d73111de1c4797eed76e7f6cd93fb5f4d2072b233d977fa750602fa281e3564bc2805c9a95172d1feb7fc4b432c7245e1f144745be39e90806d72d5f1d5cf3168fc8e802dfd3d24d0d3ed6d88249d71b07ed0a5199407420c5faa6a33fb03000881dc8eb301d3e1704dd8304cd9d80121de434f36d7b31170b02df65c1ab4e3cec37020c6f0a15d14113c0e8664725b937eb41fde3744b400cb58076f81796255e4b76bcb83f83918123899499bdadc7e7b24917cb430cdf66d706b25cae895819b21571f5a40fde6bb18b6fa00303c643b201574773bbef8ed90616d74631c6b30cc8010fe52f69eaa58345eedf68897689f6033c8008d2bbb1c20d12d8757faec275b9ef11ba64cf326583efe9606883bb90a5ac357bfa4847ec34b1bb64ea928a15ad4cac876553b205ea754d17e44f4ce102fffa00ad9f7ad1e0dbd3bbd8ff1b925531d2936b168f7a88c200fdfec1ed0683105523d691ce98f7feffce112277fff11f40ac02c04a9b17f753ae8eb3a440165e5e2882960da39296a47385aef317cc9e4800c9f0a8b251b21212dbbbd342eb7b5596b813c79d110055707ad15ca2566dad9cde0ea608d840bff895a2752ec53ff6f89cb258de97351d504f156a3ef9273d292853404af6ad5f96df82db5ba3f0f7318030066d978debee17716297f9a81877010268a9ffc307afaa1a5315a7943b413887a0e00066f702154c25fe2426aa7e8e190b6ced8a64339aae610273e84cf825408ebf4e835f766fde33fbed500892921a421bb494b9795f716cfe5c9fb51ba2c464da24f12899545b3061b6505067ebc8733014aa8d7618b70143eb0d893dbebd366f6f749e52f6fd2bdf8409a78da19da1f8ea3209e3a12ecc3c89806f40d4bbf69c6aaa5ac5cb7ce07d093f227d5a7ae15b6057a1cb604ffb8e7899c92080369c3bbb28035cc53d450af56e8f18e7d557ae84a7c77e58590fa6d2e94e1e80533c7ca8d3e18e8fa753350963a2dd43122f511c7994e178ac3feb4172a70c5fe9b22a9f3b90ddc4c66eaa30a498b72c552cdc7fe91839f0a88cb2d679f07b63f8c023b8c756956ce239b7296040c0d0fc700ff659b0121151ebd6222d0290b03646a8a6f0fa53bd8ce11eed7fccea9567fa66022d2a19c3d34c28dfb94d313d8611d0f36f9ef1d11aa1baa0a483f369270ed7faf1d3ca387fa390e77595cd00a45aa78286da4e98e4a936c987192b171cf936a73e41f0d5a524d10c3553fc9d7903b02e67bd87b3e07912b3264b49ec9b4754b9673c659a3677dfaf49dbe94da57d51cff5384c7a40f490dfe0183cb87dc34cd866f9f6924998aa86e2e5c1dd1e7a20a6d4b7269195933deb63b3613f29fb7e70cbecee53, 5, '576-66-0637', '5996203334', 'alvarezluis@example.org', 'adan42@example.org', '5076014143', 58, '1999-04-23', '2011-08-01', 14),
('83XK1745', 'Sabas', NULL, 'Dalmau', 'Crespo', 0xa9f10b13c3badd99111d9396d763339da37a7e1dc3dd4244ba7a44e9efea8d5bc61734b5de6675c5b93eba805c05de00c4e3037415649263d726f84c09eb49526730bdab4832a74b353e967f7abcb868c8116b4ef31b450a9d4abd31776eafe93dff60de59c2c6f84e7e5cf59ac10fa6d76616d7cca98c36eaeaebe6c8c3c94ae75dd790307d545b54ec14f6b0c88c347cc6c96d3a9f5d893ba9ed930295d8544463760ce82820a6902921885b430d114da6f61638a59bd24675d28157529d4ee06af2ebd33809237594207e788f22edca6391ae86ed5f6b35b85f0fdfb5d56bd1bf058cb71a13fcd5b83eeac11455eff1d82f2d4e0f9429aca1e26407ef1d33fe1f23b5d1a0d528fc65e80536f668eca4ee744a7bed0920d172c4bf2e0190086185319be9b62970b6ba07ee6b73f51eed06a021fcd0d909e405997fafc4160a20598b94b095e3b033c92d532f08a7264fd8b374b3b800c9ee9844b0e7c3fd6c95f00160f3dc8717a37106fe78d8da654f12ecfa075dacd82874f4eb075a173e07e5a4432891bec721d714d32ffac6435872e83b7eac7c42dfb2c66849eb9323bcba6d79310dda0a4aa4c5708004d2e557cfe767c49270d77cf8ad4e1139a186a31826c364c3b86eb0be4a6ea1b26f85e483f12b44b9d0b0ac6f2958903d955171746d03dd1079308722b4a86c487ab31142cb12b739654ca480a2284e15f228c1566e9ceae3c65cd9f76708d0e1e0176ea0890cc430efbc5a10b6226fb9cccae1a822d3a17f22ef164ff3e22da0e172a111070ad8bbc8f8ead612822896135efe70d7311d347797c580ab2d8c1d6b2097d0825dc828421ba52bf9b5fd3887f18d9b73b0ce9e6b3af782bc160d473d1a4dbfe85ce3ba6d6b84c3c76123bb130983fb550706de928dfa767fda25be842676e35428c2b8d9ecc6558b42f90e84baa9efab27a7415a678b14147ddf8fb7e1a58b7f4ac499b249eda221d16342ed1a282d36487153fa37b9e140a5bb67e0badf89031592fab9b040e6d6f4119e7c91f4ca057424c0dbd19c712a199593596c6791f17afe8e2c9feb1fbc9f3ed1e8dee96458f0ce23c6d0b2beb5c95df5f5644019196a971a063ae09e5c9e9c0cbdf25d12e4c9d5321ccadcc2bf0172ea903653cb43c46782afe3511482716ea4eceb5d29d67e6d2f1a5ff9fcbe5414a028294506479eb612df81d6571be33d3bd653a6f1854d40cc950c410db7ec4b8d6e7f94c19c7621cda4c07cbd509c4edb5baa0e7e01ca58ba1db8a7af44d97b1a2e5674a10d68ad793f203c42c846a47a305ce092b458d2dc0585eaaeb44ff21a0ef771c13bd51669e450a1c576c4f82ea8d88b0dceec4278415de6f86c9adc86fc8daf2b0dcdd0810d70505442f7cf9f023e52e2b5d5226c0b2310e09bedc6a7e68481f6fea42fa941790d59018ee021f0ba, 11, '399-46-6771', '1791495245', 'cesar81@example.com', 'leon67@example.net', '112891874', 64, '2017-04-11', '2019-02-06', 29),
('84ND3934', 'Olalla', 'Olalla', 'Calvo', 'Nicolau', 0x4df5a3977db22e7641c2b26326f11466595722868a8c4492ddde64166b20cf8f75afc489c73cb11e994c6c20f60f7368d77be5af7714bfa4b570dad3136ef95f83bdff51111a7dd14a3f556d8bd291745a1ebb96941946357a243384c01ccd641e14a65dd03b58a3babf4f7c62e112670bdb6c2f34c4c01af59164c231957647667d7e952ca912842b15c33351545f9d2311f3d2bb21eb8ec44e1fe96cb1047f54c8467da7f8723127f7ee6a2a3696732ed8604141c02eba805f70a2aa9afa1515ffa91b1b41ce4172356092b12ae75a01f36b1edf398fdd18c0ba592f343456e628fd3db9cc506cf8461bdf2d85b6e991a454bb73109d719ab8db81be526fcbf8ea232922a3ec387ed34ea5511818746b35fb4336c1a154a62437f304d3950bffbb8461ec5f1db76599c706e3ea0fecd2d2fe04a30d48fc56f50abdca9002e0ecd2aca039e7b6b850ad6bc7f5f3862bf8da6756801b385c71b0fe83d53ec3b0c1b2287689c117e490cc02ab0e7bb6996e1ef072a50e2588af7a3bf4e31b4b90ec7c932e726ade9fcf16df1167b0ced648abf62a8742791ebd199c65bbeaa2aa01cfce0b9462a30d97f4e09e353d1ddd36ceb81f8fe7b8bff8177c038cd287be8da71a7c0f65a63feefd157d5382df1889e38fe3c63ed9b1d29d0f462ccb1a8d473536cd872cd3c92eea2dccb4556e827ffd93f4ca89421b8717e5395febe85fbadc954dd69961c98a5150bc7324dd5fea2b2e1b5bf230f7e58ec02820c36b9e3419027c94b6aeeb0a4a42a42d2e19169278475bbbe3513f4664819be0e92038b045794d2573cfab45463687774654ddc32c479163acbc5e9064088d1b0da44c7f30000410b03e86d8af31e24f3208e1dfa0acd2a5f6c73771741d1d5d5bf054b55e8362b16eb010518a6f0122121c9831981da6d8d3f122819289fb591d0333a22dc4c0cd872a5ef43c2a3c8a7fc59f943b0ab6b388e785bb8f74d6a195bfef00c79085389963321f609ba2dd90526ca36af2e97e1aa1e1410bf24b2285dfcdcfe40449d042329355dd8acbc345ab09c2daf8ab0cfb816d919135b7f748fc94868951796bb0b871f15a70c63ba33270d7ea161a399c0cd934b56aafc28e0160c28b5186975667f0c134cdedefb9b9c0ee72197707006eacab87815c64bf0727c98be2a4cd58db90ed95480e4e21dc8e00a1847e9cdfb56138d86c7a2f71aea644df2b67e2106e114fdb8827893f13df494c083272b189592a4ea6ff468adbac34e39fea6ddda71563381a93fda0eef7e316e43eefcba5831c25058df8f097c210f467824569d1c1f3828891cfc4654eb011a59790139e7894819055bf919dab92500d61a0944625a7151b0ca5f7b4f9d5be011e6cddde02a84b06e0e2aaee779f2f34403644848b216270fc66db99e03504052e6d2a490ee0b7de951473516d, 7, '205-59-2890', '4286353568', 'eloyagullo@example.org', 'elvirasolana@example.org', '3098851609', 97, '2003-09-20', NULL, 23),
('86BJ1221', 'Elba', NULL, 'Exposito', 'Busquets', 0x1ee85f1b2eeffcbe4f713818d63322a46f95bf190da8b9b24cc577c0862e781a73e1e315b9979bfb6335bde5eb5ffcdbc7182e45967a493c0bc4e1f2a10d5c1a3cf96615e33f26770806c3bfcbf8983e5f79cc35f42a3a49c4bcb9d16ea069aa7b274cb4032106d97152810d98b731a41347db36b0814f2208755d7a5bd9af744cba21067bb30c546ac34963c6bfc76efb607a9ad7b337d167d8c5579da0f4a17bbc828e6bdcbfcdfb8b63bd987c18f3821e14028d7e328531c4fb9fc89b48a0218e2a9315c82b08b5c49c0c97a28fdef5f31f2c7d94c3798c1c35f6eed42b5808ea9f3f739ee6c4eab89f83986d1ca0f0d73d67b9d710e581ea0744e7042659f6ebdbb1c8f950dd6a0a90a483dbb4f5b90b53acc90d139d95381cfe69413e02a8423883bde09d910514ed36feb22ca9f596d039b235dde99c7a02528bb774a88ccdea3431fb918aab5511b9145f198a70c502898ed5b8c58a9f4d34cba65bfeab2890db212d44c599aff88d4a304dc05ccc1149f43b28d8284b7601ecaee941aa51c82b2b0053c84b84ea2e6e561cbba5e910e3be8f0037be22f0066ce0df94a3648e5ec40504d281e60981b375a1c551e86a16729a87e9cd310b0ff51669d5c6983216a631c5299e56f48c6ee2385afed893733086f6548beae7b362152575412233a004bd28a48f02a4a7dee49a3eac730ca0f62f02d4e7b2a609896e0221a2ce68f232bc9a98e7a2c5908d393c93cc53c7c431d911fccddb1a09b02e93cfafdffdf0f69ed3928fd923b4fdbe1f827d1ada5fd4aaa39f14f527a38a56c5bd96043bf1162cb7737a632d6e5df2b58ad3727045f49afb501f5d3fc2a6b1273caf956400a771184c5a1c4d7a3817d3b8cc91308e6934dc684897a760a941ea89d0431f69f3404c3cdd8abd5253b4c923d2fe3312f33f99edb4ae3f7e3e778140742d8c8c10e9af55bf783ae253d31923f8d53905c6822069e99e66180f8b5a094fdaa65a5746252d9e67399e18c50362b67bb80e8fda290ae19bc38238ac9e67389b53ab4c34750048ffaef1d098c88d8d3df7c669ec8fdf37ca9381fb3c9b3a82f721f7e122840c80cac0d5a9d6a15eb01e80e70928636f0261ec120ae86dce08127a11ad44476867e95dc243fccff9e4590cac1773fe2975cae5810c72b4d0b2d044a6eba4dc63875be91f69c2074d57e1f90d7ab03a68a95e0a1456f5dbe0a4866cb826fd5cd68b5d3f35e9067a2d4d69bc5b048238eecb0a0d8c40eea8203f472f0f2e75d7c82256c21b6e6c46233146467b6fd65080502ef0a6ba529439a2b4ed225b3f2aa61e0bc36330efa0f60a2de73b27f7de742ed4d02b80eac0f581566107bc68e7eb53a090b4ba6cc613c231c3c8b5b33f8822207a0a4573113c7097f84849c53496eccf0b8a34afcbf3e2c0ac62f457631ebc1a4f6dd7d00a9b, 10, '405-41-5376', '3487200755', 'umacias@example.org', 'ursula89@example.net', '7893973122', 6, '2001-06-22', '2013-02-09', 12),
('86QL8367', 'Aníbal', 'Marina', 'Cases', 'Aramburu', 0xb3ad4fa8c22bcd59f51cc25845dc1773d817c399951cbd31f68ab2206d5ce2ac0cefe138fabe7e7632d7f5a56f710bb8e38c7757490011da5de5a51d0b431a43d33ce0ac73290ce333015a767f5b6dd2f0f87fcb3000ed3e9fce4172396894c65879c22063f19b999354a8ea06cb9303418bf1d125fcee8fcc460c418e98db4a19532ac7200cd4f6649802c91d1540207d2296724faadc8913c5dd55d105a0a06b9be15f9db9cc04309be7a457bfb99bba0e1e8039670915dddc9a8efd601da72c502747ec6cc2099e0e82024227b73576a608a988b73e76f32208245535cc12636e154cefb0d50271dc98731e2b17df574f1ce222bb5e06f70315fbde103e286e4f1453efd2b7b9c96c9f326f12a537014871738fd737a2156c1b8593eb74adca752b15f9e6e98e345fbd5a84f9a341a91e91afa8126027fb9b00eaf2560075d9675a52f0b4e2774e405eefd84063b0d16f9cce61efc56ed7f7d13c29bdd5f55f8200f03759e81aeb8b23bcbf6a246abb52e3d92ed6d5eda6395b8321b5ea1eccf64e72f3faf8b701ee4658defcdb582e9e103a949e31fccb5d69f2e21c131a4a5ca2e4fb8e53f672f0bdfe655a5d94cf814ad48a3c9951002e85708cb23bc9fb9f81b24aaf51030fd71543063defc2b4efda259bdb3acf03571a57f5e88ffb74732fe44562ec668aed9706c3f6c50c5afd6e450e08ac6e630d07c8ba55e877a0fed0a18f0b541924495112df7029b67fcce66ee6b0d766311036f8367bd78187d58faca7f20e6072dc7fb21c8dd261bd99cb4f182e5c307219decb9b7682855976b47e6a60d27bdb0481d14f2e4d5afaaa0bb118412076c19a7b7abc9bf5e67308d0b815ae355ad3ea42e6a9385b3d846a04d60e40e2fcab511761d8a3feda3763f28901d4d6eace1ff55cb8155c6a93c96d0620df1dc43a25301c6ab8fcef839a1a2cc1efaccc936906c5558b4e23c56403d992bf771f981dfbb99f66c1eb74a3017591414a18b40b15b5e1d373b37b911c0d4a2bf22b22c9e454b1bc58d0f0fd02baa96aabb61f696e6ae75778f45926d469dd750c27ad2040654054d2dc6056888f6b24881356a0f34cdbe8764e8fc5815d49a88ac9724b5657f98f7f392e065c4489395ce12bffad83911d7f9391a8e503f22ae4eb95e2d382b67f9bc4527ee7596587fb223fbff586370dd742a35856bd27aae502b8915761d181ed829c53abe548241c6ce9799f31556c190cda4a90674729231c1c6a6f6002a156f723ce7981aca1eefcdccbf9a478850db7360446d229c5aa58908cdf4994efa3b264b4b47440d8311e902ac28d3d7cf4168d4bb44664cdb2bc400c552ed77e92b6fa1605686739081c6e0fd7a483e9f4f298efdc8419919968b53ebf6db9aa61c4f09ef5ae02d6f1d5162996baf38b42c01ea988a4bab19f130e9b4de728b1f879, 2, '827-60-3138', '7838036031', 'umateo@example.com', 'qcortina@example.org', '6452159503', 118, '2016-04-27', '2021-12-16', 17),
('88KW9350', 'Isaías', 'Pelayo', 'Casals', 'Álvarez', 0xc866dbc90d5611ea68a1cf11ce65b9e06798000fe68169f7537abae3c82448b2dd3749ebedbf9856432a35a98498434f4469725b9330f9496956aa76bc4a0bcebef84b7bd0dbaaeb0c759fbb84c04fc4bbaf247f6ebbc070d8db92376bf893da82e0ca1d46d1183db3e4c9d3a0e2a1d739cb82f39a9e3c9c63a338fd4a23572c60a46795fdc052d798e138ef4accc5212e960f838b75ad060b3349687c57123660c9fafde94dcb667ca11ccf05ad3959f2d14b9ce7ddc3d331ea9adcc33c9a5d8264a5276cec4ff504639f607d95d510f176d78744b8e144d130a420f8c1a5806dc6cd619eb4b964122690b7a249fb9419d21e502dd3a25c84f59ea4fcfd80d64fe7e4f5f9243a531a2f238b08ee656d98845ff2a24e1489a4f192b9882b91be85dacf62a9f9683df547e916d607b09e69297c65a21639f0bdc8f027251b9228f64eb69c689412ca74ffaa84057e5ec9f2634bae6500b08a5d1b9896d6ac5dab3ee7d3e8334b076259590e7cc2b39e64670c67369aa6b4b599b4a4b8a503f0c20a19561840eac55ae9b06f1bdf34856fbf8042f32fa7af9b46e12d4db622861364ed0820a954251ce84a84b4ad631591897c082f8c27f28535e407daa09c0fe9fa69afefc3e3ef12514c616c670be08f8995523e53104db70b9b343261f8a968e94baaddc0b8e189ff8b26204d10639374a3ef792fe896187740adda7325ccf135ca14c92e79e8c0129bcfe8056e3c5a91f0fadbea94e4f94d8d41c4f3fffe11fff17f2ed2275ab69888210d50974bb033c337dd5ee629cf8909821a0cd024159c813e3560a5de29136829c37f43a74e27a8d13f692fbde96f3be9efe797964862f6675af1d7e6e0c39b9aecf4d1999e96664e15820c4da4583b741fa5cc3abc1f2db550f34074d8ffed6f23e849c3d747f02eb3f05ed3aa45365010a8b14fc0e828e0cae7ea7ecce5bfd3d4c2534476a38b4985ad0ca2b9e699c1caa72b75febc510665be0daf4b8b357cb89cc2b96a034d00e7713c76c7a73c47945485fb6e1324d34e748d40392e8f7e247d137104972510b9980accde7a304a10f59dafb53d800a9ce6a1f7a89fa6d1d042fe900945afdaaaef6cc4ba2bf87583236b63ad2fe54e6f7726551c398afbc83360bc4551ece0eb1bb34148f114a1fadee096e7c032531d4b3705076502e433fc0926ed62508d2c4608d7d7570c4b6280d6749bd0c3f92c6b28223dbe347a2c455a118e0e37f8606e02c63d11f54ec5ae82630c867cdbcd4a6aa23cb91ad2eb1cfa89a56df0b6e547bf78f47c5250b2055b4563d84264f6149f6003f7ac741727ad105f8d35887f64846d64f7f331148dd3715fd37bcbba56aab62d7abefb973d924af726c9855fc37be3b816b573ae462cfd8b535ef0db1da60c29c76715028496d94d7b97bf37b023849e409618884af5fad9, 9, '993-11-4903', '5173248372', 'rdiez@example.com', 'ninoroberta@example.org', '3943519324', 134, '2023-12-09', '2024-02-03', 17),
('89FW4755', 'Camilo', 'Violeta', 'Armengol', 'Esteve', 0xdd7b14fdcbd24c5ff2b92e45192ca218907025898807b4871104cc754de7ae2fbe5c6686ded4782f6754cf263be56f6937645d4752f3856e5497994f6514886b05d7bda50fb88d30cef3e0876e635bba278f2d779f5bed92f17985e0529f1ce42c07b23ace5a545dca9e0d55bebd01bd9aff7e0728570721b4a97ad2764fedc255f6baf3e642b28ea638d38fc6aee99b1419c393b745139c7e5105f5077cf963351e8ba80f6e885700374338fdf1b1000e0806de048f8b7776476b299465d5b0eba9cc3a4b2e4a21970cc2e353af537d0005ad86dad5824894cb47a27ed40f435d0a32bbf865daa3d8132bfae43f21c77dce8a218982687b26691bcba16007aed59c654986873199ac3f0966bc21012ed9b3248d28feecec77ef7673be38dec1024c15439c9db055a07b517296ef98bd382d3969784e07e6a5c31494197ce1fcded717210dfd840fa6e3c9eacdb95f062054c64655f563e9e5cd193f60fd3e4c476d08548922efd3532e512522a207addc1bffec3fec5680f754f777e33d3804b41e3b6a5e2c4f491bfef7f9b31cd47cfd542bc96d7d122a081870eb719c4c682b2dd846b98e63c7fc04d39c6e0e48d641c5517d100909bf0d73af17d63dfb432fe9140f45f7b0e8f0cb58eda1b93629a5a533807454b4aad5e0efd3dc5655352f0bcc0810d952e1f89f095f2997be892c86cf1f05fee9874182a98153391535fd17bb34186478b64c92ca4cfaceb3572853613b8a8a1e200f97d3d0b8586ad0b2ce6b30e636722fc731c7a001c2822542deb0e670fd7f42a9f8b8067a9c1b825b2492edcb8da17aad71d12c41592c6be85eee1f732cbc8734cf678ab083ba4a118c94a866efa02e32627ce921e52237b7ac1283ef4d8a23c59aa0fdd9009482364b2722eacac1987f3978e280e880368f9350efbe712923faa92c8b6a77f3b94ee65b9a367df223f9298e390565f80f2538a7ef286f93cbbf0121e9d94cd9cea7474d30e6f8942688a02bb147abea8375c735d68ddf3b8a2e0ff877a0f4f9d0ac92817cd6c93f96b23d4d62afecad2e6c6871aba78b05e6d8780dbcc25b016f5e0a8bed74bfbcb44730f858a8a7e0a87b5ebd7c16204b02e2af683a9bb2af2d4823d8dd93a74f67c009e3dc6618a728612022b8311a4a8f33d4eaf6b0cb6f0b1f174f443a7059ced8bdf568c434cc5b5dd808bda72e7d0a4594ed971cee599d389ce8240e955bf4b7c544523ac3c46ea2c2942a5fbae5fa91c69f624e42a59b3b956ce1e47a6bb7edd6cded9ddf4b56b588a89c9169ce0864f8876f54c8c8ec1c0388b84cc687094ffeb397d30ca95bb6665f642c36e9cca12cf5302ae03353d28405812d047498dbd4975cdab8118a83e63d508450071f5729465b3da5c596eaeec5607d0eb0ce5806588066cbf93ad5e6526d30e08a0e40b4c37e9b496234, 3, '149-48-3412', '5882485619', 'domenechlisandro@example.net', 'cabanillasirma@example.com', '1734009057', 172, '2023-07-22', NULL, 3),
('89LS8809', 'Marino', 'Carlito', 'Ordóñez', 'Valbuena', 0x020b206f7167cbad71f76fec891a77328a56a9a6adf0768154e1641d04bfbef226ef7d0d5a24908a56bce397e2bdb18783dd1c70fd0a3761197f2f05141470d601dc8e1564e036268b5bf5e8202994a19728a0941b7453a4681708247e2ce166ae950ea98647d5929a789a51b6a8e6ebc2e2b04093704be018f9036159672f9af82b9a158252679ef2728d37856c2192105136771d9b545a587f0984a0d835f865a797220ca045226e5531d03d409f7a0e7dd5da422a483ecf0cf726c515e75e4593ed3a3ed0ee452e2dbf5eb571a21dca60c3ea60ebace11d9521ade7358b9789da40b5cd49d56770c4f4fcd0b493da8f4450604a7e96c6a4edef9cfbf561e5373e3f64f0f74a82384955ee8e0cd1cd8fba31d175ceab165fe28b3f8aeaa9d95eab09a615a88c9d05c6fdc6eeee468c43d31712efd64fd2166f7017e83b7d8281a32a7a3f27a50ef0fb8cea204564fe1fb4ad0a80f02bc7dbe92ac6b8f60be1ab7e7f2417c7992026a128474a3ed498c782fedb720a0dd637334d65dc3c1f6e3b76b09a7f352b30c40d4c6fec7506689cb9d64988f357cc3c54974adf6f8a7a3fbe044bdf618a9d273558fe4d2b2953cdac4f1a463beab4ad894ce04812fbe55212785159134ea94e5c1640cfddbb98b6e7caa343cfe19a8219c170d1333616a350bbcdc201b9955ea59c9efac4268e072bcfe7f97e2b8929fdbbc12eb0602d1a99f78d9e9ff7aa1e3207733ea67e47d2eabec1fadd5a2cb617574430bcba2b46e9f17373798f0b2e9e9f6b74b3a66c7d6a51f46545eb3fa3fadd5f2b7d94fc139f8a2502cb94463cc7f55b6c0d4bb7658331b3fa479279fcdfae43421108737e800cd02e18882368293c263ba54e5197d7c268e7d28cbda96a146709a7bf9ced2f3a05fccca42e1a57f824d87b26042ff4a45d385d5ac4f9bcf8071040b41ecbfd533cf2fdd8543f4a111a57b04c6c11d8cba0f5e5109dab3adfcf3efd4ef1ad07d47452872669f6b6bf9c41f875bc2a5a1ac605aa1be1ce48c2c394c91bb518dba433de37c3148997a94dc5a76eb45f4ce3210ab9c41bf0f988ff05f6d66576410376d875541527d18fb30abaf6a2b98338eea994e5890a0641ee56f044930b535d90887333423155d3d936196fdcb4136012d0954989c5f630af4d2746a95feeaeeccac6bab0c71d3d968eca5fff634416dc88ef119be331e9b1ba25f0edf06196dbf3396c20d4001c0fb8781d8aa8bd6c41355c2176b011ccf7e78c92bc3131f4ca6d054bd6be25fdf8242be237eeb4a014ff1a98d262223690c418f78a30bc7e644d16f64ab0cd79405b8bd985599419f8cbde51656e371cdfa8e4ed706d08a84c302dc780a99c07240e488a429da227877c2e1ca5ad4f9370f9594815810a639f8d9087844186887839e0a5f46f7606f110ea1b3d9e1094dd22d4ffd2, 7, '315-49-1400', '6445882153', 'renatafont@example.net', 'joancorral@example.org', '9344859030', 190, '2014-01-31', NULL, 27),
('89MG6962', 'Ani', 'Leonel', 'Garcés', 'Marqués', 0xcb68119c9ec63d0c2500a39d6b08a77228c304ba104f99a436f00eff36061d2da7fe423864d1478fc076b396b3b082822f72af5147bfd06595c2a8f1d0384a8d31af6a8d4b5323309e832c909522dee9eaa291406d6866d2dbb2803322d433bd8124b7f2a162bdd5bda7f82b86fa370d9eb4fe6d90ca38a0598ead55b197b8d4792e949e389c79ae8cb710fd4fc902d4f8e5671d9d55d4aceea6b914d2fb0a555e70afeb4cbc5c401e81d5f2920d7ed47d243fa5afc0e238f7c4caacbae321e03f069aeeee5a1f92d2b2e483533bd89e07a1a448b1cf35c943e91c8d91539a8b7dd0e65c217d8640529970e5448104ef0806e2655bdb11169d5b962e9e82c9ede161e764ad9d956da4dcd1e12c4ae115972c3a593d21bf0ca8a9775c343ee57f737e40da12152c4ab47afab46035ceda120227974f108991609e9978627edd37fa64ec5422170e60e5fdfa4b4ea3712ee7e1b7f1a4c7444551eb27521c878b59e4e100c3b86a23fae22534ab954f3e513bf7aedde2b72aa077fd61062489c52fc0b296e0aad2bc710711728a72429279048ae3cf29a0c512b6481c3d8161944d7fa4df47430a9e14221bc270de0cf851ba24a7e50f5d8b79d988224d0d0b061ef07b229bb0d98f4f194afc1ec3d9680a73eaa1625a572875816b831e45a899038e711ff8ad4b5681aa99d996572ea2330f295f7b3765eaff58d6170508c33c5cec7b09cf5dfb70a1d429e2a5fb376fc73bb0b032dde38360eb0942a438766f6d9ab145d545138aa34e7e6f55f51933f1ebeef90dfe284ffea06ca1e9818f993be6bdc26769b2b463f931d22a907003a08b9a15edfbb6e1d6741596279ce8896de060cfe88b26c2cf772f01919e2b911c243cdfc6f59227b3dec86baac5f28af30d84462f0be84a9b9444ea32520090e54c99ae05ca8f0969bfa47b51e74a925ba74320e77f70363e04e06013aedb20228975be9497d85a1049027d1a67789a76584dfd9bf4cb9c56721493e67835f5f7ccba7f36662df8b27e7d0747b0da932afdb9730b8fea42a111abe5c23430fbe566c130bdce0fb906890dc147d31c42bcc3e7c9b51c15349dcc9c563d4d0c2f9f6acead94078c6efbd4e9f4c4560482bbf9e1ae6be036be994b3dd0aee839d2a5b1a04ad90998877e55e67949dc0b401e2cacdc4df4b1b1a6a6428c7e4b50ad9da55a6bcadf7b569af258c8e47510e447b33fad46bb9ff446a108410412b70b3580a31481b0f12ad0dc2933fb56c1240de8d29698c66f90fa8d9d76d6666f917c4b1ca1e58d3dbc4643dfdd9d4187ae07205c72cb42a0962c65ab980579768a2cd24a69c7ad9cd90ca3551af3866e05b01d67affea49376d96d508f3575f8f405943e94800c3acfb22cb4cc86e90b0567559bb4404290528ef7a6b236970978d45c9b04ab10b5816dd946d2bef093bcf6, 12, '688-05-9717', '4197597942', 'jterron@example.org', 'bartolomefelipe@example.net', '9445888745', 53, '2015-03-16', NULL, 4),
('90GI3829', 'María Cristina', NULL, 'Losa', 'Samper', 0x5fb8fcc55ab0652a1470fded5782123102d4f83d6a5acd3499f4c29a9f141efac657025873de45340da7557c7fd3561cce99aeb8f8644d39ede5b5c654cf4bb17ce582984235660e967e18bbd167a199ac5c5357fca866d814e42e56a957905a72e47d057d7ac1d9b521ba2b58921dad00a3664c6bdf7c495c6f3df42ab029f409fb5d6012d12f91bbd66d81f180f4033bc2a9550ba0043795a61d2c5a3e918a0afb826202a6a6397461c82125eafe920e59587fcde4cfceb3095cecea2a3bc2076d313322b0f866abcac3dc1c15b132eb9cd4feea87e9d94d1bb2f8a661b78135fd8a0666c41694a4a2be668b656388e1582dc3333b57a37a40ce6bc8cef37025340a0e3c14986d702c3e43e50f4a34c48a018668b75baa451e6a7970a0f2999ba938281d50a7e3bca6e7ab546e94d97d9f8cb377def06b3187012958da46184eceacd6bc8d06ae13a454044e41bd533a9c09da224ae7f20856bffe7e5f333bad39767759d86bea105abd75b4b04c71cb9a9383809cfeaa669905840d76f3faf77d7e433345594c58696f3b2bec9379a5006c0f83bb954f9ad37346b2b63fb2d3fe1c9a98a5f7061d0300f3b159ce27b16261d70c17a790589a8694f2028d4eedbc1fe011e80be7c68ac248cf33f18baa8eaadc2c1636be8eebfa85db057e2bcf52b9154bf14ad3b12af6514f098df67cfdf6f6fe2ecf28697417a860b6617fd98ccbe8f0cfb0459ff75cef724c5f735d8373a4642d09c23e1538c39d29f13ea133033f2261fa1b41fea1b78922f517ad1269e1524455fca507dce1c65cf058c1b0a30a6b03fc14338f9a7f9354886d285cb749790dfaf49a04541ca27e1c3c6faf6cb7fa2a516251ced3b416cd713efefe7bfa9908279d0f53eb8764df40f84c1d718d8c29115e0b45889fd53824a010e28604b24510c27d9c7c2f16261e6ce283ec3150da18b845d442f9992a3c92bc296dce61017a58ca1681ca3b729027c81ab0c2e4d77601dbba35451a474d487274a216602d589ab2791c8463a63739374787f54a30a01cde969408703ce0843b1a156484073423dd39cb312d85119da07b6ef1f36b90b4588beb81b31fcf18bb5ac05ef6726bce4560ec66ec69210b9845299a8a9a2725b50c67f904247f43cdbdc5717da2d80aa9af7501add75bcd8369d9a83fe74669afc7a07bd50a45caa3af515b252ce28169eb60747ada2939257048f41cc29aff8b96ae054464f78c2295af1872f328057cd292564662e3dfea9c760554863480aabc2931f5f62d1fbf92ee7922c936b3c44335623dbf9b71f5e9d76b5f5f7f53f84ed8bb647bc67181fdd185cc3c9c978a452e41dab150545e37127bf7f3a8ea8506330708a600f401f9445854cdf0319e2644a17211ce96dc1056b90d05e4c80241941bdff078039b80bec85c7fe76cf76423f100bf75e9, 11, '180-99-1919', '1213982354', 'oliverasmartirio@example.org', 'amparo90@example.org', '3576807101', 131, '1997-07-31', NULL, 3);
INSERT INTO `alumno` (`NoControl`, `PrimerNombre`, `SegundoNombre`, `ApellidoPaterno`, `ApellidoMaterno`, `Fotografia`, `Semestre`, `CURP`, `NSS`, `CorreoInstitucional`, `CorreoPersonal`, `NumeroContacto`, `CreditosAprobados`, `FechaIngreso`, `FechaEgreso`, `ID_Estatus_Estatus`) VALUES
('90TZ2502', 'Florina', NULL, 'Oliva', 'Mascaró', 0x74126c0dc6b076043f2470d13ea8c681971bef40ff9ddc87d5fd38ae7b4588fdb0808c93af90df68fa5d1b2668758fec40099349c538936b28550aff0ceecff601deeefa72c5712bad99928eeb5e0463e4a72664be2620fd441707c1bb762903166b61fbbfadf9618b61fecc0d84ab1471c4576f2feada3edcef1fcc1e6e8c458cf647a4c831e21191ccd89f02045473452c37d69f9a8c4c348783aa669a8485fc9c38b4ff026ce227281a4db71711aaa87f89d2e37366443321a34baf62604867b86477ac4b7d897ed3353b742ef37c745e9ac9b0a4340fe264604f9f62dd3f17563d9bb02738f8360f424188defa0805abc292bf52cc55b6f74be23ea3361b3f0de88a8191e0b80f06ac4a26ef2d4c4b7b7bb644d4165336d2a1edfb46025e91186833ce3051cf6ab2c62939c148150cfb3d7cb5d8bb8a811c4139a4fc538602ec94a7524643b20b844bc031d9f80632795bb7bb528768219b20ad530acc72e46d44ef961f9b3d3dcb24df5b40b5253a121d2bd2b2acefa93148a883423116557caec2e00080fad795c6298bce6b217019bf1936120674843ad40af564f7e14ccae5ec58168563633e5e0f27b9fe41a2f54761f4d36016ffca9056c7c85ee0d4175725ac0c0ab3bb296acf615127fd3735da1ffb63e38f8a1a2060c7a8719f8e754bec9d1e3c2b5715ee596470abbdb7ad295e182a37aa42df8eb522de2f83f90f369fda37ed3a616295cf8873ae0609f2624aa973bc06b9b357ead2a650744d45752615e1e719e3a06b89c40c2a841292c70d9ef0457fd8ea3352f9ecb263c40449b1976b9a5a41a457e8cb40f8452cf63ee378f669e9fedbc728ff3204e961d7b71ee298d1e2b82cc53fc9b84d9c26f80b3497c2411b81108f1f699010b8cb6162b83ad3bd58673d737c4b1f63cf720bb71bb0747117b112f4b37b258e7dfb8b54474d7a1b5a29eeec4aa543c596d39e2c64040d7fa3481cb237d009ef07e3c219827f21af8c51a6fcf2d76f9a0a7de20076376335aeb94162122d16e56fa7cef118cb0a09e18bc55790828b10327557a4c0bc2b7a95f1c7597fa98ab86f72ab95c70d12ee67925280b2e9efde30ab13d57731765043c4854309d6dc968c2161064ff16da8156229f55936905df5d6093b0e6635e4ac14cd7dc99549eb5c4c5424f39231ffe8563705daef59d1a721b131e40f64190369128a5860b91762a957f25fedb2c7d7f8ce41e029a1e0111ddea0fc3f7bf3fbeff8ca50a70938879b99befa68193fd8278a17cf4e36f728b94f709f5fe72f85618ed72473545f185935644595476374e0cf3acce51388828ef9d0058a9d393fc56bd2fc11c64971de1d17ca288df408392834d0abb9f94463e8f5f253590cbaf5806d2e43f0d4779c94be6bb202b61dfd79abb9cc4f969a1c111942502e379f2a302ca39d9375f0, 1, '717-16-8287', '3871157829', 'fabricio69@example.net', 'ruben96@example.com', '3569765549', 44, '2001-11-14', '2022-03-24', 23),
('90UZ5358', 'Ruth', 'Gisela', 'Molins', 'Salinas', 0x9cad56690b1411d588f28dfadd25abe90219f1ae358fc924428251ddab41f969e305b2679308ff6db7c90acbe62a672dffeba46a57efa66e43fe7785e7cf3c56c147779a74c4005ab411a36fd1443f8089de68343f6eee071c8bac63de9ef3bd91a98134cb8e8bd5f13c75752f1b035c63eaec936e456a9660059ff306f712e8e966a2e42731087130efbb765685357c419b3f17acaa124e478b163a9931f954458955aaeb77715389822685b8b075abfd4c3f7d48e24864b22475af6dc458a275ff7e90397c875545c3ba772dded7174ba247f9f8dc4cd8d00aa065363bc9bc6071e2e2a27e079fb4b2c09ac07432543557714c9942fbc517684f84b1e8f250014e75eb7ab5a50635282a23aa80be692b7726e90f81df7e4ea91bab688d99eef5544b535c21b7c3ed74e3d5f4f02bf92a32c0e8689d022d42e2987ed87ca74e1d684114fb2a2ceb3673d90a2a05b0db6fbeadb29cfea63f6898e77ef1bf530c92c66fe66c90669e582a3a608e50337e144788c2df75d8cfb4ceae6acff0a1995e0b3b16f7abece5dcc1fe3681341b1e608888bb8cc4e29571a5e739e20242adee815debb891fe0e30f9ba25fb90f5d5f4d42a842f7061479ef2fba6ed1e7ef311fad86ab35a3ae2e3747f98ea41967776f96d10ab20f9f5b588bdebafb9c378a80578ed8e5dd3cd90e14bbc743f9246ebc87872347e4d4bb8259a9a11595f80f3aa4f65d924ecc483e27e60c8ee0491cc9eff34c0a3371e9d11f990d5779fb3cdd601cc68d24b1fbc149e2881b13301bf3adddbbbbbd4fd0704204dee09e5a7d84f769dec741d08372d6bd7772d21716e581857cd45fbf5f5104e8b8e0654d3a4bd2e3bb53ff05650e889719f450b435f3d2087e593188f13619039237de85bc4d15b74bf492de0b6e4a1453be3a99de1f8d70260dc249897f3d7e571a70753263aaafe88dba202fabc6458f1f9bfa9b9c8c7f532fe0e5edf009d113ad7cb09a2011e80771c18e8273137bdf70abfa0e9b397cb8320dc9bbfbc12d912ee730cb24356d536efc146a878b1be1c9de6bcc0ee11bf1cef37cba2d9fb687e54a5c92f01cce477f02e4f5dd624a50cbdd7af725e832a28091a98a115b7d420446877b7fb6229b333ab7970172b5123c96e10f24c2e2ef5d5535c50f8f459b15343a58e4c90af3a6ee64e8260896dd2f45b23b4c1e7a89f0937244dbc041a9f31a2a2119361f0019218816ac0a5785a725ab8b9725831acc96f1c76122006b1c8e923ce12f11c592dce1ed98cad540a618bf73647be3d6f8c21c4a5a50fe6bbeefad3718b5691b81df5e35b028a36976826a675538b4cfa85f0601dceb5e7dcc2b84ab1a67bd51d2523d3afc5ae6334dd8be8ad63126d3e3ac34c0f3f4ff7b33540da147644186fc9d2cbf23ca220bba99789a21d9cdaf7ccc9cafa4bc44e55b39725, 11, '165-81-4717', '7473968492', 'poncejoan@example.org', 'rcazorla@example.net', '57655487', 104, '2014-07-13', NULL, 3),
('91TU0587', 'Natalio', NULL, 'Leon', 'Rebollo', 0x3e1e08aa6bb72b3a39f4e4ba0f0d702f5d95e44a2164f4dc2761b20b4dc2cdf65010ffd32b8f7035b8bd69e9ffba1e229ba2bc6d74be3be57b0e67320c3dbc7642eeb97a0f193b9181d302839045f0c3b87dfeded8f4a2c5c97218657430a8d1f22d92aaeb9011ab82580fd998a35a34541dbfcad759059efae9b6f1eb0a4e4e8d96a22b622738ffc4b98e20dff4ce856def45a708073b49cbf44e2a2b7be20cdfe998033fcfd82c0b6705c916ba5e04b63371740bcb1ca7ecddead5d8f5bb7b2d68012373bb7f85a36c35553c78ebbec054d497efbd34d5bba0144b04756fb51c6fc053ba52ae3ef1f0ce6c23386b0fb28668be2605892f09eca5beff8760c17e13d469ec53dea4a5d6fdd79ba50091cb9138b5f3aa9e89e21a5a4e8945b18a27620c64b7b4accba1e985a57bd63e0445a98de7fc98a745fb818509b0c4a321f297580208a0f563516aa817c77cb8882b26e719a067508c99126fde9782d140e7472ec7a6b980a988de1a0f9bcde51ed5102fc537dff7d198f68a961677b274497ea596cff0177d1de1aea919eb4893f7683b391a5a81182b7861889adbcf1cf5ed0ec50cd76227c0fe866629c481af231ee931eb72221d250fa3d0f68b20a55bb8337cb099775992458d835532f030ad9f691fc89b71a6328128e8d6052ef843f58700384bab21823bb200d3679d223dd58b25605365ae78adeb74f4d7ae1234c41f35cf481978d6c38a0bcab6a8bde18c4ec306ac74f0c158a2f9beb726e185dca2b66b3ee9f433993f3f3605258bc0df64ad03ab726d19ea5e565ce174adbb937f7c802b16e70af3888d3a7014cee15dae68bacb20a8a3e6391cc93490a5e365e3016207719f98d677ad636e384406487fd76552fadd9d25bb12e555f70d2380796176e3daa7a5e8780b14fddd889334afc6c0daef58da371c19abcda80311baeb95650b3caaa7f04d75df774dc262380de22357c80deaf50fe110ef1f5067fa9c2077ac39594295a511ca3bab66ed0e65db43a0845775f3503401066ae44013c85ec09733b8a0704f1c65ff392b8cfda0ec09ed596a500ffeeac43f666532e754485f2f5c8b8ecd622e1a781373e612a7737c1a4aff74394ba01af1d88d667598246a72c84208e86a44b2d3eee1cda387e9abd7661415c567cdab6b65ceeb04c40f2a261924a735f0d0095d39591dd14bcd9f0406f157aa5bba49b82bd980e5589bdbfada2d49d502c0345107215f6188c3b46636008871392fd7afa84c2091dc8bc6c3356ed4cda9ec4f8fe2a6d2339332f7520eccc4218c1e93decc834913547d50aa3d89cd8c1bda071c763577c5182154a2782a080ed9f568cff551e4aeb9ad9be0e5ab82db298c69da847706ba4a071eef330ce210bf55464a784eaaf8d363efb508f6847a36742952309011589e0032671d55086d7c2b0e668392, 8, '221-66-2691', '2742122305', 'ojedamaria@example.com', 'purificacionbertran@example.org', '4610887301', 133, '2001-04-09', NULL, 26),
('93IE8601', 'Ámbar', 'Manuel', 'Gordillo', 'Santiago', 0x13b43038c5a0895befdcd98569f6c924cabaac4c12e4904ae01790052b1b4e3625869cd20f3469d5477378086b736a7415130e7b3d145b630f07f3a157a9ee741d1c0ca3f61b9771c2dd8eaeb0f2e52361dc4ef1e194361882adf11d2f62a3284ac7f0533686eb80250a1d5fa33553c9834029ee84af30918fbcdaee20c8b4720bf9e58b21220f80e23c840932f495a593b0145d78ca6be17ce4c90f03e22c94179d369e7922598b5280421ca0c2ca984483e6bbf8121498b4bb5db908abe54196bc42d856c3bf1c7e7a36936aa3b22b6abe3165c831d4cd25152738d79555092f105715a63fcc38af1dafd9f7e7b62c0fb030f7d6d65aec92e989d9d50478f4de084f21161b1691d2bbeae7135dc05a936fca6a28a9fddd83d5e147e0b95594b88bc11e043d9b83d0aaaba6f7e9f9f9bc1d6035792d049a62a05447f6500b4c73e90799b5dd148e45f89aa22ca1e1dfbfd6e5ecb61f6a2c40666d718b250ce4bad0d2c109a552bba1aacf039a5ac763e08db2643cb4e532b5fbe2b318ef59f55bd55d35c3ef1c04c9ff06577a1aa835216c71acf320a820c85cb341483106f8e34b8773132c9a1acfc5246883e871cf81b8eac73aa06fe3e257a5011ebda5279b24844a5569540d595245a06baa0cce14667a31bc21bd4f45a6841213bb94f53f0252ea0371b7b2081b216d026bfc4378eab90db64b73eca9f858af1c04d28aab4f593038d139db8388c47e13eed09adf1841fa552686e408722f210b04f758e98e57614f0afb3c3cffa0ba94d68d44036810ee5ced94a59cbdcd2c61ba2168c0cf525d7fdc2342fa0fa24aa6a4f0c0bcba9c4ec05603e27fffe39ae022f961f2df6dd80e30f21fff43e54030a4bf0937820aa1b7db8563ce8867df4598f064f1a202dcb0bb2c6792e2f1c3ed015d57ff32d2abc3900a2ccec2b1fd59ead2fd024124eede12833d588b3571525e46260924c01d62e3f7bec8c99b32605b02d65ed89a40fc6e5a19751bfbe40b7937325aec2cccf5e35bab7e9497d42601d9730c1732153757b3f767a82557348886b9484acf016f52fa6b23b444732b8faf3cda45235eb2e86b68591f2454911f282e11c80e8e3b35e1f67e2744557816ad9adbdcfc7a498ffd487ebf0c1f21afe6d7a938071024159530f188f6940d0842c7072a74660fec33bb0130ff3376723653bfc12f0d88d42f0979ff5edfa42043dd0ed6da00eef146175a1cb0a222389ee640a829d44afb8c092da8ca5abd3f1c2a8bb4b187f6dc7ffba531d3b1357548dfe21cf859e87cdfcdb8d17ae5c3240043ec8fea77646d57953158d4ee54f9150ad0c3b4a10c6a2c8d731d1485297ccc9d4008e581586e401abd7dc46d3f7a35f545ee961e2e72f7746542b3d5dff3bdfba76dbf68a21a2746e24503391bccaf905e9cd278b5dc5390aa805461f1e37504, 5, '033-66-5110', '8313264165', 'cesar19@example.org', 'kjauregui@example.com', '9429115338', 179, '1997-10-06', NULL, 30),
('94UI0330', 'Pablo', 'Alondra', 'Estevez', 'Reina', 0xd13d5bb24dae2897f2f75ac7e055cfe375a05ab0b3fc6404ed64eca26f571e6f1cf32e992e94df60b6b748dc8fe8860c8587a48e7f67d1a4cccd6c05f1a8b2d9b9c9449732d7925705bbfa009f1e20509024d87fa7167269e54c1978d743b727209626d7f4cfac8317176c9dfcefd64a2c1f7f01a3aaff34d97064f303502137eb92361b2bfebb9f14db2566f726ba383bd5b1bd10f2e88a0cc6152e3cd745f02ec45cfb6f3332b0e268e3dd1fbbecdda2f4017645d10bca20be3d536aee60539bcb198c1f2b9e23f8bd93dde24d6656ac7ce4b0b729df5ee62812de677e263f3af5f812df9731b7f4ed46772ec787e9b8fb49ac93ff53ab01638718c7742c35666199e6da2592b378d16a9f0883bfa1c7a10ba6bb327aa1d50e293f7db3b2c0695cbab9c811e4b549ce7cfe84c791fa5dc343c10a57d18aa5672effeb2e69e6fbce62c4eb94a2cd7580f1faa80fef6ee9e8e4d48b5fc4769ed7956d905c5299728b9be971f84093d6a7f24e483cff6dd7342915d9a986e51e264670045f400d30d95e20a75cbc8786b5194b5e235fc0adcd3ada51d23d69c3b9e514d4237ec21a6e00602f5b9900cea923043c79ae992347efdef4c3e55802430c0a1b712754f5936733bae419ef6c49a0ef728c496bf7b95c4efaf16720fff69845a590b1add73d2991c734ad6d6e930e2a90575b762a9bba219b6b1e937956781b9233f8d3d09f8dd8b6ee737933623cbaa89ccdfbb6bf4913a6e650986da9fec180665554fb41468ad5b0c8d9372a03fb0e3b3439f33c5f96b5878bce74e3e65b28d2cfdebb36202529bb0ae6780fd1b69cf997525c34fdcaf2c1143b35898249b7b472e0c8574be8ac7f8c2a8d102d743497891af2b75a3eacdd655494fea376dc92025609021287591db600ec77311d343114cb0e6c644f502a98515fe2bc9e66b433b0513754f0c9a7877a068fca8815887125e491651e4e5b1159aebae00a41be58c1395b3813ead8e78a5ecfe89c29d26dcfd23c724a626e9e329c999b8685e20ab716e4981dc9f6d24eae4aa35cfa8dba695a262ab88bafeb3e75dc436c9c3fded17f960447da3e7dd186463a9a61cf50b96e393f2eb4aacee9e5073751584b83526b615f89152e63574bbaf374d54b3576d201cfa8f93b0b5d14c19bd39c566c5bc6edf3f8d853f3be8b9ce0f2f9639c7c34c96f0f390d335138265ba124cd9e59c3283b46b4914743d846d26ad6b693a949adf9ee71c3947bf0b907fd06b97ff8410e5ddd39f22327edc63391a54f602bb0e8b6ad07bc246ddfd5cad3736843aa5b9d4a535312ada9b35d0042c3a3f4f04133b944b8a2fcfd185fd02d85569a4005ec3393ba7fa37bb8a1ee28c991af439d81961da58ff211073cc39169c9fe3a283de2a958fd5f851126cddd6f163ae74cf60c9667a896f6996a9a7db8602557, 7, '868-59-7682', '3962636008', 'melaniasaez@example.com', 'carrerasisidora@example.org', '9833983613', 101, '2020-08-17', '2023-02-05', 23),
('95DH5376', 'Teobaldo', NULL, 'Sarabia', 'Coll', 0x2667f23e9303aff89e44c14d66414c8243d394d7c84bcbd18b747d6c60b9851e681a97f77dc6de184ea22cefbae2ccdaed79e4e7556961297354c7261566fe2ba6fc8ab32ae5b2290c2bcf58cebbca5d7c7bd9beefc16e1ad0bf692235283d897f7560f89bdad5237e9a0d897fe0dba58dd87671eb35801c47aee12b11bf6b6a63f362e69d2cdd218a597d59402e36efe30702088e4ceaa9c19344ec8924df25a2af4c994d3211fa879fbdf171d14de73dc6a726a4feb84ec09bf6227327166ebc53c5f209607344d90330fe4f5e8e3653bbf3368435c0559fc811dd1b97543831f0589e271f45787eabba02b22d90df6233c6a5932ab41f5448a1472fab1db865c41b7d5e1ba9b17acf81a4c4c3dc3f4176bf5078c6dd3ac312f040659fce7e8d3285f448e86572334f861a02e077423cbfe2e218e2a80100270c22edfa81231900a7a6f5238c1b1cd97ca15fa1623ef017622b28e152daf256c3916fbcacc8b063de4f3c2011b13db9223eb4c2b85ccf2e0d0d36604624fb0e63a1e125bb9c3c19022883d27b189821af30c269e246bf47df713e79ecef8c078824f45f4e00e5807ae6b288b8ce8f0b13b6cfbb8e70e8505c334cb06080c85aca05d9d77ab15aee656e007735adeb5e8829c73a651b736d7f5812d2f2aa8903e98b41665c78051efafaeab435db31756cd47ed24661a8804ffc5ec708adbb293cd573af1cbbc2b9611a6ff6331f810a382f4f67f7610839b9e663439a6b47cd4c0ec3333e35e025bc4cd026fe5c411fc070e34c388cddc93b9d00691a9e1f6fe707f198f4e77a3461350302b0eb3f06c3fec819f037abcb810af6ab4618020baf55acab39f20c119d5430dd965ab6031a88713e012ee9c5979878dad0ee0c350f1a49f39f65d958bd56cf0848eab582b819414810ae83c1aac57be1fab8fcd4030810120282fe4fd09e7366d9e4ae31a61fe9f76412254077fbb868b51eb8e7ff8ce2fcb6dc1da7f529d534f1c052632777d722bc219ea53285203ed563c64c262f319ada44575b548dd5e6fbbf11b40fe5ba776c97e735d41e4ee0c7c6e74b5d42ca886fdd1a5fcc1f0e23ee2b7f599aae3b6521cf751474a0825a1d29479747c1b221268f7eed144d244477be18f6ffc1af7fbe9e4d4f64c65f3e635fa19ef8e014e586eb32bc3cf00be040da7a8ec2e9e023a5d5027d1de88bffa4b03167dcfb5bd05bdddb3ba8eb12c53ec91bedfac1df611cc85111647ae462ce454b0ab1b15cb035a2a010b99e64d7468cbed9240e5b5af815051271f30f0ff83cf43aca8f2b48d82aa4244822bc588703d5c3025c0f1c36b1e4952af811513da6d65377fcf9fb7332d8cbc9529d371555756927761ed27d68bcdc9ae7fa8967a37e796d394455b7f992f0ca30e595678f1f049eed2d511f712ea648e002aa05bb467657309f1d4bf3, 10, '172-15-3888', '4318549898', 'fabio40@example.com', 'herbertoramos@example.net', '5515565742', 187, '2018-08-13', NULL, 15),
('95XO6978', 'Luna', NULL, 'Cáceres', 'Sanjuan', 0xe304d71875c7bf1ef343e96a2824ba3559454e62c1ca5f0b470500db00db28a956a21dad13e387af2dec08bca747cf34fdd6203a7b978af11d9f875eff545c4e736b69d0b0cf0dcdeaed0ffb0f290e8c82b82143e90c88b6958ffcf4fa15d4bcc19ffd5d4f1512bd80a96dd2adb582ae691f31b08bc778172c2ff640fba166404d9c8c43ae9d0e7e0ca65ff69a90ebc46cc7c2e41e77cba0d511e5deb8627962767accd686c14f0ce9900e9c1577594e0190ccf017700fa25ecdbfd857976e2f41ffcd81629dd1b7d22a20804aa33f63ca9a49d0a527aeeb28b2727e9275a664a45f699c315edb0866a695116973566d54326cf8fd646444f85e6cd4d2c4b75b53adb6fb56b78ed47e24fe6bb62bfd837ffb4c1c1899520e6196171110313cc90ff328aed9a7567afe971da172a9cefefc9af9f2d29ba8b145223dc7153516f4e4d3d719b6fb0e1c09f973d705edd2eaa807c844ca11b1c145d25e1e6c3846f0ebfcd4958dc09d0995fed222ca40781821639c5ab5bf5771286ad2a23b750ac5150cb38da727fba8027b089f4086166e4fed4a621c7189f55c1e17c2477ef74f39eacd9b2be04ef58a14a2433f35b1a2bc904d08464cab7dd5b3f42053dec6616bebc182c34df46c43760be7cc55744ff8424534370aae1d7455320ebdf2f67820fdb6667f1fd6812989fecfed2def2092ba83eac037b0f5c0dcb23bce9c122d717595bba4ad9091130b236435fe2ec68882ecaf262354ab9b7206bda2bc47bca7e8454ea48ba4d33c7040243841023b9d96eeaf579485eeaf06fa341f107281c97a8f7c46e19af31f51292bccf0d19640d91b73fa908a7ec38332231f33f678ea782ba4836f490a2aa87dbe956c869d99093ea027861f28417dc901e3e733db3eea7c8e5b50c009ce4d8cea670d8cfbca6b1d55fff546ce00494bbc9631591e861dd4ed76030cda6a49586c90f339ecb15d7096799b3fcdfeb9957eaffdb773423b7db5fe3ddde79b9b3ec59ed9e390679335321651ff650b845597bc30df7171e102e7c02e792349ca5356f1ad006ed9af6a68552a6893c8d26af57ad61f6261b7ad41ba3cf53d65388d7b9da96cbea31be3b85f55079badf5a18ebe49718f9ab95d6ee351f45f82e24edc8fe4c9c9b8de569010e9742732e9409c97b8d6210c7b69afec40ff6b52316168fda7902b2b9adcb9cd81ed9a7c78105923bb6d2a67425de920b4f67a21724c8561ebca6b95667c2812504ad2ab90e9c0673e56c187764d7f753e5f7a96a4f90b4c4da8b935a589dfd41e98befe53a7ab7a35113ea5fbf83738f614a7098df4ea3af054b62580f88e308fa3ef998d9e33e67363838adb69c2cb56762a5766c8488877820c78d04fb892d1045d69c210ba75ee05ce70ac9e9db7d24000eb0fe428fc6fa713b687929bdd8c7676983b4c7198c8e283, 12, '427-87-3757', '9400356189', 'hernandomartinez@example.org', 'khurtado@example.com', '2507431690', 19, '2021-07-29', '2022-10-11', 5),
('97MY7903', 'Íngrid', NULL, 'Landa', 'Ballesteros', 0x348f4b896d168a28a398c50dd1a965bf8fac2d7a1238bca98a574f3aa2bcc258120500cae48cb4f3e98975bf2b8f9aa86441945321a450b2ec197cfeb0095fe676bbe5ae85c3e5cf76485dc55a9bfc4485fbbfd2d21fa816f06f3e1a595df2a93277f2b2e02287ad692505b545614cc881f7a6d960a8f6956357b523db69d6c7557f449a733a45201af6b86707a45e80bbcf79df6772292c47d2ad04bb6f617a59394d38761ae81b4bf5fcf51bcdd0b6f3808460782bb5dd9b1eb3d856a350c7e9d36ae3407545811090e225f7f8b7d6939c4a4b33859b41aba606474a27dc93b04e17e5454fbdb0594345872b5c3f3708c1acbe4b577be9f4827046f8919c56b3a8165fa52855473774b6ec49e3ddce7649abe1527992301cc5eaceae304bd2f7449fb32f87c174d847b5945752c632e503ce8491b4753aaca93ab85d213d37503e8a5314bb5d917a2233a639e96f80367766675e7c6fa7a5b3f20255aa5512147901df104a1455748d82a75179d878fbc58e87d58edfe026b4f5d2a28722cbd471407a6a559816caf28829a578174e12d0a3d50c4fcc9584ab229adff9789c76e13e65b9360c593a627cc4c04fd4b56b071262c7fc9e5cb84aae7f0f1c89f3237b1a1480666609964b14c619ebedb9f00ca37d7953149342d73c5f2c0abcf5e5b6a14df19887dd01fd4f37141bbfc454d1913ab557df7385dec1b0101780b79d947ac351ccd366abf7b0cab3b0cd4dfa9517a521c9756a8cd33cc7fdfdb381c1124aa96d1783ba46436b90f83a11d306ffa3d8f44b703629e7ca58d1ff8412d1b8ddf2d372698ca422cbb15e318a12c94d859a0fe2a81454e7e5af85a3c93ffa2348f18966833eedeacafefd76139975963637e587cedb65c3af1eae37d2483160ff8ccecbbe11e010c80f93ee56d0e94c9f9502c5a6ca753f815863e3c2db1d3325513319674dbafa9335a3665c36299134ad7f81aeb388a28e7957f5453bac82adfe57507de12beab4ae0da716bf369794529653286f1ac9e4e721a11013cbf4ba95f2ed665797ac67ba623219a9d5fe347ebae75ecb97954e0a5bca48179737df8224ccdd901ca8d31e16353416837cb60bc7088852e5ba6a991d9e8969917c1abdfb093676196c636ce95828828f86abae8f09f9dec3c4f068cda3e2ce7de873fe3e9b618ba92d022cc23c3dbcd8f9c52f13c395a53c971908035b98f01cba50f81ee20da9db16a015d4e4c375ed290bfb0b7c28167d4bfa364679871757aa79a4c818779b852c2950ef4af41ffed6fd5ce4e1b796564b49359e29bc210817a5c0a35ea1277f28b5e9904e1689c56bae6ceac2acb4247fc0f580638f3a6743148e2e45c9b3de41069c6fcee9a6c9cbefb4a15aac6e01d303282ef81a4b90343a21826a1dbc01a4b606f90c6e01a0f18ab6723f58841908c7f8aa4c1e7e, 10, '944-77-1718', '1552035637', 'mirconcha@example.net', 'estrella85@example.com', '1209461057', 80, '2013-11-23', '2023-08-23', 25),
('98YS9997', 'Ainoa', 'Francisco', 'Feliu', 'Álvaro', 0xea6f58b280c71c34ed885484e6084c82726d62d664e6579fa03531f7ad7637c30fdb04680055be6208e9dea40395a5d370aa72186a33444e9e58292aef924ba935797eeff45a9dd9b50a2da94ea71ce9a6e0780832b6d8e77cbf3f951ff69567cf5c4d5c74e6276e4a6070e6137b5fd4e3a77b4688dc9962cefdc2af59b760d40ab4245aeaea89372a279249a6125064f676f4fe0770027eec521a663c201917f7fb83a138134bd18297cff252930caa98ceb6ff40f8fae5b41963e284432999a634de8d68a129c6d31b644e29fdf535a8e7e94c8f89ee74e6474fdd0df1cd4b9bd89c043d4ec3873e495af61e3c4c62a6383d2b2210f992715fee3f8ea35cbe7efe368e56105d3cd935eebfbc6b93fbe8d89dc089d9b9f5ab86eb0a647189fa5ab9d6fb2607fc19a1e05e67207886c0e88a5e73d48bb3ecdd209f44887cfe0f98e740fdb3789965a4b625cff7836f8f09affa1a58189cf6bc795a938c6cd1b91e9b8afef71306d5f97ff6d062a9a6c2a4d0af7f0f8867846ced71b0aa1be0efce38239005ed963f8e191f604a1bf48d720b2b22dc832ba8210f2f971d0cc3325603718df08f483b1c91209ffc19150831e0835d022477150421e93e017573d6a0b0e316a4905d6a917191c28818dc717d4ffb9c71df19b7b6734cdbb022bcc4f57ba0ab6e36010997c6a376e7c9f8ec6657973a06416fd0e34c37397b70849aaada08ddc8dc157262d068830b2081d9f087aec4b3393248e3531d471d5dd9c13c5ce24852e736fdbed3a5d1075ba63fe22d379ae2c0fb41e6ec2096be036dfbc8d4a1f572c73ab4db654d9d76c6ca4263f0531fada6c14117447e70cde469f17a34fbda467c728ba789dd1f7beb3bf3491aa2f45d11ac9f462a78157979500ae04c0afa253cbec304b822e71ef5d7364f736b838623e3d1015aaf5ac98683322e049f1e3aa95118d53575c92cde5cab8577b210cbd820d34356130ee761d9e37e71ba75710f935ebe41aea328b42c2fe27b0ae91061298197f5f93cb6b76848454f19969385dcce76d774711bad8bda568e04efee7e96ad6fc9bbc46efbdc8425a60f59207acd2a4227ee7b7ecdef5dab8f3caf59b3b517e811a4788af8c9cda88b94e101abd01a5436f26aebebdda0f88cdc7e37ca77deada4ad0f1132a82d75baccbdadde0e5239fba9b7ecb98a66c6a6ff4fdc28574ec6bf7ee45f1fc256a6344670f9051269745fa360517c24849e893d582263c04d728e5bed56811d821fb9137739888f360bd68c82f069a36f795d7aa40fffc7827783ae2eb2add0b257df3e723a49c724fcc753f4a8578b484382ffcc3003bb5b6e197ba2fe5bbe9b166dddcf20b1eedcd605e0a2e9b32728b63d8ed7f2d8547626edbd6a876e47e10a113fe6b84273664bcff72981fb456724128e492c39cff27ecf1bad57415f36, 11, '474-59-3479', '1626384545', 'laloprado@example.com', 'ygaliano@example.org', '6280781781', 105, '2014-03-14', '2021-06-05', 4),
('98ZC3039', 'Augusto', NULL, 'Aliaga', 'Santiago', 0xa1b6f9ea25d4529a3c8050d20778582cd32d0dd311db0f231dbfdd24192fe3bdec0edaf4ed9608f69d4c8bdc0a32c7b61e23df5dc443edd794e3d8f92815a6daab2ec57d92457c77a7baac6ee35085a26a9fd90b22e374017a5516391b0ad0c6c84bcc75351e2b423fef38b36166943c50136f1041512df34f894ab7037d4da84248e95ab79fb623d3a60f70472438853560fd9f543b2199b31d103b7825392a0af21e7fb5d729ddda202d5db8f66650a0142cc48ae4663950f381ef7ea801f77210ef9eb96290b2fda5f6723977baf518b29411665f5b986bd9628537e28a62271bb617da52af6cb31d31d5987531d6f62e2830e8447af3a61d44096b514abd0d7aec4f0d2fb5a5bce664ca17622f29941a75f67e91dff1614328523a6045d6f922b683e6e320949723bfecb0d18793859066871054f0d4e6637baf1cd23770b635ef9cc6076ff19413b9d8812f929c348887cdc86095ecf40812050c913b0ef71d1fc667116491f1b9bb1752407278a5b0d1dc784b783471132ebc884c11b85fe7c34ab4d798a6858c443501b92017eee94739d41ff9f4762a3bf510a29b04444635a03cbde1b5aa49879079307b474092102528916d3138613ee021175ddc7523ba2825fcdb06a2644134e85e77f7e102985e0e3097b708caacda5e58ed242f3984e5c1cba471d19d72a44e410784bfb2184e425d555957d684ea5785cd18f2cc60a36f5d5c5fa9fe11ba4bf964e1995b3095af242a60efc43170e0c03aa5b08952add2ecd7d0d6ac16129461998d597dd4f5839c981b96e0ea92447d036facf9ce24ee19e633bcf373d2e4f938fcef9dbdf79a4b6caa0bcb780ca524595329c4ce5959a3c8c2fbbc5342a4bccce51ce58c1bf57372fe98d2db73f4bb2de5da6268e8341ff5a9af48a50a146f960913bd4fa373a4ddf7730962476daeb1abc45d7acebfa58c997cb444f859e1568f19c0de856e43b9a035768a741576cc52188635b6a557b20c007293952bb13c43cd2f92fe4ec11209d39e6155e1dcee37bce486738f746f6e7daa6af3ab97c8ba831758dae9f17fbd349eec2925d574abf5d66fb01b472dee035fe06270212cdec9a78ee46ba26444f9348a29ffa9d381cf6db59b49f7b11e0eb7ba4ab76e37f08f76e59c2f282cf685e68871d031cebbbad705a22ad821c7b70a9d019acb0d961e87a4c6b0c135c8cd55808c03bb1be31b7c84b3e1759855b429add7530f49c5c37f9ed4aa62569e5bb98638041edfd6eb031738baef212a7d7bb760d2405ca30258681533e1731014751835d6c745b847b474479089e24d52bc6245fe37ace86b1534760e92ca0df58630e4c3f157159da6499e86910415a0e4054347a034cfd3cacd3f11ba84b9223e3cfb434468ccc8e4e96b029f82b87d48ad16cec52a1b8a80581358ad98839dd1d68a319d25c8, 3, '457-14-0020', '6192242140', 'figuerolacruz@example.net', 'ncarbonell@example.org', '336523245', 153, '2015-11-09', NULL, 23),
('99JX5897', 'Odalis', 'Pepita', 'Fuster', 'Pelayo', 0xa85ff685cd28c74cbe96d80c361ba3b226cbfe8b7751e881c19e8ba7c2e27f62da7364e8def7066d2bc9af73880878e22717a4f839104f727169818a941cbac6a73cf5a179c78a518e330fca9a6c711b859e9130cf8aa1827c02d3492eb80c35fb6c90298cb0029eb1496ac1d04f7c230c54230fc9db876cbe2052fcffd707080b1d2e713c8967d8c58cac9fb8d92d246ef9400c63a792f19adc61701e07e5d7d998648b0a84ab1e756404d72bde978c677be1bd2bf0f9e7bd0997f2e805f1a59caa3747db110f93593a9c18f49a797b647bfb6b8d425c6f6988c7a94342324ed819d07c12a0cf5e29db11d91cda3487f9a6ab61cd7a8ae5fc12b50035db8d3bf7e48a2538aa72a54fe64fe21ef4167e1af19c0831ef8bd20c71eb07be2ccaf5d1e864928f307bb3f3ba151841c6869a82480de33b6fd4dc8b4f160d0a7e4819ca4b2a574063c2b1e0cd2674498304bc23a9ecb903b694ba3e93d6d7ca07ebb3ff5925ff17a25b5112b3752edf5e0ce4c942e1c4b5c814fb852e892ed41ed252718b9d53be64466b96be655449cbc084ae2bb528fefa172460b97413f3affd5a1bd3142c35f329d4885289bd513f544f7a0e82c239c155f1fae7b3d205d07a9eb64bbac8500c44ad562891ec78e6e120f5d05fb40e4a0709d43e522b110b010e2ccc9e96dc7fe94aebce678cf677e514de839ec0d9dccf0506033b3f5ef99555f689d207841d8350b618c44238c377031c1a97b7d7bb1cf0f5d360d1b3fcbe0d414b0400a43aff72a4e92591baf324a7295d1c96bc4bab4665050b4638d8667d29f558e7caabc2bd07776b986dbc2f9888405390379e48a11de9cec12d8f2756d1adce21c9c21ae7b6e0fbd20a52203b6eb1751586d7fc0b906eff14f41c19f40c8f1432c2a87be95569041fba78ec45341fd5a4dd6a5a8aee98f5b438aa4f3c08f8b20771c9a589503b93df8417bf17f2dc0f9c7e9e4b796de845c1fd997b3c43062c1dd6dda6e54ca6f856d0515d6b2c372ed12c31b2b792ed064d44ad8899f1fa7a2eb7487c2161d217bd4ab1209926276962c9715b236116945bb6dd799d7851342242b9eb1dfa38c45d1282b256ac41a32b3bb61e4e0e53f555fc0056457d33e75214a46adad333abca297aa45bcb3e55a731e26d6273752d886ffd7960546f95e714d66c01041af6ddb55642ef0c19fabc96e86fa8299872024ee0a2aadefb0f68206096dbea8f4303aeede3ddb522e481d4e323fa6535f11cf6bc6a35e1ca221c74e79d564abd7b6aa17cb279014537af0df69120c1a8a847d4aee661a2f6654e9de3923085e024eacbde10b5fabf65aca6e383fd6211ee08b0bf50786ecc4b00bbe79ee529e8270572427f547a698c2f9c746eb6e84da89e47df6050f22d6283b13b7aee4cfc1c1b1160000712f9b1f5676f75b037b7edc90285faaa, 2, '396-42-1805', '5660809969', 'nebotrodolfo@example.com', 'ymiro@example.org', '6605772761', 35, '1999-09-27', '2012-02-08', 13),
('99UX8447', 'Rosalva', 'Leocadia', 'Alcolea', 'Doménech', 0x344a92c6fad193645273a7005b230e5ecfd17dbf746a6330710d628f22a78066d54acba7ce31f6d9d45fb82ea103c6cb24aee797b8e1bbba58e9a91a4d0af5bd9f3a7c29c78d78cf9de053b82f63ad09497359f7bd9fa8878d79e74ffcc2822319927d1fe2d114675cafaa541ab9ae7ad96dd1cfc206055e6f251385baff8a392353750180816613bd97d2ce02dd9771016f6b3febdf87b671f17192635c884a10d9297652cfd8bd3a051f80f95f3d323cbd22467c74041b574b654479a43751e16b0be87e66ec30ca0cfd77ee454d7550687ec3c6ef644b0d1c812e65d10ade63693a83baa8ed76df8dc5cd22bf6d845cd8d67c18aa6d158af6899da818ae2ceba544ffbf88745276f104a0ffea259df9491b1b7c57ee4969abcd5db60e3165c2dc4baad87a3b49f001c740038f8b27fedf8040994ecb01da8c9281e13f3425ed2fec0936a38fc4defd1010619f4184953590e7f5fb93952051eec3b855056d2e4ecb360abd446c39fd570e380b6bdeb108bde1dae76dc9030afdc215fae272c485e6a0cb88f77274454d12232c0d18e88077d26ab2c4241ee3acaf3bb25deca907de65a0e0442931d2cbf26271e29c2d80d53a6649c535d2de9df13385feb8d2075d9c0b6b7a819d0a7f96d2040481a1d54fbcf6aad1c4f5ca8644336f39e03391746e224e4109f815757279970b83060821a8a07b1925a0c8b9dd6c5b07b7f8ff0735b73749860ddfdef509db77955f309871dbf83475df85ce17d4246b45e564a2d6ecda4c2a0d99713421fc313a40fee18290a61dce10b78c5ff3bbcb378a5774d04f79abc26d76f81f451c7d472722768bb8a620880a010fbd4fea11e3569ebe551b7772692ec411bd75e7af7e7bebfee05b6226eb4bf3d27f0fd87d002bde6d391ffa91d75e849266e52f073e02888cb44df6fb896b3aec4cb44bd2073c335ab3471935e9bd70af701f217dc2d54a5505d4326a62de94e8e82d7a576869a44458e73c9ccb3c3e092090c16da622332b4fad3a114f778a5cb6a2ad7412cac5ec60247195a174cef868e08bdb71f5de3382e6d1d0cb61382f600874aaa29f03a53045cfd87a18ce3a337910d16a0f0f57bf4dc6a55aa7c16b4662087db52703e0e7e18e34188d8f53099fcc12ce360f70ca5a0fb63846c24da0c8daf8e4b235a8ba1c6bb753077cbd8ae8fc758934a7d444aaeb54150c7489d52f899333447e80399f9d6d13f426146f93013d583d8b7b735e26b180f54b77a33701de1f96d86709e597fef49d3ca3241e6e19396bd76e13aecda6e11fd4b5c9136ea59f8cfc18b715c6b7d53fde7bada3f22da5bec7293d301ed7de8df444dc9b9aaef1d9310a53870a841344ebac204dd5170463e55519411d4ce12945344d68eb57291da007c99832eae43bdeb87432285908088fcdd6d2b4fbab4ed96db49853c95c, 11, '052-66-7502', '5854788472', 'marmolnicolas@example.net', 'luis-angelmiranda@example.com', '2107135550', 151, '1999-05-30', NULL, 30),
('99ZT9504', 'Ricarda', NULL, 'Sabater', 'Manrique', 0x0943afafd1f02f22fd2d7c13075127b898a06a4946e5c4d281d27fcea2c5effe456d46018d3746401dd2ca27ee1c56f36d3fce4aebb944e8329b51151accc1db6f45f9a6c5c5f3d76d9cd9fbada3cc9f59476307a2f1f48c473cd60b177e1f32991a0ae776f4b8ffdfb96245c18cb374f4eefdcb688f397d10b4516ee969c55a2627dd314ec28a20af70e251bfe3969e4b0217d4644e78e2e042ef09e4567fd9fe3d0f3f15a92b9458b4234ccfa6bfd9d7ba79099ef4c54910db1d519060aa925a2b9cff8125a8dcbb64849aea13dd3fd9ed36f4c205ab48c4ccb216aafe82c15390d20c9d41106e64d7ba4684760ec6e37f091dab08d651355f5b9cf18890401cb72621797b7bdce4a25883a26e12f984b6bc0f487d3c7b0b0787367530454c4e5484f9179b745d1808ec1a8ae85273009642fc31a8159c5a3b90e6c8401a9d3cac104f458a35efbcfb7e24cfc7e8baeb89b8f6a2e6e9d0a178d0e647d55733c41c681526c4d40189fc145ab02a350c86066e4343592c70952a93cc2ae2af457c2d30dc368b82c8712963dfe05dea3c937d193e7d25675b78774533ce12d03ce8af4d9e580b2199c7001340a7f6a7abc894113c3ab9e2d80d29420df2759b12df2587e5024335d336bc5495f6d38f9253f789019ecbeda5141f9d57caed992b4390ec49dc8a936d168c1a88cec2c638b0b5c19eef5e04a2e3185bd5e47a6693ed1cef22fb8b5b985371bf9139c528131ddb62c99cd6868efaf063bdf24b48abeb42c943b2d6fc2d449c0660dba9db068f52da27bdd06e9d926f7495223e536dc9a41740981662507fd052e4b0f0304b88281eeb18b9ce5f919d10811ddb16e7f57a08fad97c7808571008ad012dc8d2a6ef9598bc40fefdd3f924b8145801df3f2b82f9160f3d0b490251eb138e9b3a4f0deda4d6852f1b5ebbab6471f7325e361b582c62984cef6021557dc827d52943405c06df719d2fd652010696a588a2bf33f6e267df20bf2d3d24c75d1a806bbd852b6accc70a37b180f65b9095aa04ff8f6f4b1439f418a587c67b9827ced4699f6d135a862c2e9acf975eb8f1356ac4bc66f60864c4cee255d9f1f89f97bfc8165b86d0c30f78f6b5bc2c42d02706e7078de49b86f3a2c47474095752097d35bfa25866d969134cd0d4109120ace0d9edf5b283444a74cb0b50c0a6587691ec6f33c18c025326a1d6843d3aabb2fd9a1f270599f2a97024772203b3f2361ce14d1ad0261514a411dddc0d91b6a7f0fef527372328ad43f31095cd6e1cccbc34e741a90d7b6cad87491486b09287c98cf5955472c5953c4bf13161e0496b179b235d8ab5c0452363594b0da0178edbdd82d58143b777ec3937e0dafce77314f6c68d80992e080274a299d9fac601db74249c0f91facb57db2ac09ff034f9ccdcb340ee84b294bd118a3ca6fe928368, 7, '390-35-1946', '6231829570', 'mballesteros@example.org', 'ciro36@example.com', '8211764257', 93, '2016-01-20', NULL, 3);

-- --------------------------------------------------------

--
-- Estructura de tabla para la tabla `alumno_clase`
--

CREATE TABLE `alumno_clase` (
  `ID_GRUPO` int(11) NOT NULL,
  `ID_CLASE` int(11) NOT NULL,
  `NoControl_Alumno` varchar(8) NOT NULL
) ENGINE=InnoDB DEFAULT CHARSET=utf8mb4 COLLATE=utf8mb4_general_ci;

--
-- Volcado de datos para la tabla `alumno_clase`
--

INSERT INTO `alumno_clase` (`ID_GRUPO`, `ID_CLASE`, `NoControl_Alumno`) VALUES
(1, 22, '95DH5376'),
(2, 22, '43AK4528'),
(3, 58, '31RC5702'),
(4, 4, '25MC3793'),
(5, 72, '55SF0908'),
(6, 65, '18DF2919'),
(7, 36, '24EM3749'),
(8, 58, '40HL1594'),
(9, 34, '32CH7787'),
(10, 88, '09KG7755'),
(11, 30, '90GI3829'),
(12, 79, '34EF1483'),
(13, 96, '61BE3603'),
(14, 83, '40YR2349'),
(15, 76, '78NW4307'),
(16, 61, '49CF4395'),
(17, 20, '25NS5411'),
(18, 50, '77BF8449'),
(19, 30, '24MB2352'),
(20, 70, '33QB2164'),
(21, 26, '90TZ2502'),
(22, 88, '73AJ8606'),
(23, 81, '58OE2832'),
(24, 47, '28IR2408'),
(25, 43, '35LR5617'),
(26, 28, '32CH7787'),
(27, 52, '59RL9112'),
(28, 73, '46VM3561'),
(29, 30, '60PI4188'),
(30, 39, '60PI4188'),
(31, 95, '48FL0018'),
(32, 1, '70SO8844'),
(33, 5, '49CF4395'),
(34, 69, '91TU0587'),
(35, 71, '93IE8601'),
(36, 40, '89FW4755'),
(37, 55, '21PF9183'),
(38, 52, '19TQ5831'),
(39, 41, '98ZC3039'),
(40, 7, '49CF4395'),
(41, 85, '32CH7787'),
(42, 93, '30HA9209'),
(43, 44, '52GN0915'),
(44, 71, '34EF1483'),
(45, 89, '30HA9209'),
(46, 26, '43MG9667'),
(47, 25, '63AS9071'),
(48, 74, '77BF8449'),
(49, 63, '63AS9071'),
(50, 9, '99JX5897'),
(51, 100, '97MY7903'),
(52, 20, '20JH1744'),
(53, 86, '09KG7755'),
(54, 44, '61BE3603'),
(55, 20, '63FX5143'),
(56, 70, '49CF4395'),
(57, 85, '82JP7480'),
(58, 62, '61WG4586'),
(59, 34, '45RV9629'),
(60, 64, '77BF8449'),
(61, 89, '24MB2352'),
(62, 4, '90TZ2502'),
(63, 3, '65PJ8580'),
(64, 94, '65PJ8580'),
(65, 52, '54HS4839'),
(66, 49, '03RC0143'),
(67, 41, '40YR2349'),
(68, 53, '20JH1744'),
(69, 96, '32CH7787'),
(70, 47, '10BM0122'),
(71, 99, '01BD4854'),
(72, 32, '86QL8367'),
(73, 42, '28IR2408'),
(74, 91, '60LF3292'),
(75, 73, '55SF0908'),
(76, 31, '86QL8367'),
(77, 36, '31RC5702'),
(78, 12, '46XK7304'),
(79, 23, '31RC5702'),
(80, 79, '02DS0458'),
(81, 13, '32GT2424'),
(82, 45, '97MY7903'),
(83, 7, '98ZC3039'),
(84, 80, '58OE2832'),
(85, 72, '98YS9997'),
(86, 62, '99JX5897'),
(87, 28, '14ET6753'),
(88, 8, '19TN4271'),
(89, 90, '32CH7787'),
(90, 9, '50PP4370'),
(91, 12, '42TI9379'),
(92, 38, '86QL8367'),
(93, 34, '54FB7283'),
(94, 76, '44FU0399'),
(95, 75, '32CH7787'),
(96, 16, '54FB7283'),
(97, 15, '34MC4909'),
(98, 22, '20JH1744'),
(99, 56, '59RL9112'),
(100, 11, '91TU0587'),
(101, 33, '39VP9278'),
(102, 49, '34HX2371'),
(103, 6, '34EF1483'),
(104, 4, '18DF2919'),
(105, 20, '63AS9071'),
(106, 80, '60PI4188'),
(107, 42, '83NH1424'),
(108, 80, '43UN7413'),
(109, 90, '39VP9278'),
(110, 15, '68PQ8052'),
(111, 47, '70SO8844'),
(112, 31, '31RC5702'),
(113, 22, '02DS0458'),
(114, 89, '30HA9209'),
(115, 34, '99UX8447'),
(116, 23, '83NH1424'),
(117, 81, '73AJ8606'),
(118, 10, '35LR5617'),
(119, 37, '76AE4606'),
(120, 38, '42TI9379'),
(121, 42, '44FU0399'),
(122, 49, '89MG6962'),
(123, 56, '39VP9278'),
(124, 1, '60PI4188'),
(125, 53, '68PQ8052'),
(126, 54, '19TN4271'),
(127, 36, '63AS9071'),
(128, 50, '80QE2191'),
(129, 41, '86QL8367'),
(130, 70, '21PF9183'),
(131, 65, '82RC4556'),
(132, 8, '20JH1744'),
(133, 1, '06TG5783'),
(134, 84, '76AE4606'),
(135, 78, '29LY5279'),
(136, 80, '25NS5411'),
(137, 62, '40GT4434'),
(138, 48, '73AJ8606'),
(139, 32, '58OE2832'),
(140, 69, '30HA9209'),
(141, 10, '61BE3603'),
(142, 43, '21PF9183'),
(143, 21, '63AS9071'),
(144, 20, '42TI9379'),
(145, 13, '09KG7755'),
(146, 96, '76AE4606'),
(147, 85, '25NS5411'),
(148, 97, '27ZU1389'),
(149, 45, '19TN4271'),
(150, 70, '40GT4434'),
(151, 28, '88KW9350'),
(152, 9, '50PP4370'),
(153, 78, '58OE2832'),
(154, 61, '98ZC3039'),
(155, 91, '29LY5279'),
(156, 48, '19TQ5831'),
(157, 96, '53RF3860'),
(158, 1, '82JP7480'),
(159, 68, '99ZT9504'),
(160, 57, '70SO8844'),
(161, 69, '40YR2349'),
(162, 19, '32CH7787'),
(163, 80, '32GT2424'),
(164, 97, '98ZC3039'),
(165, 29, '02DS0458'),
(166, 24, '99ZT9504'),
(167, 11, '50PP4370'),
(168, 21, '77BF8449'),
(169, 91, '98YS9997'),
(170, 88, '10BM0122'),
(171, 28, '86BJ1221'),
(172, 9, '28IR2408'),
(173, 45, '09FA1846'),
(174, 44, '63FX5143'),
(175, 35, '83XK1745'),
(176, 10, '53RF3860'),
(177, 49, '99JX5897'),
(178, 68, '93IE8601'),
(179, 44, '39VP9278'),
(180, 92, '78XY9922'),
(181, 80, '98ZC3039'),
(182, 83, '30HA9209'),
(183, 18, '06TG5783'),
(184, 99, '97MY7903'),
(185, 1, '57EG2574'),
(186, 4, '93IE8601'),
(187, 100, '46XK7304'),
(188, 31, '28IR2408'),
(189, 96, '19TN4271'),
(190, 22, '09KG7755'),
(191, 98, '04TD9565'),
(192, 24, '98YS9997'),
(193, 61, '63AS9071'),
(194, 90, '43UN7413'),
(195, 78, '14ET6753'),
(196, 79, '31RC5702'),
(197, 97, '24EM3749'),
(198, 26, '94UI0330'),
(199, 90, '68PQ8052'),
(200, 13, '10BM0122');

-- --------------------------------------------------------

--
-- Estructura de tabla para la tabla `alumno_licenciatura`
--

CREATE TABLE `alumno_licenciatura` (
  `ID_Alumno_Licenciatura` int(11) NOT NULL,
  `ID_Licenciatura` varchar(3) NOT NULL,
  `NoControl_Alumno` varchar(8) NOT NULL
) ENGINE=InnoDB DEFAULT CHARSET=utf8mb4 COLLATE=utf8mb4_general_ci;

--
-- Volcado de datos para la tabla `alumno_licenciatura`
--

INSERT INTO `alumno_licenciatura` (`ID_Alumno_Licenciatura`, `ID_Licenciatura`, `NoControl_Alumno`) VALUES
(1, 'c67', '88KW9350'),
(2, 'a54', '43AK4528'),
(3, '073', '43AK4528'),
(4, 'c1b', '03RC0143'),
(5, '787', '34HX2371'),
(6, '8c4', '61BE3603'),
(7, '266', '40HL1594'),
(8, 'f0b', '43MG9667'),
(9, '351', '34HX2371'),
(10, '690', '78XY9922'),
(11, '647', '10BM0122'),
(12, '266', '57EG2574'),
(13, 'c67', '95DH5376'),
(14, '217', '93IE8601'),
(15, '759', '24MB2352'),
(16, '759', '40YR2349'),
(17, 'a8f', '35KN2523'),
(18, '072', '63FX5143'),
(19, '217', '10BM0122'),
(20, 'c67', '99ZT9504'),
(21, '2d9', '20JH1744'),
(22, '073', '46XK7304'),
(23, '3ce', '43AK4528'),
(24, '072', '29LY5279'),
(25, '072', '02DS0458'),
(26, 'a54', '78XY9922'),
(27, '197', '10BM0122'),
(28, '072', '63FX5143'),
(29, 'c1b', '10BM0122'),
(30, 'c67', '33QB2164'),
(31, '787', '31OZ9989'),
(32, '2d9', '40HL1594'),
(33, 'a54', '82JP7480'),
(34, '2d9', '31RC5702'),
(35, '347', '30HA9209'),
(36, '690', '70SO8844'),
(37, 'f0b', '61WG4586'),
(38, '197', '99UX8447'),
(39, '072', '76AE4606'),
(40, '759', '34EF1483'),
(41, '072', '99ZT9504'),
(42, '647', '76AE4606'),
(43, 'a54', '93IE8601'),
(44, '787', '22NZ7522'),
(45, '197', '65PJ8580'),
(46, '787', '95DH5376'),
(47, '217', '83XK1745'),
(48, '647', '35LR5617'),
(49, '3e5', '04TD9565'),
(50, '266', '35LR5617'),
(51, '8c4', '57EG2574'),
(52, '2d9', '60LF3292'),
(53, '351', '46XK7304'),
(54, '2d9', '91TU0587'),
(55, '347', '34HX2371'),
(56, '3e5', '34EF1483'),
(57, '072', '63FX5143'),
(58, '217', '78XY9922'),
(59, '690', '03RC0143'),
(60, '787', '80QE2191'),
(61, 'a54', '10BM0122'),
(62, '690', '82JP7480'),
(63, '8c4', '34MC4909'),
(64, '266', '89LS8809'),
(65, 'c1b', '29LY5279'),
(66, '347', '02DS0458'),
(67, 'a54', '42TI9379'),
(68, '787', '89MG6962'),
(69, '3ce', '89LS8809'),
(70, '073', '22NZ7522'),
(71, '787', '91TU0587'),
(72, '2d9', '59RL9112'),
(73, '3e5', '86QL8367'),
(74, '3e5', '27ZU1389'),
(75, '347', '99JX5897'),
(76, 'c1b', '70SO8844'),
(77, '266', '43UN7413'),
(78, '351', '25MC3793'),
(79, '266', '25NS5411'),
(80, '787', '50PP4370'),
(81, '197', '68PQ8052'),
(82, '2d9', '43MG9667'),
(83, '197', '89FW4755'),
(84, '072', '99UX8447'),
(85, '197', '91TU0587'),
(86, 'f0b', '73AJ8606'),
(87, '197', '43UN7413'),
(88, '197', '70SO8844'),
(89, 'f0b', '19TN4271'),
(90, '073', '70SO8844'),
(91, '8c4', '73AJ8606'),
(92, 'a8f', '99JX5897'),
(93, '2d9', '25NS5411'),
(94, 'c67', '33QB2164'),
(95, '690', '28IR2408'),
(96, 'c67', '41UC2231'),
(97, 'a54', '70SO8844'),
(98, 'f0b', '98YS9997'),
(99, '347', '09FA1846'),
(100, '787', '50PP4370');

-- --------------------------------------------------------

--
-- Estructura de tabla para la tabla `alumno_postgrado`
--

CREATE TABLE `alumno_postgrado` (
  `ID_Alumno_Postgrado` int(11) NOT NULL,
  `ID_Postgrado` int(11) NOT NULL,
  `NoControl_Alumno` varchar(8) NOT NULL
) ENGINE=InnoDB DEFAULT CHARSET=utf8mb4 COLLATE=utf8mb4_general_ci;

--
-- Volcado de datos para la tabla `alumno_postgrado`
--

INSERT INTO `alumno_postgrado` (`ID_Alumno_Postgrado`, `ID_Postgrado`, `NoControl_Alumno`) VALUES
(1, 20, '40HL1594'),
(2, 28, '21PF9183'),
(3, 11, '24MB2352'),
(4, 8, '24EM3749'),
(5, 13, '31OZ9989'),
(6, 18, '76AE4606'),
(7, 4, '46XK7304'),
(8, 12, '77BF8449'),
(9, 21, '04MB8674'),
(10, 15, '04TD9565'),
(11, 4, '99ZT9504'),
(12, 30, '19TQ5831'),
(13, 8, '34HX2371'),
(14, 20, '86BJ1221'),
(15, 18, '02DS0458'),
(16, 18, '73AJ8606'),
(17, 27, '89LS8809'),
(18, 15, '39VP9278'),
(19, 2, '45RV9629'),
(20, 27, '53RF3860'),
(21, 26, '43UN7413'),
(22, 8, '61BE3603'),
(23, 11, '39VP9278'),
(24, 26, '63FX5143'),
(25, 27, '99UX8447'),
(26, 6, '86QL8367'),
(27, 1, '78NW4307'),
(28, 16, '35LR5617'),
(29, 30, '76AE4606'),
(30, 13, '95XO6978'),
(31, 6, '09FA1846'),
(32, 30, '94UI0330'),
(33, 8, '89LS8809'),
(34, 22, '78NW4307'),
(35, 13, '55SF0908'),
(36, 24, '95XO6978'),
(37, 22, '06TG5783'),
(38, 9, '25MC3793'),
(39, 30, '41UC2231'),
(40, 27, '90TZ2502'),
(41, 20, '89MG6962'),
(42, 29, '50PP4370'),
(43, 16, '78XY9922'),
(44, 19, '31RC5702'),
(45, 1, '25NS5411'),
(46, 29, '18DF2919'),
(47, 21, '24EM3749'),
(48, 14, '82RC4556'),
(49, 10, '99UX8447'),
(50, 27, '83XK1745'),
(51, 16, '86QL8367'),
(52, 13, '82RC4556'),
(53, 23, '90UZ5358'),
(54, 12, '80QE2191'),
(55, 13, '34EF1483'),
(56, 20, '24EM3749'),
(57, 11, '93IE8601'),
(58, 22, '25MC3793'),
(59, 9, '90GI3829'),
(60, 6, '35KN2523'),
(61, 9, '06TG5783'),
(62, 19, '86QL8367'),
(63, 30, '57EG2574'),
(64, 17, '55SF0908'),
(65, 24, '57EG2574'),
(66, 27, '31RC5702'),
(67, 21, '83NH1424'),
(68, 20, '32CH7787'),
(69, 7, '24MB2352'),
(70, 13, '25NS5411'),
(71, 8, '14ET6753'),
(72, 9, '02DS0458'),
(73, 15, '83XK1745'),
(74, 14, '95XO6978'),
(75, 26, '54HS4839'),
(76, 15, '76AE4606'),
(77, 6, '40HL1594'),
(78, 10, '82JP7480'),
(79, 14, '32GT2424'),
(80, 3, '43AK4528'),
(81, 5, '91TU0587'),
(82, 18, '94UI0330'),
(83, 12, '01BD4854'),
(84, 11, '54HS4839'),
(85, 9, '90GI3829'),
(86, 30, '89MG6962'),
(87, 9, '28IR2408'),
(88, 12, '42TI9379'),
(89, 20, '06TG5783'),
(90, 4, '45RV9629'),
(91, 17, '99UX8447'),
(92, 2, '21PF9183'),
(93, 23, '19TQ5831'),
(94, 23, '65PJ8580'),
(95, 8, '98ZC3039'),
(96, 10, '35KN2523'),
(97, 17, '61BE3603'),
(98, 8, '30HA9209'),
(99, 11, '94UI0330'),
(100, 26, '63AS9071');

-- --------------------------------------------------------

--
-- Estructura de tabla para la tabla `aula`
--

CREATE TABLE `aula` (
  `ID_Aula` int(11) NOT NULL,
  `ID_Edificio` varchar(1) NOT NULL,
  `NumeroSalon` smallint(3) NOT NULL,
  `Capacidad` tinyint(4) NOT NULL,
  `Descripcion` text DEFAULT NULL
) ENGINE=InnoDB DEFAULT CHARSET=utf8mb4 COLLATE=utf8mb4_general_ci;

--
-- Volcado de datos para la tabla `aula`
--

INSERT INTO `aula` (`ID_Aula`, `ID_Edificio`, `NumeroSalon`, `Capacidad`, `Descripcion`) VALUES
(1, 'R', 105, 21, 'Voluptatibus laudantium reiciendis necessitatibus dolorem id. Suscipit eos eius quae ut fugit temporibus.'),
(2, 'S', 163, 51, 'Et expedita in exercitationem voluptates. Fuga optio inventore cum voluptates iure. Dolores laboriosam culpa voluptate.\nSaepe velit architecto accusantium dolore esse. Unde quia perferendis.'),
(3, 'M', 255, 70, 'Quasi a dicta natus dolores vero. Distinctio nemo eius ipsam libero iste voluptate doloremque.\nVoluptates ut officia est accusamus voluptatum. Voluptatibus amet molestias.'),
(4, 'Z', 100, 61, 'Natus illo sapiente perspiciatis quaerat.\nAtque blanditiis temporibus atque voluptates iusto. Facilis alias earum blanditiis optio. Minus reprehenderit fugit ad.'),
(5, 'J', 177, 25, 'Fuga dignissimos molestias id impedit debitis. Commodi saepe dolores ab assumenda atque consequuntur numquam. Odit nihil in neque perspiciatis iste.'),
(6, 'R', 194, 89, 'Doloribus fugit quidem soluta. Enim eos deleniti est. Quasi culpa architecto.'),
(7, 'L', 135, 64, 'Natus voluptate tenetur a provident aspernatur necessitatibus modi. Iusto tempora repellat minus. Consectetur hic exercitationem molestias architecto facere laudantium cupiditate.'),
(8, 'Q', 173, 35, 'Laborum eligendi laudantium adipisci odit assumenda dolores. Dolor quaerat temporibus distinctio. Sit reprehenderit expedita nihil consequatur tempore corporis.'),
(9, 'M', 221, 29, 'Tempora nulla vel voluptates sequi nihil ratione quos. Itaque recusandae delectus neque facilis ex.\nBlanditiis laborum esse sequi tenetur soluta est. Aut cumque consequatur tempora quisquam.'),
(10, 'Q', 297, 17, 'Laboriosam corrupti placeat minus eum harum. Nihil doloribus culpa vero rem.\nIste necessitatibus quidem accusantium perferendis iusto sed laboriosam. Blanditiis sunt assumenda cumque veritatis.'),
(11, 'W', 258, 44, 'Repellendus eligendi ipsam sit. Amet animi recusandae perspiciatis atque. Eaque reiciendis cum voluptas beatae.\nCommodi enim sunt assumenda incidunt odio.'),
(12, 'J', 107, 47, 'Quo vitae sed pariatur facere deleniti. Optio impedit molestiae.\nSunt molestias veritatis perferendis. Ipsum error error magnam quo corporis. Repudiandae quasi est.'),
(13, 'R', 279, 29, 'Corrupti quos cum dignissimos nesciunt quisquam placeat exercitationem. Quam repellat officia error quaerat. Facilis laudantium porro aspernatur numquam fugit accusamus tenetur.'),
(14, 'S', 111, 19, 'Ullam eius pariatur aliquid beatae. Distinctio dignissimos quam ab rerum repellendus commodi exercitationem.'),
(15, 'J', 225, 96, 'Non atque sed. Magnam quas quo atque. Dolorum ab est deserunt delectus animi optio.'),
(16, 'J', 143, 44, 'Voluptatem explicabo corporis quas. Nulla tempora eos libero commodi tempore quisquam.'),
(17, 'R', 259, 58, 'Omnis quidem blanditiis numquam. Libero eveniet fuga dolores ex laborum ad rem. Hic dolores ullam beatae omnis sed ducimus porro.'),
(18, 'N', 158, 25, 'Dolore perspiciatis reprehenderit iure. Magnam tenetur suscipit ratione iusto in. At perferendis fugiat sed distinctio neque. Veritatis sed quod magnam.'),
(19, 'N', 120, 82, 'Deserunt doloribus quam pariatur deserunt tenetur adipisci. Cupiditate inventore inventore nostrum natus.'),
(20, 'L', 146, 99, 'Illo eaque cumque rerum libero. Accusantium quas nulla facilis aliquid. Blanditiis perspiciatis a molestias recusandae.'),
(21, 'W', 249, 13, 'Repudiandae assumenda possimus praesentium. Rerum voluptatibus molestiae asperiores explicabo.\nTotam deserunt maiores eum. Non repudiandae laudantium. Tempora sint quaerat ullam quod.'),
(22, 'W', 293, 71, 'Unde quos repellendus. Autem ipsum ullam in aperiam fugit beatae. Error nihil soluta vero iusto molestias veniam.\nAspernatur maxime quam quos.'),
(23, 'R', 100, 64, 'Ea laborum accusamus quam ex nostrum veniam.\nIpsam possimus facere aspernatur tempora voluptate nisi. Corrupti natus ipsa iusto rerum ratione cum molestias.'),
(24, 'W', 196, 19, 'In sunt quidem cumque. Qui reprehenderit modi assumenda blanditiis magnam. Ut consectetur voluptates sint similique illum ducimus.'),
(25, 'X', 109, 23, 'Inventore illo tempora nisi aspernatur sint ex. Animi soluta magnam doloribus.\nUnde saepe inventore cum. Quis unde vel laudantium cumque.'),
(26, 'L', 294, 91, 'Debitis magni eius quae. Hic velit aliquid quis at laborum iusto vitae. Iste consequuntur ratione quaerat molestiae exercitationem possimus.\nNon iste excepturi id. Voluptatum aliquam ad.'),
(27, 'Q', 100, 32, 'Consectetur impedit occaecati eaque hic. Ullam est aperiam consequuntur. Inventore numquam dicta similique.'),
(28, 'Q', 167, 61, 'Facilis eos deleniti nam sapiente. Soluta quod eligendi tempore ipsam veniam. Nam corporis quibusdam nostrum.\nPlaceat dignissimos repudiandae minima impedit.'),
(29, 'L', 296, 20, 'Optio dolores accusamus. Recusandae numquam asperiores odio quaerat.'),
(30, 'X', 283, 90, 'Iste vero veniam expedita odit labore. Alias tempora quod voluptate dignissimos itaque. Ex tempora aspernatur distinctio eaque architecto. Inventore fugit aliquam ad.'),
(31, 'Q', 158, 27, 'Quibusdam tempore voluptatem blanditiis tempora. Culpa ipsum consequuntur nihil maxime veniam voluptas quasi.'),
(32, 'W', 299, 83, 'Laudantium sit necessitatibus. In pariatur reprehenderit magni voluptatem corrupti minus.'),
(33, 'W', 277, 27, 'Nisi commodi facilis voluptas enim. Dolorem occaecati ratione magni magni ipsum.'),
(34, 'M', 212, 27, 'Eveniet hic voluptatibus autem. Qui ullam nulla ab ratione perferendis debitis. Explicabo quidem culpa.\nEt error distinctio.\nUnde ut itaque tempora itaque. Ipsum quae facilis incidunt suscipit.'),
(35, 'W', 249, 42, 'Molestiae quo corporis repudiandae voluptates doloribus ratione. Nihil harum corporis soluta. Tenetur atque consequuntur.\nEum laudantium voluptate sit ipsam accusamus. Optio alias perferendis.'),
(36, 'W', 118, 45, 'Ratione ex tempore sint in voluptates laborum deserunt. Facere dicta ullam ducimus quaerat molestias ipsum. Nesciunt autem ipsa nemo fugit.'),
(37, 'X', 171, 92, 'Minima autem sunt suscipit rerum neque culpa. Ducimus cum corporis dolores et.'),
(38, 'S', 126, 58, 'Possimus voluptate voluptas ab. Consequatur ipsum nobis eius. Porro sed nisi recusandae totam dolores voluptas.'),
(39, 'Z', 170, 43, 'Quo doloremque minima aperiam quisquam dolorem. Id natus voluptatibus fugit.\nMagnam sint necessitatibus incidunt quis nisi. Rem eligendi quis maiores nisi alias mollitia.'),
(40, 'S', 102, 80, 'Rem voluptates voluptas neque officiis. Dolor excepturi voluptatum quibusdam cum tempora.'),
(41, 'L', 197, 55, 'Explicabo quos nihil tenetur sapiente debitis a.\nQuaerat doloribus optio recusandae repudiandae. Atque magnam asperiores occaecati. Porro harum corrupti aperiam.'),
(42, 'L', 300, 61, 'Quisquam atque deleniti adipisci laborum veniam. Voluptas sapiente alias explicabo officia facere.'),
(43, 'Q', 278, 15, 'Perspiciatis laudantium debitis illum.\nMagni tempore dolorum suscipit. Dicta doloribus ullam minus laborum reiciendis ratione.'),
(44, 'Q', 144, 63, 'Ipsa explicabo non repellendus. Esse iure ex saepe at aspernatur quis. Dolorum expedita illo aliquam ducimus explicabo dolor cumque.'),
(45, 'W', 285, 59, 'Eos mollitia cumque blanditiis. Fuga molestias ad architecto fugit asperiores ipsum. Non sequi beatae corrupti nesciunt possimus impedit accusamus.'),
(46, 'N', 190, 64, 'Ipsam officiis aspernatur soluta. Esse tempore libero ex odio nihil.'),
(47, 'X', 100, 10, 'Tempore blanditiis accusamus velit enim. Suscipit eaque neque pariatur.'),
(48, 'X', 299, 24, 'Culpa voluptatibus placeat quod. Quasi delectus sed iste ex. Consequuntur amet consequatur explicabo doloremque.'),
(49, 'S', 154, 61, 'Harum nobis exercitationem dolores quos. Quaerat voluptate adipisci saepe. Vero repudiandae autem error modi.'),
(50, 'Z', 159, 52, 'Numquam tempora sapiente earum magni. Quae modi ipsa magnam ab.\nEt sit enim maxime.\nEsse voluptates quisquam omnis quaerat sit exercitationem iste.'),
(51, 'X', 273, 77, 'Maxime repellendus aliquid mollitia. Voluptate error nisi doloribus ad at alias. Vitae itaque laboriosam odio animi repudiandae temporibus. Veniam est dolores officiis nesciunt.'),
(52, 'J', 166, 44, 'Assumenda maxime mollitia odio fugiat. Maiores totam modi culpa.\nImpedit iste qui soluta occaecati sequi error. Voluptatem iste impedit ducimus occaecati iure eligendi.'),
(53, 'N', 147, 70, 'Similique saepe tempora totam deleniti. Iure facere excepturi impedit nihil animi neque quibusdam. Accusamus earum at dolor minima soluta sapiente.'),
(54, 'W', 196, 26, 'In eos quae fugit. Porro assumenda quam amet adipisci.\nMagni rerum est cumque.'),
(55, 'X', 177, 80, 'Nobis quaerat tenetur aut.\nError maxime aperiam quis qui. Temporibus iure delectus totam cupiditate quis.'),
(56, 'L', 121, 92, 'Quis dignissimos minus alias temporibus assumenda.\nDebitis ut sint necessitatibus in quos modi. Atque fugit officiis est praesentium voluptatem similique odio. Iure a ea.'),
(57, 'R', 235, 68, 'Odit sint illo magni vero aspernatur. Aut explicabo sunt fugiat voluptate doloribus tempore. Libero iure neque fugiat aliquid.'),
(58, 'W', 154, 26, 'Quis assumenda quis perspiciatis praesentium. Ad sed distinctio quidem nihil soluta maiores.\nPorro exercitationem reprehenderit architecto ducimus.'),
(59, 'X', 227, 65, 'Quam sunt aliquid illum aliquid explicabo laborum. Ratione deleniti iste sit commodi omnis magni.\nDignissimos sint optio ducimus. Accusantium nulla cumque ab voluptatem quam veritatis.'),
(60, 'J', 212, 81, 'Velit quisquam culpa adipisci praesentium. Aliquam accusantium maxime dolorem. Ducimus mollitia unde debitis dolore sequi minima.'),
(61, 'J', 210, 15, 'Aperiam magnam quidem.\nIpsam odit numquam deserunt soluta a. Itaque nostrum est animi eveniet omnis.\nCupiditate libero atque fuga. Modi porro animi quam provident.'),
(62, 'X', 110, 100, 'Et quidem excepturi maiores. Aspernatur reiciendis reprehenderit ipsum eos.'),
(63, 'J', 290, 59, 'Magni quod porro. Ea quisquam quia quo facilis laudantium cupiditate repudiandae. Deleniti porro molestias inventore.'),
(64, 'J', 117, 18, 'Possimus asperiores rem reiciendis cumque maiores dolore. Ipsa non natus aliquid.'),
(65, 'W', 271, 52, 'Eligendi occaecati debitis minus. Ad dignissimos assumenda quis fugiat. Laudantium possimus incidunt incidunt commodi libero quam quam.'),
(66, 'Z', 110, 33, 'Velit perferendis unde at.\nArchitecto sed quas enim distinctio consequatur. Nisi rerum minus explicabo enim.\nVitae veritatis quos aspernatur. Aut itaque voluptatem deserunt vel.'),
(67, 'L', 139, 33, 'Dolorem sequi nam molestias amet. Possimus voluptate officiis alias.'),
(68, 'N', 227, 100, 'Sint laboriosam veniam voluptate. Alias velit quasi accusantium maxime doloremque fugit.'),
(69, 'R', 104, 36, 'Ad dolores omnis quaerat iure blanditiis. Enim saepe animi eaque vero libero quaerat dolor.'),
(70, 'L', 117, 50, 'Nam earum ducimus tenetur debitis ipsam voluptatem. Voluptatibus veritatis voluptas quo voluptates. Nostrum laboriosam recusandae.'),
(71, 'R', 146, 96, 'Dolores laudantium voluptatum aliquam placeat molestias iure. Voluptas exercitationem optio consequatur repellendus cum.'),
(72, 'X', 160, 97, 'Eligendi dolore corrupti rerum tenetur deleniti similique.'),
(73, 'J', 209, 77, 'Itaque temporibus facere. Eius possimus blanditiis tempora ullam labore commodi. Inventore ab quam ex eum.'),
(74, 'R', 287, 10, 'Officia voluptate aperiam veniam delectus ex at. Alias delectus officiis.\nSit numquam sed deleniti ipsam. Maiores repudiandae eligendi repellat est.'),
(75, 'W', 166, 55, 'Modi earum nostrum. Veniam repellendus cumque cum placeat minima sunt.\nDeleniti vero fuga unde mollitia. Ratione eos voluptatibus expedita animi. Consectetur error mollitia inventore velit eum.'),
(76, 'N', 136, 82, 'Repellendus voluptas ducimus iure dolorum quibusdam est veritatis. Eaque enim eos. Nemo debitis explicabo occaecati voluptatibus eaque.'),
(77, 'N', 279, 91, 'Ad odio tempore molestiae. Eveniet aliquid totam magni.\nNumquam maiores velit. Asperiores a unde ratione dolorem quidem corporis. Quam minima debitis modi delectus.'),
(78, 'J', 125, 16, 'Reprehenderit vitae nemo mollitia ipsa quos.'),
(79, 'J', 203, 17, 'Occaecati reiciendis nostrum laboriosam culpa quos earum debitis. Perspiciatis maiores consequatur porro tempore ipsam. Praesentium nostrum id esse.'),
(80, 'R', 151, 92, 'Voluptate velit occaecati asperiores minima veniam. Vero minima quam. Nostrum molestias asperiores at iure.\nEos vitae dolore ullam sed officia. Mollitia cum fuga temporibus accusantium assumenda.'),
(81, 'N', 143, 92, 'Aut voluptate sit incidunt dignissimos nulla nam temporibus. Reprehenderit est provident nesciunt minima. Vitae autem quas.'),
(82, 'L', 150, 23, 'At sed quidem suscipit eligendi veritatis.\nDolorum aliquid dicta quis labore eveniet necessitatibus. Nulla temporibus veritatis maxime eligendi harum dolorem.'),
(83, 'W', 206, 72, 'Culpa quas quisquam dolorum eius adipisci. Sunt aliquam eum labore. Eligendi accusantium iste nam ea saepe quidem.'),
(84, 'S', 209, 44, 'Autem minus fuga eius laboriosam atque facere nisi. Voluptate ratione distinctio quaerat quo. Labore earum magnam quam nisi nostrum.'),
(85, 'S', 184, 32, 'Quibusdam nam accusantium tempora praesentium. Vitae in nostrum placeat. Voluptatum accusamus ipsum eos doloremque sequi.'),
(86, 'Z', 280, 74, 'Nulla impedit voluptate. Molestias ullam aperiam quae labore minima facere.\nAdipisci eius illum sapiente in. Nisi dolor omnis esse sapiente fuga natus. Eum similique a quibusdam ut.'),
(87, 'J', 271, 56, 'Asperiores mollitia expedita. Minima doloremque nam dolorem dicta possimus voluptas. Iste soluta aliquid libero placeat animi id.'),
(88, 'R', 119, 16, 'Aperiam cumque ab cumque corporis. Ab dolores illo itaque. Aliquam neque minus nihil ab sit reiciendis.\nEx reprehenderit numquam qui. Nihil similique aut repudiandae nemo corrupti vitae.'),
(89, 'N', 292, 11, 'Quam provident similique tempore eius. Nemo eligendi error culpa a voluptas iste.'),
(90, 'L', 102, 71, 'Repudiandae eius fuga voluptatum mollitia suscipit similique. Beatae vero totam impedit culpa et. Sed temporibus eveniet alias ad fuga ab.'),
(91, 'X', 290, 99, 'Minima distinctio reiciendis dolore. Est eius eligendi tempora. Voluptatum optio exercitationem minima quos amet.\nMinima delectus enim animi. Expedita vero fugiat. Nesciunt explicabo laudantium.'),
(92, 'S', 205, 48, 'Ipsam pariatur voluptas enim eligendi delectus omnis. Dolore perspiciatis veritatis qui fuga quam nam.'),
(93, 'S', 279, 76, 'Corporis ratione illum rem delectus ab unde accusamus. Dolore aliquam voluptate est nobis praesentium.'),
(94, 'R', 297, 71, 'Fugit veniam amet. Alias non aliquam ipsa ex voluptatibus. Delectus distinctio debitis at repellat.\nSunt iure voluptas quae reprehenderit inventore. Ea pariatur alias nemo.'),
(95, 'N', 272, 60, 'Corrupti eum culpa reprehenderit debitis inventore. Iusto tempora doloremque delectus magni similique nam. Tempora corporis vel modi non.'),
(96, 'M', 124, 16, 'Itaque labore amet accusantium. Saepe officia eum odit.\nEx eaque similique. Sint pariatur magni excepturi quasi.'),
(97, 'R', 214, 44, 'Sint unde tenetur nihil iusto laudantium. Perferendis assumenda molestias impedit cumque animi.'),
(98, 'X', 167, 92, 'Eveniet corporis ducimus facere libero voluptatibus. Aut deserunt fuga dolores amet omnis deleniti quo.'),
(99, 'M', 128, 40, 'Assumenda quos facilis ullam iure reprehenderit. Error ex occaecati necessitatibus at corrupti. Fugiat iure accusamus ipsam aliquam debitis.\nExpedita nam nihil minus asperiores minima quasi.'),
(100, 'Q', 186, 28, 'Quod nam saepe temporibus provident. Iste necessitatibus quibusdam recusandae reiciendis neque ab. Aliquid veritatis quibusdam assumenda sequi rem.'),
(101, 'J', 119, 15, 'Iste labore rerum laborum blanditiis impedit vitae. Molestiae eveniet voluptatum eveniet. Laudantium aperiam deleniti possimus voluptas consectetur ullam.'),
(102, 'W', 143, 55, 'Ad culpa cumque error quos consequuntur. Nulla corporis ut. Optio consequuntur eius minima dolore enim. Sit sint placeat doloremque sunt cumque nulla.'),
(103, 'J', 167, 15, 'Minima velit corporis amet. Architecto sequi iure qui. Ipsam blanditiis harum culpa odio eius. Illo ut minus.\nVoluptatibus ipsum omnis quo.'),
(104, 'W', 142, 30, 'Ullam ipsam dignissimos sunt praesentium soluta facere. Dignissimos totam aliquid tempore eum beatae dolore.'),
(105, 'S', 141, 61, 'Illo eos explicabo voluptatibus. Quasi exercitationem numquam cum doloribus optio. Odit voluptatum molestias alias asperiores sequi exercitationem.'),
(106, 'Z', 259, 39, 'Architecto nobis possimus ullam. Officiis et optio earum.\nPerferendis facilis perspiciatis aliquam. Maiores vero omnis quasi at est necessitatibus.'),
(107, 'N', 160, 20, 'Unde enim veniam corporis doloremque quia. Ullam minus similique. Molestiae neque exercitationem ipsum a.\nQuidem aperiam modi perferendis. Tenetur eum tempora asperiores minima.'),
(108, 'L', 150, 25, 'Occaecati sunt distinctio adipisci facere. Illum illo magnam nisi quo voluptate.\nMinus praesentium inventore quidem tenetur. Quod optio fugit aut dolore quibusdam.'),
(109, 'R', 110, 98, 'Dolores doloribus totam ea fuga illo doloribus. Eum cumque culpa nisi. Fugiat sed nisi et. Fugiat dolorum porro quo iusto.'),
(110, 'R', 218, 19, 'Recusandae quis architecto ipsam hic. Vel quis dignissimos quae facere.\nInventore vero dolore sint. Animi fuga assumenda quasi voluptate illo. Totam exercitationem reiciendis iure.'),
(111, 'X', 217, 96, 'Deserunt cum corporis in quod recusandae quibusdam. Libero alias praesentium in exercitationem. Doloremque veniam fugit id ipsum. Vero voluptatibus totam rem nulla aspernatur consectetur.'),
(112, 'X', 155, 64, 'Culpa harum quam explicabo. Maiores dolore corrupti perspiciatis. Dolor est ducimus eligendi omnis odit nulla.\nReprehenderit vitae earum sunt nostrum. Ratione illo repellendus totam architecto.'),
(113, 'Z', 153, 22, 'Similique fugit at ducimus ad eaque sed. Totam tenetur odio odio. Nesciunt temporibus eligendi.\nAlias praesentium quasi explicabo exercitationem. Totam porro illum beatae nesciunt dolores enim.'),
(114, 'J', 122, 83, 'Corrupti provident dolorem veritatis. Voluptates molestias beatae pariatur porro ipsum. Aperiam blanditiis in quam repudiandae sit omnis ea.'),
(115, 'X', 111, 51, 'Sequi dolorum architecto animi repellat eveniet. Delectus quis cum dolores ea. Ipsa itaque explicabo eius nisi possimus.'),
(116, 'Q', 148, 26, 'Quasi ullam nobis cumque esse repudiandae veniam possimus. Quasi officiis saepe molestias culpa corrupti recusandae. Praesentium necessitatibus atque rem suscipit. Qui labore culpa quas odit.'),
(117, 'S', 174, 65, 'Iste fugiat dolorum ratione error. Dolores placeat impedit repellat suscipit. Eveniet quis pariatur nobis quos fuga.\nIn odio vel vero. Dicta nobis perferendis maiores.'),
(118, 'M', 184, 98, 'Nam tempora maiores. Et placeat adipisci at consequatur dignissimos nobis repellat. Labore molestias voluptatibus modi error consectetur molestiae.'),
(119, 'R', 234, 68, 'Ea facilis asperiores esse laboriosam. Dolorum enim minima expedita dolorem ex. Modi dolore neque optio incidunt.\nOptio accusamus cupiditate ipsam. Dolores beatae nulla.'),
(120, 'W', 245, 57, 'Occaecati alias nihil fuga perspiciatis. Facilis possimus cumque officia a. Est expedita nam maxime quasi natus laborum.'),
(121, 'Q', 148, 63, 'Aspernatur sint perspiciatis amet. Sed doloribus corporis dignissimos atque ex impedit. Quas delectus aliquam minima dolorum.'),
(122, 'J', 242, 51, 'Fugiat quos odio. Ullam repellendus laudantium porro iste qui expedita. Quos maiores iste consequuntur nesciunt id.'),
(123, 'X', 273, 58, 'Ducimus quidem nihil modi quidem reiciendis voluptatem. A repudiandae alias totam dolorum ab saepe odio.'),
(124, 'X', 178, 31, 'Sunt perspiciatis placeat minima natus ex. Quas voluptatem inventore consectetur.'),
(125, 'Q', 179, 17, 'Asperiores nesciunt esse laborum. Ullam eos quos delectus dolores. Pariatur minus illum qui quisquam nihil voluptas.'),
(126, 'X', 144, 97, 'Odit dolor voluptas eaque excepturi a. Dolores nostrum pariatur eius ipsam sed.'),
(127, 'M', 124, 37, 'Repellendus sapiente ipsum quibusdam consequuntur dolores. Qui nam aliquam. Eos iste accusantium pariatur totam est.'),
(128, 'L', 162, 38, 'Accusamus iure animi eius. Laborum ratione perspiciatis ab provident. Tenetur qui reprehenderit mollitia similique inventore enim. Alias doloribus adipisci.'),
(129, 'J', 171, 99, 'Perspiciatis laudantium dignissimos dolor nostrum. Adipisci odit culpa quis explicabo. Modi sed repellendus neque nemo distinctio maxime.'),
(130, 'L', 240, 65, 'Tenetur aliquid iusto accusantium. Atque exercitationem ad nostrum repudiandae fuga doloribus.\nIure corporis eos autem vel beatae.\nHarum molestias deserunt sit mollitia ipsa.'),
(131, 'R', 130, 52, 'Doloremque voluptate repellendus eaque. Eum nihil sapiente facilis quia. Non ut at rerum. Voluptatibus accusantium quaerat commodi similique.'),
(132, 'S', 145, 80, 'Perferendis quod consequatur. Distinctio consectetur eligendi corporis nam harum.'),
(133, 'N', 218, 41, 'Dolorem impedit cum praesentium velit harum. Praesentium eveniet veniam rerum voluptatum illum. Enim et error sequi aliquid esse necessitatibus.'),
(134, 'M', 252, 51, 'Corrupti accusantium illo incidunt. Ad amet ut rerum ipsum nostrum sapiente accusantium. Illo sequi architecto.'),
(135, 'J', 120, 69, 'Voluptates atque dignissimos eligendi pariatur debitis illo. Esse voluptas maxime. Deserunt similique hic laborum soluta fuga et.'),
(136, 'W', 139, 14, 'Fugit cupiditate atque delectus reprehenderit dolorum facilis. Odit doloremque laboriosam veritatis ratione beatae. Tenetur accusamus quo enim.'),
(137, 'S', 222, 30, 'Ullam harum tempore. Nisi cupiditate commodi ea possimus.\nModi eveniet et hic ipsa. Possimus dolores culpa. Libero quidem error veritatis sunt pariatur natus.'),
(138, 'N', 153, 49, 'Nobis numquam quo dolore iure. Nostrum fugiat dolor veritatis qui aliquam. Optio fugiat cum ullam porro error. Atque nesciunt aliquid eaque distinctio asperiores illo.'),
(139, 'W', 266, 66, 'Dicta quae ullam voluptas occaecati tempora quisquam. Recusandae incidunt excepturi cupiditate ullam. Nisi voluptatibus omnis voluptate dignissimos mollitia beatae.'),
(140, 'X', 249, 80, 'Ducimus totam error earum autem.\nQuos voluptate suscipit eaque laudantium quos enim.'),
(141, 'W', 265, 89, 'Quibusdam sint cupiditate deleniti quisquam deleniti soluta. Similique voluptate accusamus a.\nSuscipit illo architecto. Quibusdam minus ratione unde.'),
(142, 'Q', 215, 76, 'Repellat nemo sunt occaecati cum consectetur ut mollitia. Officiis voluptatem alias repellendus repellendus. Sunt voluptate quod accusamus expedita cupiditate quasi.'),
(143, 'W', 174, 98, 'Consequuntur quidem culpa ratione doloribus eaque harum. Voluptatibus consequuntur cupiditate a. Omnis accusamus distinctio libero.'),
(144, 'N', 179, 27, 'Tempora veritatis enim. Totam dolorem quos adipisci quam atque voluptas tempora. Nulla ex nostrum mollitia non minima ex.\nPariatur vel beatae dolorem pariatur suscipit earum.'),
(145, 'J', 209, 10, 'Reprehenderit animi vel sit. Odit ipsa ad cum. Minus illo dolorem excepturi.\nSaepe excepturi tenetur libero. Suscipit culpa tempora molestiae omnis reiciendis omnis.\nAccusantium non adipisci.'),
(146, 'J', 252, 73, 'Repudiandae fugiat quibusdam quisquam. Velit rem eius praesentium porro at. Cumque ducimus ipsam vel incidunt voluptatibus. Vero illum nisi qui.'),
(147, 'W', 118, 83, 'Temporibus ducimus nesciunt aliquam rerum cupiditate. Cum nostrum alias illum nisi id. Qui pariatur iure aspernatur voluptate ducimus ex provident. Reprehenderit accusantium deserunt iure assumenda.'),
(148, 'X', 108, 73, 'Non praesentium nesciunt inventore repellendus harum. Quam illo hic soluta labore veritatis incidunt.\nExplicabo sapiente voluptatem id. Maxime nisi delectus tempore.'),
(149, 'Z', 281, 53, 'Aliquam laudantium enim veniam. Enim corporis animi. Neque ex odio minus soluta eaque nostrum dolorum.\nEnim voluptatum culpa nisi iure. Facilis facere omnis omnis ipsa.'),
(150, 'W', 297, 78, 'Voluptas distinctio aspernatur provident. Facilis autem at numquam. Repellendus suscipit reiciendis in exercitationem quas laborum blanditiis. Rerum assumenda dignissimos ut sunt tenetur possimus.'),
(151, 'M', 121, 22, 'Placeat aliquam esse nulla eos inventore. Minus cupiditate debitis molestiae earum.\nPlaceat aliquid alias rerum. Nisi molestiae non labore ab corporis voluptas.\nSit atque hic maxime.'),
(152, 'Q', 255, 65, 'Quisquam quia quos cumque sint. Incidunt impedit consequuntur.\nUt rerum inventore provident. Quo at labore. Quasi nobis magnam sapiente recusandae fugiat.'),
(153, 'L', 180, 59, 'Voluptatibus deleniti quaerat deleniti sint optio occaecati quo. Hic eius vel dolorem dolorum. Tenetur voluptates nihil explicabo.\nEos assumenda earum eligendi tempora expedita adipisci.'),
(154, 'R', 103, 41, 'Aspernatur cum possimus sapiente fuga. Provident blanditiis quia iure reprehenderit earum iusto. Nulla hic explicabo distinctio ad ea blanditiis.'),
(155, 'N', 123, 58, 'Sunt possimus eum aspernatur. Rerum doloribus dolore placeat pariatur mollitia quibusdam. At porro consequuntur quae.\nDeleniti velit neque saepe. Numquam sed numquam dicta fuga unde.'),
(156, 'S', 229, 20, 'Soluta ab ipsam aut id veniam. Laboriosam totam a consectetur laborum.\nOmnis necessitatibus reprehenderit ad aspernatur ex. Iste fugiat minima nostrum exercitationem autem aliquid. Animi a ab.'),
(157, 'X', 123, 31, 'Consectetur nostrum necessitatibus eum saepe quibusdam adipisci. Doloribus eaque amet doloribus inventore animi ab cupiditate. Unde vero temporibus eius.'),
(158, 'Q', 225, 49, 'Deserunt doloremque reprehenderit in. Ipsam esse totam reprehenderit. Eveniet similique perferendis ad autem. Itaque accusantium mollitia libero.'),
(159, 'N', 135, 71, 'Eos repudiandae corporis eius beatae accusamus aperiam. Dolorum magnam minima facilis.\nQui fuga tenetur saepe earum dignissimos iste. Ut aperiam quas atque dignissimos nihil dicta impedit.'),
(160, 'R', 260, 58, 'Incidunt nobis impedit rem aperiam laboriosam magni atque. Perspiciatis aut tempore ratione itaque.\nEx tempore ducimus perferendis. Voluptatum praesentium voluptas inventore exercitationem.'),
(161, 'X', 249, 96, 'Eius sed magnam in iusto commodi. Culpa magnam repellat veniam exercitationem. Deserunt a quae ex deserunt aliquid.\nDolorem culpa quaerat.'),
(162, 'W', 241, 96, 'Provident pariatur laudantium aliquid esse eaque. Minima omnis et ipsa aspernatur quod quisquam. Eum ipsam nihil fuga in quo quia alias.'),
(163, 'Z', 292, 86, 'Deserunt inventore exercitationem mollitia esse. Iusto fugiat voluptate ad voluptas nobis perspiciatis. Ipsa soluta eligendi officiis.'),
(164, 'X', 243, 79, 'Laudantium magnam nisi error.\nNihil occaecati rerum aut officia. Unde voluptas maxime porro.\nFuga alias et libero. Culpa numquam quaerat vel. Iure deleniti voluptatem.'),
(165, 'X', 208, 85, 'Eos at voluptatum distinctio iste beatae voluptatum. Sint ex dolore esse voluptatem. Dolorem iusto saepe consequuntur.\nPariatur adipisci cupiditate ex. At minima odio in.'),
(166, 'Z', 151, 25, 'Temporibus odio quod eaque repudiandae nisi. Repellat ratione repudiandae perferendis porro repellat minus.'),
(167, 'N', 168, 34, 'Harum iure id nulla. Ipsa at illum debitis amet praesentium dolores.\nCulpa facilis necessitatibus odit rem. Qui vitae dignissimos dolorem.'),
(168, 'W', 158, 84, 'Recusandae incidunt quam officia maiores repellendus molestiae amet. Voluptate veritatis unde incidunt recusandae debitis voluptatibus iusto.'),
(169, 'J', 270, 52, 'Quos tempora impedit laudantium commodi ex blanditiis. Quaerat quo dolorem harum id voluptatum. Officia suscipit magnam quasi animi repellat.'),
(170, 'R', 160, 94, 'Porro nemo doloremque inventore. Ea cumque reprehenderit sunt. Vitae eos tempora nam dolor dolorem maiores.'),
(171, 'M', 263, 70, 'Iure rerum placeat quo cumque ipsum. Voluptatum vitae distinctio a quae doloremque molestias. Quae consectetur quo alias tenetur sed.'),
(172, 'R', 181, 14, 'Natus voluptates fugit earum. Vero atque eveniet quae.\nAliquid iste porro ducimus. Aliquid pariatur tempore hic molestiae placeat consectetur. Perspiciatis nihil blanditiis sit.'),
(173, 'N', 109, 55, 'Enim animi mollitia distinctio maxime iste dignissimos. Mollitia accusamus iste laboriosam dignissimos.'),
(174, 'M', 239, 98, 'Accusamus fugit repudiandae dolorum nobis unde facere. Voluptates neque blanditiis fugiat repellendus hic consectetur.'),
(175, 'X', 194, 75, 'Non accusantium enim sapiente laborum magnam. Pariatur odit veniam numquam voluptatibus quo. Dicta libero iure commodi harum itaque voluptas.'),
(176, 'N', 155, 82, 'Pariatur veniam quod minima animi hic saepe. Commodi architecto facilis aperiam quisquam.\nNecessitatibus nam amet. Incidunt accusantium quis est.\nEius accusamus eius sapiente impedit.'),
(177, 'W', 210, 87, 'Eius perspiciatis fugiat excepturi recusandae dignissimos. Corrupti facilis sequi.\nEveniet odio suscipit animi inventore illum. Beatae excepturi possimus neque id dolorem sunt.'),
(178, 'Z', 136, 15, 'Distinctio harum dignissimos dolores. Esse asperiores laborum tenetur at nihil. Nesciunt tenetur reiciendis commodi optio amet.'),
(179, 'Z', 291, 89, 'Id fugiat iure necessitatibus. Reiciendis ab veritatis adipisci.\nNobis saepe earum iure sint doloribus. Placeat aperiam ratione aliquid beatae sit voluptatibus. Cum natus perspiciatis dolor velit.'),
(180, 'Q', 137, 46, 'Esse eveniet culpa praesentium distinctio. Mollitia quasi ut animi in voluptate. Quae asperiores harum nemo dolorem.'),
(181, 'J', 270, 12, 'Voluptates voluptas tempore harum labore sequi quod. Assumenda alias voluptates sapiente tempora debitis. Blanditiis esse nam vel suscipit.'),
(182, 'R', 267, 50, 'Quisquam voluptatem unde suscipit ad dolorem sint. Sapiente molestiae fugit. Hic omnis praesentium officiis aliquid alias cum nobis. Molestias accusamus minima accusantium.'),
(183, 'W', 226, 41, 'Cum odio voluptate deleniti. Ipsam aliquam accusamus neque asperiores magni ipsa.'),
(184, 'Z', 274, 65, 'Ducimus recusandae quaerat omnis repellat numquam illum. Perspiciatis in ex quam quia ullam.\nNon iure commodi consequatur nemo nemo amet. Itaque inventore veniam distinctio sed aperiam.'),
(185, 'Z', 212, 39, 'Consectetur esse eveniet a dolores. Voluptatibus magni quo minima iste tempore aut culpa. Nisi veritatis molestias.'),
(186, 'X', 158, 45, 'Temporibus animi facilis quibusdam debitis totam harum. Impedit quae possimus ad voluptate.\nCulpa sapiente veritatis veritatis illum nihil vitae. Maxime reiciendis recusandae.'),
(187, 'Z', 258, 53, 'Totam dolorum corrupti vero. Doloremque non voluptatum tempora.\nAsperiores corrupti occaecati aliquid laborum.\nCumque autem esse qui. Hic blanditiis quia aliquam ad laboriosam.'),
(188, 'R', 178, 83, 'Adipisci laboriosam incidunt laborum enim tempore. Ipsum quas maxime. Quae voluptatem mollitia non.'),
(189, 'N', 273, 53, 'Nostrum vel atque repellendus unde temporibus. Eos quod esse iure consectetur. Quibusdam eum id provident.'),
(190, 'N', 275, 57, 'Autem voluptatibus rerum.\nOmnis omnis veritatis.\nAliquam ipsum hic doloribus error. Magni autem similique repudiandae. Ex tempora corrupti unde voluptates repellat.'),
(191, 'W', 222, 18, 'Recusandae quam sunt. Suscipit atque tenetur accusamus placeat a deleniti.\nEum eos labore eaque. Architecto aspernatur atque perspiciatis reprehenderit sequi enim blanditiis.'),
(192, 'Q', 128, 86, 'Est iure expedita praesentium ut nemo veniam. Eum ipsam facere laborum quidem. Voluptates repudiandae accusantium odit voluptate at voluptatem.'),
(193, 'W', 202, 45, 'Dolorem animi totam asperiores odit necessitatibus laborum inventore. Enim voluptatibus fugit eveniet voluptate tempore.'),
(194, 'Z', 214, 63, 'Eius suscipit nemo fuga odio ipsum. Officia odit esse omnis. Incidunt numquam quas amet perferendis temporibus unde.'),
(195, 'R', 158, 83, 'Voluptatibus ut voluptates omnis porro quod. Veniam est doloribus illo. Reprehenderit rerum nemo nobis dolore dicta.'),
(196, 'W', 260, 14, 'Optio possimus perspiciatis eius itaque pariatur harum. Libero doloremque at mollitia harum. Laudantium laborum ullam voluptatibus consectetur aspernatur laborum.'),
(197, 'X', 122, 30, 'Recusandae magni aut sint. Temporibus corporis enim ab voluptas cupiditate ratione. Iste distinctio nihil fugiat facilis. Architecto alias ipsa sunt itaque atque.'),
(198, 'W', 166, 98, 'Adipisci est nobis excepturi omnis. Aperiam ut sit iusto. Ab porro odio possimus nostrum dolorum suscipit.\nQuo pariatur aliquam maiores nihil in.'),
(199, 'W', 125, 50, 'Quo iste inventore ab. Sit vel accusantium expedita eum facere ratione quidem.\nNesciunt perspiciatis impedit. Quaerat odit nisi modi quod veritatis inventore aperiam.'),
(200, 'J', 104, 15, 'Adipisci ratione ad officiis. Minima neque blanditiis perspiciatis. Impedit voluptates rerum sequi excepturi.');

-- --------------------------------------------------------

--
-- Estructura de tabla para la tabla `aula_mobiliario`
--

CREATE TABLE `aula_mobiliario` (
  `ID_Aula_Mobiliario` int(11) NOT NULL,
  `ID_Mobiliario` int(11) NOT NULL,
  `ID_Aula` int(11) NOT NULL
) ENGINE=InnoDB DEFAULT CHARSET=utf8mb4 COLLATE=utf8mb4_general_ci;

--
-- Volcado de datos para la tabla `aula_mobiliario`
--

INSERT INTO `aula_mobiliario` (`ID_Aula_Mobiliario`, `ID_Mobiliario`, `ID_Aula`) VALUES
(1, 293, 106),
(2, 122, 38),
(3, 173, 164),
(4, 259, 99),
(5, 289, 86),
(6, 35, 46),
(7, 224, 82),
(8, 65, 56),
(9, 241, 4),
(10, 274, 130),
(11, 153, 37),
(12, 256, 100),
(13, 47, 100),
(14, 178, 76),
(15, 236, 146),
(16, 236, 61),
(17, 103, 145),
(18, 113, 39),
(19, 256, 23),
(20, 29, 157),
(21, 280, 155),
(22, 84, 124),
(23, 29, 147),
(24, 114, 98),
(25, 21, 152),
(26, 18, 111),
(27, 207, 49),
(28, 153, 137),
(29, 235, 72),
(30, 162, 161),
(31, 213, 165),
(32, 282, 67),
(33, 188, 24),
(34, 117, 195),
(35, 69, 155),
(36, 46, 14),
(37, 97, 197),
(38, 210, 111),
(39, 277, 129),
(40, 269, 175),
(41, 150, 135),
(42, 105, 37),
(43, 19, 50),
(44, 34, 83),
(45, 214, 143),
(46, 71, 59),
(47, 228, 69),
(48, 45, 51),
(49, 274, 79),
(50, 80, 166),
(51, 79, 104),
(52, 237, 116),
(53, 144, 1),
(54, 206, 109),
(55, 142, 107),
(56, 147, 41),
(57, 8, 23),
(58, 144, 126),
(59, 70, 64),
(60, 12, 99),
(61, 7, 181),
(62, 20, 141),
(63, 92, 187),
(64, 129, 186),
(65, 223, 49),
(66, 50, 22),
(67, 107, 142),
(68, 159, 1),
(69, 170, 85),
(70, 74, 125),
(71, 248, 125),
(72, 233, 10),
(73, 47, 8),
(74, 174, 23),
(75, 62, 90),
(76, 174, 145),
(77, 296, 197),
(78, 289, 25),
(79, 98, 50),
(80, 109, 22),
(81, 212, 29),
(82, 15, 10),
(83, 2, 99),
(84, 59, 101),
(85, 225, 21),
(86, 44, 149),
(87, 200, 126),
(88, 87, 141),
(89, 265, 58),
(90, 170, 8),
(91, 265, 23),
(92, 118, 109),
(93, 70, 33),
(94, 233, 163),
(95, 66, 130),
(96, 214, 152),
(97, 117, 189),
(98, 225, 129),
(99, 291, 189),
(100, 191, 143),
(101, 95, 190),
(102, 235, 188),
(103, 257, 54),
(104, 187, 32),
(105, 116, 133),
(106, 251, 22),
(107, 168, 41),
(108, 250, 140),
(109, 81, 160),
(110, 70, 130),
(111, 84, 134),
(112, 174, 88),
(113, 122, 90),
(114, 143, 26),
(115, 293, 141),
(116, 279, 159),
(117, 244, 81),
(118, 71, 154),
(119, 105, 31),
(120, 173, 50),
(121, 269, 162),
(122, 54, 17),
(123, 104, 14),
(124, 50, 33),
(125, 144, 191),
(126, 263, 116),
(127, 99, 67),
(128, 266, 161),
(129, 61, 70),
(130, 38, 25),
(131, 187, 159),
(132, 185, 115),
(133, 213, 112),
(134, 63, 194),
(135, 288, 30),
(136, 54, 179),
(137, 283, 145),
(138, 191, 4),
(139, 109, 169),
(140, 254, 153),
(141, 5, 159),
(142, 17, 153),
(143, 159, 51),
(144, 127, 193),
(145, 55, 73),
(146, 79, 119),
(147, 11, 149),
(148, 147, 176),
(149, 250, 74),
(150, 200, 153),
(151, 74, 10),
(152, 63, 162),
(153, 256, 107),
(154, 171, 1),
(155, 203, 73),
(156, 218, 144),
(157, 87, 135),
(158, 58, 119),
(159, 67, 162),
(160, 253, 80),
(161, 95, 132),
(162, 292, 140),
(163, 12, 107),
(164, 188, 51),
(165, 76, 177),
(166, 290, 139),
(167, 44, 183),
(168, 57, 114),
(169, 163, 83),
(170, 41, 94),
(171, 45, 139),
(172, 41, 119),
(173, 30, 87),
(174, 150, 66),
(175, 100, 41),
(176, 246, 39),
(177, 138, 155),
(178, 252, 110),
(179, 13, 99),
(180, 119, 27),
(181, 203, 41),
(182, 282, 116),
(183, 162, 47),
(184, 162, 22),
(185, 216, 105),
(186, 128, 154),
(187, 84, 44),
(188, 113, 189),
(189, 81, 146),
(190, 294, 38),
(191, 199, 181),
(192, 250, 70),
(193, 63, 96),
(194, 38, 167),
(195, 94, 121),
(196, 238, 30),
(197, 239, 124),
(198, 90, 111),
(199, 187, 71),
(200, 4, 116),
(201, 106, 22),
(202, 82, 143),
(203, 276, 85),
(204, 34, 66),
(205, 215, 85),
(206, 40, 172),
(207, 114, 110),
(208, 212, 100),
(209, 262, 104),
(210, 106, 89),
(211, 272, 51),
(212, 85, 146),
(213, 207, 37),
(214, 139, 163),
(215, 23, 60),
(216, 235, 106),
(217, 77, 95),
(218, 253, 10),
(219, 18, 137),
(220, 38, 138),
(221, 116, 168),
(222, 261, 2),
(223, 75, 77),
(224, 254, 135),
(225, 21, 110),
(226, 250, 183),
(227, 235, 73),
(228, 126, 121),
(229, 180, 25),
(230, 80, 196),
(231, 178, 117),
(232, 231, 100),
(233, 109, 162),
(234, 277, 173),
(235, 121, 43),
(236, 67, 3),
(237, 14, 45),
(238, 18, 82),
(239, 170, 168),
(240, 83, 134),
(241, 52, 150),
(242, 223, 8),
(243, 117, 198),
(244, 242, 104),
(245, 63, 108),
(246, 212, 68),
(247, 134, 137),
(248, 249, 76),
(249, 234, 103),
(250, 83, 192),
(251, 210, 120),
(252, 217, 141),
(253, 252, 157),
(254, 84, 165),
(255, 140, 108),
(256, 251, 108),
(257, 139, 71),
(258, 180, 164),
(259, 38, 124),
(260, 4, 72),
(261, 2, 97),
(262, 201, 138),
(263, 267, 84),
(264, 127, 169),
(265, 155, 86),
(266, 126, 147),
(267, 23, 11),
(268, 101, 99),
(269, 111, 169),
(270, 164, 144),
(271, 35, 183),
(272, 257, 93),
(273, 8, 110),
(274, 238, 134),
(275, 88, 129),
(276, 89, 71),
(277, 242, 118),
(278, 116, 74),
(279, 253, 140),
(280, 299, 87),
(281, 229, 38),
(282, 116, 66),
(283, 42, 5),
(284, 235, 56),
(285, 200, 151),
(286, 28, 63),
(287, 127, 37),
(288, 204, 142),
(289, 226, 168),
(290, 73, 150),
(291, 181, 23),
(292, 197, 31),
(293, 140, 157),
(294, 34, 164),
(295, 82, 53),
(296, 192, 195),
(297, 165, 168),
(298, 32, 6),
(299, 57, 31),
(300, 71, 33),
(301, 282, 108),
(302, 41, 111),
(303, 277, 100),
(304, 208, 107),
(305, 169, 94),
(306, 215, 93),
(307, 181, 124),
(308, 198, 167),
(309, 144, 45),
(310, 107, 65),
(311, 137, 9),
(312, 160, 199),
(313, 101, 52),
(314, 58, 148),
(315, 194, 130),
(316, 48, 160),
(317, 184, 162),
(318, 95, 10),
(319, 10, 164),
(320, 206, 70),
(321, 290, 185),
(322, 132, 176),
(323, 50, 185),
(324, 28, 173),
(325, 229, 90),
(326, 212, 93),
(327, 254, 178),
(328, 97, 20),
(329, 6, 121),
(330, 254, 55),
(331, 134, 17),
(332, 53, 108),
(333, 61, 141),
(334, 122, 40),
(335, 72, 108),
(336, 89, 157),
(337, 166, 20),
(338, 51, 172),
(339, 126, 58),
(340, 174, 186),
(341, 133, 125),
(342, 101, 4),
(343, 1, 35),
(344, 224, 70),
(345, 286, 189),
(346, 89, 137),
(347, 46, 105),
(348, 289, 140),
(349, 131, 58),
(350, 29, 71),
(351, 42, 101),
(352, 66, 89),
(353, 44, 89),
(354, 235, 90),
(355, 200, 79),
(356, 206, 102),
(357, 118, 128),
(358, 89, 38),
(359, 242, 40),
(360, 258, 103),
(361, 212, 18),
(362, 90, 66),
(363, 286, 63),
(364, 122, 80),
(365, 91, 132),
(366, 212, 28),
(367, 37, 141),
(368, 127, 155),
(369, 257, 48),
(370, 298, 46),
(371, 100, 82),
(372, 89, 50),
(373, 190, 141),
(374, 243, 187),
(375, 231, 32),
(376, 239, 190),
(377, 298, 83),
(378, 14, 164),
(379, 137, 83),
(380, 56, 104),
(381, 73, 196),
(382, 224, 123),
(383, 229, 103),
(384, 278, 163),
(385, 181, 101),
(386, 151, 123),
(387, 55, 146),
(388, 26, 134),
(389, 82, 169),
(390, 24, 44),
(391, 289, 31),
(392, 257, 82),
(393, 237, 133),
(394, 248, 49),
(395, 11, 13),
(396, 48, 122),
(397, 109, 152),
(398, 200, 21),
(399, 24, 97),
(400, 6, 74);

-- --------------------------------------------------------

--
-- Estructura de tabla para la tabla `beca`
--

CREATE TABLE `beca` (
  `ID_Beca` int(11) NOT NULL,
  `Nombre` varchar(50) NOT NULL,
  `Tipo` varchar(50) NOT NULL,
  `Beneficios` text NOT NULL,
  `Duracion` varchar(50) NOT NULL,
  `Requsitos` text NOT NULL
) ENGINE=InnoDB DEFAULT CHARSET=utf8mb4 COLLATE=utf8mb4_general_ci;

--
-- Volcado de datos para la tabla `beca`
--

INSERT INTO `beca` (`ID_Beca`, `Nombre`, `Tipo`, `Beneficios`, `Duracion`, `Requsitos`) VALUES
(1, 'Esperanza Peralta', 'delectus', 'Sapiente quisquam totam rerum delectus cumque facere. Animi est possimus corporis doloribus. Temporibus beatae in cum.', 'Anual', 'Dolores at odio nesciunt neque nulla praesentium. Molestias aspernatur vero neque.\nDoloremque alias qui quod. Ut doloribus cumque cumque ab sit.\nAmet ex cumque illum accusamus ullam accusamus in.'),
(2, 'Lucas Sara Avilés', 'harum', 'Corporis non voluptatibus perspiciatis. Natus reprehenderit temporibus porro. Vel facilis facere mollitia aut.', 'Semestral', 'Quia officiis ducimus neque. Distinctio quisquam sapiente adipisci.\nNemo repellat aut aliquid. Ullam recusandae distinctio quod officia perspiciatis perspiciatis.'),
(3, 'Sr(a). Vicente Montero', 'deserunt', 'Explicabo quam culpa incidunt laudantium minima. Blanditiis officia quasi.', 'Bimestral', 'Itaque id atque quia. Quod odio quo deleniti doloribus fugiat commodi illum. Blanditiis tenetur nobis doloremque.'),
(4, 'Clara Roybal', 'inventore', 'Corrupti placeat aut exercitationem enim.\nSed id nulla itaque ipsam possimus dolores. Labore a error doloremque iusto. Labore et perspiciatis quisquam quisquam dicta odit cupiditate.', 'Semestral', 'Necessitatibus distinctio placeat ullam. Tempore minima molestiae. Nemo temporibus vero distinctio esse saepe earum.'),
(5, 'Ana María Lilia Salgado Perales', 'quaerat', 'Facilis nemo eligendi. Repellendus quam totam nihil iusto.\nDignissimos corporis provident assumenda accusamus.\nVitae blanditiis a aliquid commodi. Impedit accusamus tenetur.', 'Semestral', 'Architecto placeat vitae aperiam facere. Esse dolorem ea perferendis placeat earum accusantium.'),
(6, 'Camilo María del Carmen Pantoja Tafoya', 'impedit', 'Molestias vitae sapiente voluptates et. Dolor beatae saepe sequi.', 'Bimestral', 'Quo eveniet saepe nam illo. Dolores dolorum ipsam illo modi nobis iste odio.\nIusto occaecati numquam exercitationem quaerat cupiditate vero. Necessitatibus sunt cumque vero quos mollitia iusto.'),
(7, 'Norma Ozuna Sevilla', 'cum', 'Deserunt suscipit iure vitae nobis. Magni accusantium vel aspernatur unde dolorem aperiam voluptatem.\nDolor at quo vero delectus. Vero nam quod quia unde corporis. Nobis officiis autem.', 'Bimestral', 'Tempora eveniet nobis ex omnis at mollitia veniam. Ducimus alias illo id illo expedita dolor.\nRerum quas aperiam ipsam qui fugiat totam. Debitis quae harum nisi accusantium architecto.'),
(8, 'Porfirio Núñez Ruelas', 'quis', 'Aliquid corporis velit. Illum recusandae itaque illo incidunt minus quo tempore. Perspiciatis modi tempora quos doloremque blanditiis odit. Beatae odio modi deserunt debitis est.', 'Anual', 'In voluptate pariatur perferendis incidunt numquam cupiditate.\nSequi in voluptatibus incidunt maiores natus. Facere quia excepturi.'),
(9, 'Carlos Arroyo Terán', 'modi', 'Enim fugit recusandae dolor mollitia ab. Dignissimos quia quidem laudantium autem veritatis. Magni accusamus temporibus eum dignissimos magnam.', 'Semestral', 'Impedit facere quisquam. Nam delectus alias odio voluptatum animi cumque ex.'),
(10, 'Emiliano Carlota Bernal Galván', 'hic', 'Perspiciatis veritatis nostrum corrupti iste aliquam. Ad accusantium ducimus dolorum recusandae. Ipsum placeat optio dolorem eligendi tempora fugit. Commodi iste at.', 'Semestral', 'Amet rem veniam hic nihil amet. Exercitationem occaecati eaque hic. Officia quam rerum quidem doloribus animi tempore sunt. Deserunt pariatur corporis labore.'),
(11, 'Jacobo Zedillo', 'consequatur', 'Voluptatibus occaecati explicabo ipsa. Nihil impedit error illum laudantium nostrum dolorem. Tempora occaecati vero sit.', 'Semestral', 'Laborum illum et rem iure dolores autem perferendis. Ea cum adipisci.\nAut odit magnam sequi repellat. Soluta repudiandae libero pariatur eaque. Tempora soluta modi nisi ad.'),
(12, 'Francisca Wilfrido Jasso Velasco', 'blanditiis', 'Incidunt recusandae excepturi sed dicta laudantium.\nAnimi error dolorum officiis sint odio porro. Magni quis debitis occaecati. Minus reiciendis optio quaerat nobis.', 'Semestral', 'Expedita voluptate blanditiis quod quos quisquam animi. Animi accusamus eveniet impedit eius. Occaecati minima sed deleniti eaque error ducimus.'),
(13, 'Leonardo Heredia', 'magni', 'Saepe dolorem velit magnam odio eligendi a. Praesentium repudiandae neque sunt.\nDolore eaque consequatur nulla sequi autem voluptatibus deleniti. Impedit unde libero est.', 'Anual', 'Omnis repellat necessitatibus ut reprehenderit error molestias. Ratione quidem aliquid ipsa tempore reiciendis. Possimus nesciunt officiis sit officiis delectus dignissimos.'),
(14, 'Dr. Florencia Zamudio', 'placeat', 'Perspiciatis molestiae neque pariatur quam esse alias exercitationem. Repellendus quibusdam debitis inventore molestias quia possimus. Qui explicabo quos eius eveniet quam.', 'Bimestral', 'Ipsam fugit maiores. Accusamus libero soluta consequatur cum iusto ducimus.\nEarum laudantium iste repellat dicta. Alias fugiat ullam.\nNobis odit aspernatur eum at. Quae animi velit placeat saepe.'),
(15, 'Benito Concepción', 'vero', 'Debitis cupiditate voluptatibus doloremque. Necessitatibus quaerat debitis dolore.', 'Bimestral', 'Repellendus accusamus porro. Ratione ab quis nesciunt nisi hic. Excepturi reprehenderit consequatur impedit veniam.'),
(16, 'Miguel Alma Márquez', 'ullam', 'Veritatis mollitia labore modi. Aliquid suscipit omnis maxime consequuntur totam quam. Doloremque provident voluptatibus sed sequi amet aliquid.', 'Bimestral', 'Aliquid doloribus culpa dicta iure. Inventore architecto iusto magni eligendi id. In harum aspernatur ipsum maiores dignissimos aliquid.'),
(17, 'Mtro. Marcela Rivas', 'voluptas', 'Asperiores autem dolore quisquam libero optio. Harum recusandae aut quo ipsum officiis voluptatibus.\nExercitationem odit quaerat.\nIure eaque deserunt ducimus. Magni nobis quod iusto culpa.', 'Semestral', 'Eum saepe consequuntur. Quis ipsa illum blanditiis doloribus.'),
(18, 'Mario Eloy Galarza', 'reprehenderit', 'Mollitia cupiditate nesciunt modi quam pariatur voluptate ad. Atque autem officiis repellendus facere sapiente ab.', 'Bimestral', 'Nesciunt aliquid aut nam nemo optio. Iure odio dignissimos delectus quae expedita. Consequuntur quas fugit.\nMollitia porro eos id. Dolore necessitatibus amet corrupti nesciunt.'),
(19, 'Mtro. Horacio Guardado', 'eius', 'Blanditiis officiis ipsa assumenda voluptates quae accusantium. Harum accusantium maiores adipisci sit deleniti. Commodi debitis iste tempora.', 'Semestral', 'Itaque modi harum. Soluta quaerat error atque hic eum illo. Qui porro voluptatum voluptatibus totam impedit reprehenderit. Enim tempora placeat.'),
(20, 'Dr. Estela Patiño', 'aperiam', 'Repellat recusandae sequi sequi. Corporis numquam quidem sapiente quos. Est earum voluptas dolore magnam. Eius et iusto fugit distinctio quod.', 'Semestral', 'Iure ipsam recusandae saepe laborum facere libero temporibus. Harum quos incidunt at voluptatem earum.'),
(21, 'Gabriela Judith Canales Blanco', 'blanditiis', 'Cumque odit iste.\nOfficia quia enim qui occaecati. Eveniet laboriosam eos doloremque reprehenderit rem autem officia.', 'Anual', 'Ex ullam quaerat nostrum. Velit harum nam mollitia. Quasi deserunt animi perferendis repudiandae. Qui recusandae odio.'),
(22, 'Cynthia Beatriz Velázquez Galarza', 'ipsa', 'Corrupti cumque dignissimos doloremque et pariatur ipsam. Voluptatem nihil enim ad harum molestiae adipisci. Placeat eaque ab itaque possimus.', 'Anual', 'Quos ducimus quos ipsa. Dolores aut at sunt hic. Voluptas occaecati accusantium enim. Ducimus molestias molestiae hic ullam ea.'),
(23, 'Carla Salcido', 'officiis', 'Laboriosam totam vel magni cupiditate recusandae. Officiis animi autem repudiandae fugiat mollitia. Modi placeat earum sequi.', 'Anual', 'Suscipit veniam quas quod officiis error sapiente officia. Praesentium aperiam fugit cum aliquam odio blanditiis sit. Harum in molestiae quam recusandae magni.'),
(24, 'Ricardo Gerónimo Fuentes Brito', 'adipisci', 'Molestiae fugit reiciendis error repellat odio quidem. Similique eos modi. Provident cumque reiciendis exercitationem quidem voluptate.', 'Bimestral', 'Libero deleniti maxime cumque officia. Et cum molestiae ratione quibusdam. Repudiandae magnam beatae rerum nostrum numquam dolores.'),
(25, 'Olivia Mauro Olivo', 'optio', 'Tempora id provident nulla. Dignissimos temporibus voluptates delectus eos impedit.\nFuga neque perferendis eaque ratione laboriosam.', 'Semestral', 'Doloribus quae nam. Dolorem dolor repellendus explicabo.\nUt id quidem ratione eum maiores. Blanditiis impedit eligendi totam minima molestiae placeat.'),
(26, 'Pascual Conchita Baca', 'dolorum', 'Cum eaque illo fugit nostrum perspiciatis quis.\nTempora doloremque exercitationem quos. Ab odit a repellendus ipsa.', 'Semestral', 'Maiores quidem est officiis laboriosam necessitatibus vitae.\nNatus tempore laudantium corrupti. Quae nobis voluptate delectus ullam.'),
(27, 'Victoria Leonor Gracia', 'eaque', 'Necessitatibus sint at dicta odit magnam esse. Nam distinctio ut voluptates architecto.\nVelit itaque accusantium omnis. Doloremque earum delectus reiciendis error officiis veniam.', 'Anual', 'Iste ipsa laudantium exercitationem fugit consequuntur quidem.\nOdio fuga repellat consequuntur. Animi aut voluptas aperiam nemo voluptatibus. Necessitatibus animi quisquam voluptate officiis velit.'),
(28, 'Micaela Barbara Leyva', 'adipisci', 'Beatae exercitationem deleniti qui. Iste nostrum nostrum totam odio. Totam deserunt harum veniam.', 'Bimestral', 'Sapiente porro libero fugiat voluptates sed quibusdam.\nPariatur asperiores tempore magni doloremque fuga. Minus molestias iusto et.'),
(29, 'Nelly Ana Jaramillo de la Garza', 'velit', 'Ratione quia nam atque iste. Doloribus assumenda ea inventore. Perspiciatis quos accusantium.', 'Bimestral', 'Molestias aliquam deserunt tenetur voluptatem amet. Quod vel ad quia. Odit inventore dolorum.'),
(30, 'Federico Bruno Gamez Perales', 'facere', 'Odit doloribus aspernatur nostrum cum illo. Labore possimus placeat fuga delectus deserunt adipisci. Eos commodi quisquam esse cupiditate dolor libero voluptatum.', 'Semestral', 'Deleniti rerum quas aliquid sit saepe ipsum quo. Hic aut perspiciatis aspernatur voluptates nihil neque. Et minima maxime minima molestias nulla.\nAt qui recusandae.'),
(31, 'Guillermo Dalia Torres', 'distinctio', 'Facilis repellat quo est esse corrupti eligendi. Porro veniam nobis praesentium doloribus hic.\nUllam voluptatibus itaque debitis. Et rem optio quia.\nMolestias non quas laborum debitis iste in.', 'Bimestral', 'Facilis harum porro voluptatibus. Minus voluptates provident praesentium totam eveniet. Labore culpa culpa veritatis blanditiis enim.'),
(32, 'Mtro. Beatriz Botello', 'quisquam', 'Tempora enim porro hic harum. Sit facilis nostrum. Ut doloribus voluptatibus natus omnis.', 'Anual', 'Corporis harum porro magni facilis nostrum. Modi debitis voluptatum eum. Id unde quia provident quibusdam officiis dolore pariatur.'),
(33, 'Dr. Luis Miguel Miranda', 'ea', 'Odit dolorum corporis quaerat eveniet non beatae. Ipsam excepturi fuga assumenda esse reprehenderit. Nihil voluptates quasi blanditiis voluptatibus omnis ipsum.', 'Anual', 'Dolores molestias enim voluptatem provident perferendis voluptatibus. Vero animi provident praesentium nostrum natus consequatur. Sunt vel perspiciatis aspernatur cum.'),
(34, 'Nayeli Homero Bustamante', 'nemo', 'Nisi temporibus sint facere. Doloribus porro laboriosam.\nCum quas aliquam numquam cum cum. Minima aperiam ratione culpa totam est.', 'Semestral', 'Doloribus suscipit quasi ipsum expedita esse doloribus. Totam commodi velit. Sunt earum asperiores odio quo. Nesciunt nulla dolorem labore.'),
(35, 'Diego Valentín', 'necessitatibus', 'Dolor ratione sed dignissimos facilis.\nCumque eum fugiat dolorum sapiente ullam. Dolorem voluptatibus nulla.', 'Semestral', 'Quam nulla dolore inventore saepe maxime. Odit occaecati delectus officia.'),
(36, 'Gregorio Humberto Anguiano', 'at', 'Deleniti vitae quibusdam officia dolorem itaque. Dolores itaque quibusdam harum quasi. Quos odit assumenda libero.', 'Semestral', 'Omnis veniam temporibus voluptas odio omnis. Dolores quisquam modi blanditiis placeat inventore officia. Maiores error libero fugiat.'),
(37, 'Dr. Bianca Roque', 'iure', 'Nulla repudiandae sed quo amet. Magni voluptas nihil ullam explicabo. Magnam reprehenderit et necessitatibus consequuntur laudantium laudantium. Incidunt aspernatur quae modi.', 'Semestral', 'Exercitationem explicabo ut tempore corporis ipsum. Provident laboriosam tempora non suscipit delectus.'),
(38, 'Paola Patricio Carrión', 'a', 'Nulla nihil mollitia. In ipsa porro amet.\nPlaceat mollitia quas nemo dolorum vitae facere. Blanditiis id expedita harum sunt. Voluptatibus exercitationem pariatur voluptatum excepturi quae.', 'Bimestral', 'Molestiae ab eos. Nobis magnam veniam atque velit est.\nAliquam dolorem consequuntur aut quasi perspiciatis. Iste voluptate eum dolorem. Maiores maxime ea voluptas accusamus aliquam.'),
(39, 'Dr. Karla Díaz', 'laborum', 'Eligendi sint temporibus quos. Praesentium illum expedita non ipsam soluta.\nNam unde nulla vero expedita tempora. Nostrum eligendi vitae rem.', 'Bimestral', 'Eaque quibusdam aliquam molestias fugiat illo ut alias. Ad eos quidem unde ipsum autem.'),
(40, 'Ana Rodríquez Longoria', 'fugit', 'Ducimus laudantium quae distinctio. Ut architecto temporibus dolore quibusdam temporibus. Aliquid excepturi voluptatum iusto. Odio recusandae ratione ex earum facilis nulla.', 'Semestral', 'Doloremque aliquam minus repellendus quo. Quasi consequuntur voluptatem quis facere. Distinctio saepe fugit dolor magni occaecati.'),
(41, 'Norma Amador Villegas Hinojosa', 'neque', 'Dolorum maxime molestias expedita. Enim omnis asperiores perspiciatis molestiae aliquam.\nExplicabo quidem libero ullam provident quos.', 'Semestral', 'Error debitis consectetur corrupti laboriosam earum necessitatibus. Consequuntur saepe laudantium voluptatibus adipisci repudiandae.'),
(42, 'Mtro. Antonio Valadez', 'exercitationem', 'Quas nemo aperiam ratione omnis. Fugit nulla quibusdam esse.\nMinima ea adipisci officiis. Quia esse quidem soluta neque reiciendis iusto.\nQuas et dolore rerum repudiandae facere.', 'Semestral', 'Earum vitae accusantium consectetur architecto porro cum. Fugit aut quisquam dolores optio. Vel ab quam commodi officia minus.'),
(43, 'Silvano Eloy Nieto', 'voluptatibus', 'Esse aliquam ipsa ipsam iure saepe. Nostrum laboriosam animi libero alias iusto ipsum. Doloremque quod dignissimos nemo fugit repellat.', 'Semestral', 'Eius ad qui fugit occaecati perferendis consectetur ex. Maiores itaque esse nulla quidem mollitia itaque. Consequatur aut velit ullam dignissimos maiores ipsam.'),
(44, 'Rafaél Galván Piña', 'quasi', 'Doloribus architecto et fugiat itaque. Nostrum itaque itaque quis laboriosam deleniti. Cupiditate quod eos. At explicabo ex quia ab doloremque modi.', 'Anual', 'Natus totam deleniti atque. Veritatis rerum reiciendis tenetur.\nCorrupti blanditiis dicta vitae quibusdam voluptatum. Error incidunt similique cum amet quae neque.'),
(45, 'Perla Olivia Carmona', 'quidem', 'Veritatis amet nisi repellat. Animi vel et aliquid nulla explicabo assumenda.\nHic et earum reiciendis vero quia quis. Delectus ea est nihil consequatur velit fugiat.', 'Anual', 'Cumque illo accusantium magnam illum. Impedit ratione reiciendis nisi.\nMagni repellat labore reiciendis nisi minus. Animi eius fuga.'),
(46, 'César Prado Olivas', 'earum', 'Molestiae eligendi quae. Consectetur voluptatibus dignissimos perspiciatis unde.\nAtque harum rem. Consequatur esse nostrum perferendis provident recusandae. Eligendi soluta aperiam.', 'Bimestral', 'Totam voluptate ipsa corrupti voluptates modi. Iure quae expedita odit quod deleniti quos. Facilis facere quo aspernatur debitis eius aliquid. Harum sunt odit tempora ipsa ullam.'),
(47, 'Julio Colunga', 'asperiores', 'Eum sequi suscipit fugiat. Vitae optio quaerat optio. Nam iusto et consequatur incidunt modi aliquam.', 'Semestral', 'Quis aperiam maxime ipsam. Voluptate quae aliquid nulla deserunt iure. Quibusdam odit in doloremque perspiciatis non.'),
(48, 'Dr. Pamela Cepeda', 'autem', 'Suscipit rem a optio impedit perferendis. Nobis veritatis delectus mollitia dignissimos dolores.\nDeleniti ab vel facilis animi id. Ea blanditiis provident impedit.', 'Bimestral', 'Impedit numquam ex voluptates. Consectetur incidunt doloribus laboriosam est.\nAutem nihil est illo placeat ut suscipit maiores. Sint quod libero tenetur dolor itaque quos excepturi.'),
(49, 'Vanesa Rivas Alcaraz', 'nemo', 'Beatae sit quidem dolore. Sunt nostrum veritatis molestiae rem. Corporis fugiat qui qui perferendis expedita.', 'Semestral', 'Dicta molestias enim id veniam corrupti. Officia deleniti illo molestiae maxime. Neque veniam incidunt sit facilis eveniet.'),
(50, 'Sr(a). Hernán Gaona', 'officiis', 'Quisquam velit deserunt odit sint pariatur. Ipsam aspernatur quae dolorum iste ipsum.\nQuasi inventore hic similique perspiciatis occaecati atque doloribus. Voluptas libero perspiciatis quidem.', 'Anual', 'Itaque maiores porro laboriosam nam quo. Nulla laudantium corporis iure dolorem ea autem. Nobis modi beatae sed ipsam occaecati explicabo.');

-- --------------------------------------------------------

--
-- Estructura de tabla para la tabla `beca_alumno`
--

CREATE TABLE `beca_alumno` (
  `ID_Beca_Alumno` int(11) NOT NULL,
  `ID_Beca` int(11) NOT NULL,
  `NoControl_Alumno` varchar(8) NOT NULL,
  `FechaInicio` date NOT NULL,
  `FechaFinal` date DEFAULT NULL
) ENGINE=InnoDB DEFAULT CHARSET=utf8mb4 COLLATE=utf8mb4_general_ci;

--
-- Volcado de datos para la tabla `beca_alumno`
--

INSERT INTO `beca_alumno` (`ID_Beca_Alumno`, `ID_Beca`, `NoControl_Alumno`, `FechaInicio`, `FechaFinal`) VALUES
(1, 21, '19TQ5831', '2018-03-27', NULL),
(2, 42, '97MY7903', '2014-06-29', '2016-05-26'),
(3, 17, '06TG5783', '2023-10-27', NULL),
(4, 21, '99UX8447', '2012-12-03', NULL),
(5, 47, '54HS4839', '2008-09-13', '2012-05-17'),
(6, 7, '61WG4586', '2005-02-24', NULL),
(7, 5, '46VM3561', '2017-06-14', '2018-06-08'),
(8, 10, '49CF4395', '2024-01-16', '2024-04-04'),
(9, 44, '53RF3860', '2006-08-16', NULL),
(10, 5, '27LX6727', '2021-02-04', '2023-12-14'),
(11, 24, '77BF8449', '2019-01-24', '2022-08-05'),
(12, 44, '94UI0330', '2011-03-11', NULL),
(13, 14, '94UI0330', '2011-07-02', '2021-10-24'),
(14, 42, '34MC4909', '2022-11-29', '2023-02-25'),
(15, 50, '43UN7413', '2020-03-15', NULL),
(16, 39, '50PP4370', '2021-08-04', '2024-10-16'),
(17, 12, '46XK7304', '2011-09-17', NULL),
(18, 34, '60PI4188', '2019-04-16', '2023-05-12'),
(19, 48, '25MC3793', '2023-04-12', NULL),
(20, 41, '65PJ8580', '2009-01-31', NULL),
(21, 21, '13GX6573', '2023-05-25', NULL),
(22, 39, '03RC0143', '2023-09-17', '2024-07-14'),
(23, 18, '59RL9112', '2006-09-17', '2021-10-14'),
(24, 48, '82JP7480', '2021-11-26', '2024-07-13'),
(25, 47, '89MG6962', '2005-02-08', NULL),
(26, 5, '50PP4370', '2017-01-19', NULL),
(27, 35, '54FB7283', '2020-06-06', NULL),
(28, 8, '33QB2164', '2013-03-20', NULL),
(29, 19, '54FB7283', '2022-05-01', NULL),
(30, 13, '39VP9278', '2021-08-23', '2025-01-07'),
(31, 31, '78XY9922', '2009-08-13', NULL),
(32, 17, '97MY7903', '2005-02-21', NULL),
(33, 17, '94UI0330', '2017-08-14', '2023-01-19'),
(34, 3, '94UI0330', '2007-12-07', NULL),
(35, 8, '25NS5411', '2004-04-06', '2008-01-18'),
(36, 28, '25NS5411', '2013-12-02', NULL),
(37, 32, '34MC4909', '2006-01-09', NULL),
(38, 7, '94UI0330', '2023-07-04', NULL),
(39, 47, '25MC3793', '2006-07-05', NULL),
(40, 33, '60LF3292', '2016-02-25', NULL),
(41, 44, '97MY7903', '2012-02-26', '2012-05-31'),
(42, 5, '61BE3603', '2006-09-11', NULL),
(43, 33, '63FX5143', '2022-12-05', NULL),
(44, 42, '35KN2523', '2004-09-01', '2014-03-18'),
(45, 48, '03RC0143', '2010-06-13', NULL),
(46, 20, '44FU0399', '2020-01-05', NULL),
(47, 33, '21PF9183', '2012-09-14', NULL),
(48, 1, '80QE2191', '2011-08-14', NULL),
(49, 33, '31RC5702', '2023-11-03', NULL),
(50, 35, '73AJ8606', '2018-02-12', '2019-05-01'),
(51, 17, '34HX2371', '2015-06-27', '2015-07-18'),
(52, 33, '43UN7413', '2009-12-25', NULL),
(53, 40, '39VP9278', '2023-01-17', '2024-04-10'),
(54, 24, '98YS9997', '2023-10-16', '2024-03-31'),
(55, 2, '76AE4606', '2012-01-16', '2015-11-06'),
(56, 10, '09FA1846', '2020-05-13', NULL),
(57, 11, '35KN2523', '2014-05-22', '2017-03-19'),
(58, 42, '86QL8367', '2020-12-17', '2023-07-25'),
(59, 31, '98YS9997', '2023-09-01', NULL),
(60, 30, '32GT2424', '2015-04-23', '2017-07-06'),
(61, 29, '86BJ1221', '2012-09-28', NULL),
(62, 1, '46XK7304', '2014-03-22', NULL),
(63, 37, '76AE4606', '2006-09-11', '2024-09-20'),
(64, 30, '20JH1744', '2011-08-02', NULL),
(65, 24, '40YR2349', '2018-04-22', NULL),
(66, 4, '63AS9071', '2018-01-25', NULL),
(67, 11, '55SF0908', '2020-02-25', NULL),
(68, 21, '04TD9565', '2015-05-15', NULL),
(69, 24, '94UI0330', '2024-01-18', NULL),
(70, 31, '14ET6753', '2005-06-22', '2006-04-11'),
(71, 15, '95XO6978', '2007-04-19', '2021-03-20'),
(72, 41, '89LS8809', '2014-09-06', NULL),
(73, 36, '70SO8844', '2016-07-07', NULL),
(74, 21, '77BF8449', '2014-02-16', '2020-08-28'),
(75, 14, '60PI4188', '2006-11-11', '2022-04-09'),
(76, 12, '60PI4188', '2016-11-08', NULL),
(77, 35, '10BM0122', '2021-10-11', '2024-12-23'),
(78, 26, '50QI9918', '2017-05-03', '2017-12-20'),
(79, 48, '82RC4556', '2010-08-26', NULL),
(80, 24, '32GT2424', '2006-10-24', NULL),
(81, 11, '29LY5279', '2006-02-19', '2023-03-05'),
(82, 38, '48FL0018', '2008-03-13', '2012-07-18'),
(83, 46, '09FA1846', '2014-06-08', '2021-08-23'),
(84, 23, '18DF2919', '2022-07-05', '2024-05-27'),
(85, 38, '19TQ5831', '2018-06-20', '2020-11-27'),
(86, 25, '04TD9565', '2023-10-26', NULL),
(87, 27, '63AS9071', '2024-01-01', NULL),
(88, 41, '13GX6573', '2017-04-28', '2021-04-11'),
(89, 26, '86QL8367', '2009-09-08', '2018-03-30'),
(90, 1, '31RC5702', '2006-08-07', NULL),
(91, 38, '29LY5279', '2005-11-13', NULL),
(92, 42, '30HA9209', '2014-04-21', '2014-10-29'),
(93, 46, '31OZ9989', '2013-03-17', NULL),
(94, 24, '59RL9112', '2017-06-28', '2022-01-15'),
(95, 2, '18DF2919', '2006-10-20', '2012-02-02'),
(96, 42, '18DF2919', '2006-11-09', '2010-08-19'),
(97, 18, '70SO8844', '2006-06-18', '2007-03-01'),
(98, 4, '63FX5143', '2023-10-12', NULL),
(99, 10, '94UI0330', '2009-10-27', '2014-06-01'),
(100, 38, '99UX8447', '2014-09-02', '2019-12-15');

-- --------------------------------------------------------

--
-- Estructura de tabla para la tabla `calificacion`
--

CREATE TABLE `calificacion` (
  `ID_Evalucacion` int(11) NOT NULL,
  `Acreditacion` tinyint(1) NOT NULL,
  `Puntuacion` int(11) NOT NULL,
  `Clave_Curso` varchar(4) NOT NULL,
  `NoControl_Alumno` varchar(8) NOT NULL,
  `ID_Estatus_Estatus` int(11) NOT NULL
) ENGINE=InnoDB DEFAULT CHARSET=utf8mb4 COLLATE=utf8mb4_general_ci;

--
-- Volcado de datos para la tabla `calificacion`
--

INSERT INTO `calificacion` (`ID_Evalucacion`, `Acreditacion`, `Puntuacion`, `Clave_Curso`, `NoControl_Alumno`, `ID_Estatus_Estatus`) VALUES
(1, 0, 34, '3da8', '10BM0122', 5),
(2, 1, 61, '4286', '76AE4606', 8),
(3, 0, 8, 'c7d0', '73AJ8606', 24),
(4, 1, 42, '1fce', '65PJ8580', 20),
(5, 1, 56, 'd005', '42TI9379', 17),
(6, 0, 100, 'b9db', '06TG5783', 24),
(7, 1, 39, '1653', '93IE8601', 5),
(8, 0, 25, '65f2', '90GI3829', 25),
(9, 0, 60, '8935', '82RC4556', 14),
(10, 1, 79, '27df', '39VP9278', 15),
(11, 0, 95, '29c8', '34MC4909', 30),
(12, 1, 6, '156b', '39VP9278', 24),
(13, 0, 48, 'a4c7', '90TZ2502', 7),
(14, 1, 0, '9704', '95DH5376', 4),
(15, 0, 77, 'f860', '13GX6573', 20),
(16, 1, 78, 'b8ea', '44FU0399', 29),
(17, 0, 43, '61a3', '97MY7903', 8),
(18, 0, 89, '362e', '93IE8601', 4),
(19, 1, 51, 'f232', '54FB7283', 17),
(20, 0, 72, 'e7f3', '19TQ5831', 22),
(21, 0, 76, 'a466', '10BM0122', 26),
(22, 1, 46, 'cd60', '19TQ5831', 6),
(23, 0, 33, '8f42', '65PJ8580', 24),
(24, 1, 97, 'ff78', '89FW4755', 30),
(25, 1, 5, '1b4e', '35KN2523', 18),
(26, 1, 57, 'a466', '34HX2371', 3),
(27, 0, 7, 'a51b', '90UZ5358', 23),
(28, 0, 21, '24ec', '10BM0122', 11),
(29, 1, 98, 'd692', '27ZU1389', 11),
(30, 1, 67, '786e', '34EF1483', 18),
(31, 1, 35, '1342', '98ZC3039', 24),
(32, 0, 14, '2462', '27ZU1389', 18),
(33, 1, 47, '7706', '20JH1744', 12),
(34, 1, 38, 'efeb', '59RL9112', 12),
(35, 0, 43, 'bf95', '89MG6962', 20),
(36, 1, 32, '81e0', '78XY9922', 2),
(37, 0, 38, '3da8', '02DS0458', 19),
(38, 1, 80, '842f', '95XO6978', 17),
(39, 0, 38, 'cb82', '89FW4755', 26),
(40, 0, 0, 'afe5', '27ZU1389', 28),
(41, 0, 71, '1488', '35LR5617', 3),
(42, 0, 33, 'caa8', '82JP7480', 4),
(43, 1, 34, '3d6b', '50QI9918', 2),
(44, 1, 20, '3bc4', '90UZ5358', 9),
(45, 1, 81, 'c888', '43AK4528', 27),
(46, 1, 51, '27df', '10BM0122', 20),
(47, 1, 31, '5fd8', '34EF1483', 3),
(48, 1, 87, '1488', '40HL1594', 26),
(49, 1, 11, '683a', '43UN7413', 4),
(50, 0, 59, '4656', '24EM3749', 7),
(51, 0, 36, '5960', '24EM3749', 24),
(52, 1, 10, '29ea', '59RL9112', 12),
(53, 0, 73, 'da35', '82JP7480', 9),
(54, 1, 48, '7c6f', '48FL0018', 15),
(55, 1, 60, '136f', '01BD4854', 23),
(56, 1, 87, '4315', '24EM3749', 2),
(57, 1, 95, 'a466', '99UX8447', 4),
(58, 1, 74, '27df', '54FB7283', 4),
(59, 1, 61, '33ac', '89LS8809', 25),
(60, 1, 15, '0106', '50QI9918', 18),
(61, 1, 7, '46f6', '49CF4395', 27),
(62, 0, 25, '2f33', '35LR5617', 17),
(63, 0, 15, '3b50', '46XK7304', 8),
(64, 0, 71, '136f', '44FU0399', 8),
(65, 0, 28, '4315', '88KW9350', 1),
(66, 0, 48, '431d', '21PF9183', 18),
(67, 1, 26, '61a3', '90TZ2502', 21),
(68, 1, 66, '2462', '68PQ8052', 10),
(69, 1, 96, '5fd8', '27LX6727', 18),
(70, 1, 46, '9ee4', '21PF9183', 9),
(71, 0, 0, '05ba', '43AK4528', 14),
(72, 0, 50, '4e26', '32GT2424', 7),
(73, 0, 44, '7425', '14ET6753', 4),
(74, 0, 68, 'a4c7', '63FX5143', 20),
(75, 1, 8, 'e507', '41UC2231', 9),
(76, 1, 35, '538a', '76AE4606', 28),
(77, 0, 6, '5286', '09KG7755', 23),
(78, 1, 98, 'b9db', '48FL0018', 28),
(79, 0, 51, 'b3c5', '09FA1846', 6),
(80, 1, 23, '2783', '14ET6753', 29),
(81, 1, 99, 'e7f3', '40YR2349', 16),
(82, 1, 46, '23dd', '82RC4556', 26),
(83, 1, 69, 'da35', '49CF4395', 24),
(84, 0, 68, 'efcf', '35LR5617', 21),
(85, 0, 87, 'babf', '99JX5897', 5),
(86, 1, 19, 'cea8', '40GT4434', 26),
(87, 1, 59, 'f163', '19TQ5831', 19),
(88, 0, 42, 'd513', '35LR5617', 4),
(89, 0, 57, '4e2f', '57EG2574', 25),
(90, 0, 41, '81e0', '99JX5897', 18),
(91, 1, 94, 'd133', '02DS0458', 29),
(92, 0, 13, 'd114', '25NS5411', 23),
(93, 0, 81, '786e', '43UN7413', 13),
(94, 0, 8, '1472', '91TU0587', 29),
(95, 1, 52, '716e', '25NS5411', 7),
(96, 0, 70, '527e', '41UC2231', 23),
(97, 0, 35, 'efed', '25MC3793', 1),
(98, 1, 24, '4191', '90TZ2502', 3),
(99, 0, 1, '8690', '59RL9112', 20),
(100, 1, 84, '7f1c', '99UX8447', 11),
(101, 1, 52, '65f2', '95DH5376', 15),
(102, 1, 28, '26c7', '59RL9112', 28),
(103, 1, 33, '352d', '43AK4528', 26),
(104, 0, 71, '27df', '57EG2574', 20),
(105, 1, 39, '136f', '89FW4755', 27),
(106, 1, 75, '527e', '50QI9918', 4),
(107, 0, 22, 'a4c7', '57EG2574', 24),
(108, 0, 22, '1f4e', '25NS5411', 6),
(109, 0, 7, '2462', '29LY5279', 12),
(110, 0, 78, '1fce', '98ZC3039', 30),
(111, 1, 67, 'c7d0', '19TQ5831', 11),
(112, 1, 99, '3bc4', '53RF3860', 30),
(113, 1, 62, '3f07', '53RF3860', 23),
(114, 0, 56, 'ba33', '59RL9112', 18),
(115, 0, 17, '0bb9', '25MC3793', 22),
(116, 1, 61, '538a', '09FA1846', 28),
(117, 1, 2, 'a466', '10BM0122', 1),
(118, 1, 37, '4286', '54HS4839', 20),
(119, 1, 57, '81e0', '53RF3860', 27),
(120, 1, 92, '534a', '80QE2191', 10),
(121, 0, 97, 'ab8c', '40HL1594', 16),
(122, 1, 7, '5efd', '57EG2574', 1),
(123, 0, 20, '9577', '44FU0399', 29),
(124, 1, 22, '1488', '55SF0908', 11),
(125, 0, 21, 'efcf', '40HL1594', 13),
(126, 1, 29, '985e', '76AE4606', 24),
(127, 0, 46, 'b620', '44FU0399', 6),
(128, 1, 24, '7425', '70SO8844', 30),
(129, 1, 61, 'b247', '29LY5279', 22),
(130, 0, 22, 'b50d', '91TU0587', 28),
(131, 0, 10, 'd692', '99UX8447', 2),
(132, 0, 15, '716e', '49CF4395', 26),
(133, 0, 72, 'c078', '32GT2424', 19),
(134, 0, 59, '5de1', '94UI0330', 9),
(135, 0, 11, '534a', '02DS0458', 23),
(136, 1, 61, '8690', '86QL8367', 3),
(137, 0, 34, '26c7', '42TI9379', 16),
(138, 1, 61, 'bf1a', '02DS0458', 21),
(139, 0, 76, '0365', '14ET6753', 11),
(140, 1, 40, 'f232', '54FB7283', 25),
(141, 0, 49, '590c', '95XO6978', 6),
(142, 1, 29, 'd994', '90TZ2502', 4),
(143, 1, 38, 'd114', '40GT4434', 22),
(144, 1, 68, 'ab8c', '90TZ2502', 24),
(145, 1, 98, '5383', '94UI0330', 24),
(146, 0, 51, 'a265', '34MC4909', 10),
(147, 0, 3, 'd994', '83NH1424', 7),
(148, 1, 61, 'ab8c', '78XY9922', 13),
(149, 1, 8, '090e', '89MG6962', 22),
(150, 1, 4, '4a63', '61WG4586', 13),
(151, 1, 95, '9577', '88KW9350', 22),
(152, 0, 51, '3852', '57EG2574', 1),
(153, 0, 65, '6970', '43AK4528', 24),
(154, 1, 1, '412e', '39VP9278', 4),
(155, 0, 28, '4e26', '31OZ9989', 17),
(156, 0, 100, '4e26', '50QI9918', 14),
(157, 0, 71, '5d8f', '89FW4755', 17),
(158, 0, 16, '65a2', '83NH1424', 21),
(159, 0, 96, 'ab8c', '83NH1424', 30),
(160, 0, 24, '527e', '25NS5411', 20),
(161, 0, 24, '362e', '30HA9209', 19),
(162, 0, 74, '81e0', '78NW4307', 30),
(163, 1, 15, 'd133', '06TG5783', 29),
(164, 0, 17, 'd513', '04MB8674', 21),
(165, 0, 35, 'd677', '04MB8674', 19),
(166, 1, 45, '3bc4', '99UX8447', 16),
(167, 1, 68, 'a3ad', '99JX5897', 18),
(168, 0, 87, 'afe5', '33QB2164', 13),
(169, 0, 6, '29ea', '98ZC3039', 15),
(170, 1, 11, '95a4', '54HS4839', 19),
(171, 1, 97, '8983', '63FX5143', 9),
(172, 0, 62, '8983', '65PJ8580', 8),
(173, 0, 84, 'b776', '57EG2574', 20),
(174, 1, 57, '352d', '30HA9209', 29),
(175, 0, 89, 'cb45', '43AK4528', 1),
(176, 0, 49, '3bd7', '09FA1846', 9),
(177, 1, 11, '3b50', '95DH5376', 14),
(178, 1, 86, '46f6', '68PQ8052', 22),
(179, 0, 67, '7c6f', '60PI4188', 30),
(180, 1, 18, '9f5c', '99JX5897', 19),
(181, 0, 58, '4656', '50QI9918', 13),
(182, 0, 98, '65f2', '54HS4839', 9),
(183, 1, 30, '54e0', '33QB2164', 19),
(184, 0, 52, '5de1', '43AK4528', 24),
(185, 1, 58, '1f87', '09FA1846', 17),
(186, 0, 32, '3852', '50QI9918', 4),
(187, 1, 55, '683a', '80QE2191', 23),
(188, 1, 97, '156b', '80QE2191', 3),
(189, 1, 56, 'f232', '55SF0908', 8),
(190, 1, 95, 'bf95', '76AE4606', 11),
(191, 0, 42, 'c0fe', '43AK4528', 27),
(192, 1, 34, '9200', '27LX6727', 2),
(193, 0, 97, 'bf1a', '45RV9629', 22),
(194, 1, 15, 'a3ad', '46VM3561', 27),
(195, 1, 6, '8f42', '73AJ8606', 19),
(196, 1, 68, '921a', '42TI9379', 12),
(197, 0, 60, 'babf', '73AJ8606', 17),
(198, 0, 61, '5383', '02DS0458', 17),
(199, 1, 67, '4191', '22NZ7522', 9),
(200, 0, 9, 'caa8', '63FX5143', 30);

-- --------------------------------------------------------

--
-- Estructura de tabla para la tabla `certificacion_alumno`
--

CREATE TABLE `certificacion_alumno` (
  `ID_Certificacion_Alumno` int(11) NOT NULL,
  `FechaInicio` date NOT NULL,
  `FechaFin` date NOT NULL,
  `Observaciones` text DEFAULT NULL,
  `ID_Certificado` int(11) NOT NULL,
  `NoControl_Alumno` varchar(8) NOT NULL,
  `ID_Estatus` int(11) NOT NULL
) ENGINE=InnoDB DEFAULT CHARSET=utf8mb4 COLLATE=utf8mb4_general_ci;

--
-- Volcado de datos para la tabla `certificacion_alumno`
--

INSERT INTO `certificacion_alumno` (`ID_Certificacion_Alumno`, `FechaInicio`, `FechaFin`, `Observaciones`, `ID_Certificado`, `NoControl_Alumno`, `ID_Estatus`) VALUES
(1, '2006-05-27', '2007-05-23', 'Odio ipsam quidem amet. Molestias in illo officiis vel. Voluptatibus accusamus modi libero vitae pariatur voluptas.', 27, '60LF3292', 9),
(2, '2021-09-12', '2023-12-02', 'Velit velit ipsum vero et voluptatibus beatae. Expedita molestias consequatur est asperiores libero aliquid. Est modi perferendis ratione vitae voluptatem fugit.', 15, '02DS0458', 16),
(3, '2022-12-19', '2022-12-20', NULL, 9, '90GI3829', 11),
(4, '2010-08-03', '2015-08-08', NULL, 14, '55SF0908', 29),
(5, '2008-05-21', '2019-02-03', NULL, 37, '46VM3561', 30),
(6, '2009-04-12', '2013-02-23', NULL, 18, '09KG7755', 8),
(7, '2007-07-04', '2015-07-02', 'Mollitia tempora ut. Necessitatibus doloremque sint asperiores nisi.\nFacere saepe repellat omnis porro. Delectus totam velit pariatur blanditiis ratione. Eos non officiis rem aliquam unde.', 27, '01BD4854', 24),
(8, '2015-11-05', '2018-11-25', NULL, 47, '31RC5702', 8),
(9, '2023-09-27', '2023-11-08', NULL, 2, '57EG2574', 30),
(10, '2009-06-04', '2017-12-21', NULL, 22, '70SO8844', 15),
(11, '2013-05-21', '2015-07-13', NULL, 27, '95DH5376', 16),
(12, '2020-08-07', '2022-02-22', NULL, 28, '61WG4586', 17),
(13, '2010-01-09', '2013-06-21', 'Neque ducimus natus quaerat. Minus tempora itaque nam eum. Aliquid ratione nemo architecto aliquid fuga fugit.', 22, '50QI9918', 9),
(14, '2021-06-17', '2022-07-12', 'Minima mollitia corporis quam est voluptates exercitationem aperiam. Cum impedit officia sed voluptate provident at quis.', 18, '09FA1846', 3),
(15, '2010-01-14', '2018-01-01', 'Ipsam mollitia aperiam quaerat et nostrum saepe. Nemo illo occaecati doloribus dolore nihil.', 21, '45RV9629', 29),
(16, '2018-12-18', '2023-08-05', 'Velit explicabo reiciendis aliquam laboriosam. Aliquam sequi nostrum quasi eveniet. Autem quod est explicabo vero deserunt.\nPlaceat libero ea deleniti. Excepturi rerum aspernatur recusandae.', 34, '25NS5411', 14),
(17, '2005-03-16', '2016-01-17', NULL, 34, '09KG7755', 15),
(18, '2015-05-28', '2021-03-03', NULL, 40, '61WG4586', 3),
(19, '2014-07-11', '2017-08-22', 'Veniam odio deleniti. Quaerat ad deserunt nisi quo reiciendis dicta.\nDolores debitis earum itaque corporis vero. Quibusdam officia nihil debitis.\nImpedit sit praesentium explicabo odio assumenda.', 45, '13GX6573', 3),
(20, '2007-10-25', '2015-12-16', NULL, 44, '02DS0458', 13),
(21, '2020-07-24', '2023-01-10', NULL, 51, '27LX6727', 26),
(22, '2014-03-27', '2014-08-15', NULL, 24, '46XK7304', 24),
(23, '2007-06-16', '2007-07-28', NULL, 19, '86BJ1221', 4),
(24, '2021-03-15', '2022-11-22', 'Ad ratione veritatis expedita totam veritatis. Animi saepe aliquid magnam architecto architecto. Quos exercitationem iure fuga autem. Assumenda aperiam ab qui.\nVel ullam laudantium iure dolor.', 34, '14ET6753', 11),
(25, '2019-11-08', '2022-07-17', 'Vero aut dolores ducimus impedit voluptates ipsa. Soluta corporis cumque ab. Quasi fugiat illo aspernatur cum.', 42, '60LF3292', 3),
(26, '2015-03-07', '2022-07-14', 'Id consequatur voluptatibus eaque. Optio ipsam non quis nihil deleniti occaecati.\nQuae tempora deserunt quas natus sit. Illo officiis voluptatum ad quisquam ipsa eos.', 26, '91TU0587', 12),
(27, '2015-07-30', '2021-11-13', 'Veritatis dolor eveniet sed facilis a provident. Occaecati numquam culpa enim excepturi veniam ut dignissimos. Odit quidem unde reprehenderit. Dolor impedit impedit asperiores.', 26, '99ZT9504', 2),
(28, '2020-03-25', '2022-03-23', 'Inventore consectetur illo eveniet dicta unde. Sint quo et eos culpa in. Enim totam dicta tempore.', 22, '13GX6573', 10),
(29, '2017-09-09', '2021-04-25', 'Consectetur facere commodi. Nobis ad et omnis autem a. Molestiae ipsam cum dolores aperiam illo. Nobis deserunt cum rem qui distinctio.', 8, '28IR2408', 2),
(30, '2016-03-01', '2017-01-14', NULL, 23, '40GT4434', 11),
(31, '2015-12-27', '2018-07-16', 'Placeat culpa eveniet animi magni rerum sunt. Atque unde corporis aut quos veritatis.\nAt tempore cupiditate fuga ut enim perferendis. Quidem eius debitis in.', 15, '97MY7903', 7),
(32, '2013-03-26', '2019-07-14', NULL, 9, '25MC3793', 27),
(33, '2004-11-27', '2018-07-10', NULL, 38, '76AE4606', 29),
(34, '2022-03-23', '2023-01-11', 'Ipsa inventore tempore porro recusandae. Repudiandae minus laborum magni.', 25, '84ND3934', 21),
(35, '2018-09-30', '2019-09-09', NULL, 29, '63FX5143', 28),
(36, '2014-07-27', '2015-05-13', 'Deleniti voluptates nesciunt cum quia. Ipsa totam voluptatum consequuntur quaerat soluta atque.', 30, '77BF8449', 20),
(37, '2004-05-28', '2005-05-16', 'Blanditiis at quaerat. Architecto iusto quidem cumque. Perspiciatis ducimus rerum maiores quam dignissimos.', 3, '02DS0458', 28),
(38, '2015-09-28', '2021-01-10', 'Molestiae nostrum explicabo et fuga animi beatae. Reiciendis illo odio libero voluptatem provident. Harum dolorem nobis.', 51, '09KG7755', 15),
(39, '2018-03-06', '2023-01-20', 'Laborum odit tenetur repellat distinctio eius dolorum commodi. Sit harum ea natus laborum perferendis aut. Veniam praesentium odio officia quisquam nisi.', 2, '40HL1594', 25),
(40, '2022-11-03', '2023-02-21', NULL, 47, '25MC3793', 12),
(41, '2017-06-03', '2020-05-13', NULL, 12, '94UI0330', 17),
(42, '2011-10-10', '2013-08-29', NULL, 6, '88KW9350', 23),
(43, '2019-02-17', '2020-04-29', 'Sint fugit nam numquam occaecati a consequatur. Voluptas itaque consequatur eveniet. Quasi libero libero mollitia reprehenderit inventore. Numquam nam voluptatum cumque sit.', 32, '19TQ5831', 11),
(44, '2017-03-28', '2021-02-03', NULL, 5, '99JX5897', 20),
(45, '2021-01-13', '2022-04-01', NULL, 6, '89LS8809', 17),
(46, '2005-11-11', '2015-10-26', 'Nobis aliquam quod modi dolor. Amet natus odit est quaerat veniam aut.\nReiciendis unde ab inventore aut asperiores animi. Mollitia non ipsam iure velit ullam.', 16, '53RF3860', 16),
(47, '2021-04-22', '2021-08-12', 'Facilis a natus temporibus facere expedita. Eos quisquam culpa accusamus repudiandae.\nAb itaque repudiandae repellendus. Dolorum rerum eum sed id cumque ipsa. Ad iusto modi asperiores fugiat.', 41, '60LF3292', 11),
(48, '2009-04-19', '2013-11-21', 'Earum exercitationem reiciendis nisi impedit delectus natus odit. Et necessitatibus sunt sint cupiditate dolore asperiores velit.', 39, '89MG6962', 5),
(49, '2011-07-30', '2016-08-05', NULL, 45, '46XK7304', 14),
(50, '2009-11-06', '2011-04-17', 'Dolores quos rem itaque nemo totam. Ullam at iure.\nExplicabo ullam eos perferendis fuga. Illum similique molestiae neque amet maiores.', 50, '32GT2424', 13),
(51, '2023-12-14', '2024-01-21', NULL, 21, '54FB7283', 6),
(52, '2007-10-27', '2021-01-11', NULL, 3, '24EM3749', 16),
(53, '2017-11-18', '2020-02-25', NULL, 19, '83NH1424', 18),
(54, '2021-11-26', '2023-02-22', NULL, 36, '99JX5897', 13),
(55, '2022-08-23', '2023-12-29', NULL, 18, '88KW9350', 13),
(56, '2007-03-27', '2008-07-11', NULL, 16, '53RF3860', 24),
(57, '2009-04-24', '2013-11-28', NULL, 46, '53RF3860', 21),
(58, '2019-09-27', '2021-06-13', NULL, 16, '35KN2523', 8),
(59, '2013-04-09', '2016-03-27', NULL, 51, '99UX8447', 7),
(60, '2021-06-04', '2023-06-21', NULL, 29, '39VP9278', 3),
(61, '2023-04-03', '2023-11-12', NULL, 45, '43MG9667', 21),
(62, '2008-11-08', '2017-06-03', 'Reprehenderit corporis inventore asperiores numquam illum laudantium beatae. Natus nesciunt consectetur. Ut hic nemo similique.', 50, '35LR5617', 12),
(63, '2006-09-10', '2014-06-30', NULL, 28, '93IE8601', 15),
(64, '2009-02-14', '2013-12-09', NULL, 46, '43UN7413', 26),
(65, '2018-01-06', '2018-10-02', NULL, 46, '90TZ2502', 23),
(66, '2021-04-18', '2021-04-28', NULL, 11, '34EF1483', 11),
(67, '2019-10-24', '2021-06-19', NULL, 40, '77BF8449', 25),
(68, '2004-11-11', '2014-03-18', NULL, 25, '89FW4755', 22),
(69, '2009-10-21', '2010-05-29', 'Perferendis hic autem illo. Voluptates incidunt fugiat molestias sequi quod. Architecto velit impedit quam voluptas officia voluptatibus.', 31, '98YS9997', 7),
(70, '2022-06-27', '2023-11-17', NULL, 11, '57EG2574', 3),
(71, '2015-04-04', '2024-01-27', NULL, 18, '32CH7787', 25),
(72, '2016-07-25', '2021-01-10', NULL, 26, '24MB2352', 21),
(73, '2017-06-14', '2021-05-28', 'Blanditiis aut impedit tempore. Itaque saepe quaerat cumque distinctio rem consequatur repudiandae. Repellendus reiciendis ut rem labore perferendis officia.', 14, '34HX2371', 24),
(74, '2009-07-18', '2022-09-30', NULL, 6, '63FX5143', 29),
(75, '2012-01-13', '2016-12-24', 'Quibusdam quae possimus magni. Labore vitae voluptate. Corporis itaque nemo atque placeat vero eos.', 29, '78XY9922', 16),
(76, '2013-04-05', '2023-07-11', 'Ea esse inventore dicta aspernatur. Amet architecto itaque omnis illo. Aspernatur quisquam alias assumenda reprehenderit.', 30, '60LF3292', 11),
(77, '2016-11-08', '2023-09-08', 'Sapiente praesentium suscipit dolorem repellendus dolor possimus deserunt.\nUnde qui sit qui. Vel et odio. Recusandae unde omnis id.', 28, '32CH7787', 10),
(78, '2011-06-04', '2013-12-06', NULL, 14, '54FB7283', 4),
(79, '2017-12-02', '2019-07-30', 'Numquam tenetur consequuntur asperiores ad.\nAsperiores necessitatibus quaerat explicabo. Animi dolorem numquam ut non eaque reiciendis. Minus unde eius praesentium.', 31, '30HA9209', 5),
(80, '2013-12-02', '2023-04-20', 'Laudantium dolore nostrum laboriosam odio placeat assumenda. Nesciunt fugiat voluptates soluta suscipit eum eius. Eos expedita dolore.', 6, '52GN0915', 4),
(81, '2015-11-22', '2021-06-22', NULL, 32, '54HS4839', 1),
(82, '2016-06-04', '2020-11-06', 'Nesciunt totam veniam a quaerat nisi nobis. Nostrum atque veritatis. Fugiat reprehenderit exercitationem maiores.', 9, '91TU0587', 27),
(83, '2013-11-24', '2016-05-20', 'Ipsa earum porro voluptatem nostrum eum maiores. Numquam ipsam neque.\nDeleniti quas eligendi expedita reiciendis vitae laborum odio. Molestiae tempora expedita perspiciatis.', 7, '45RV9629', 6),
(84, '2012-06-23', '2013-02-14', 'Officia vel assumenda. Error in natus optio vero.', 34, '73AJ8606', 19),
(85, '2019-05-29', '2023-05-14', 'Aperiam assumenda eveniet dolorem. Minus deserunt quos consectetur voluptate molestiae sunt ducimus.', 5, '34MC4909', 17),
(86, '2013-06-02', '2021-10-06', NULL, 29, '80QE2191', 12),
(87, '2007-06-26', '2010-01-01', 'Quo amet aliquid unde. Sit labore ab accusantium laboriosam quasi.\nCupiditate fugiat est cupiditate esse.\nEa cum atque veniam perspiciatis repellat sed. Vel iusto accusantium.', 20, '33QB2164', 18),
(88, '2018-06-03', '2018-12-02', NULL, 36, '98ZC3039', 16),
(89, '2008-01-23', '2018-02-26', NULL, 4, '02DS0458', 1),
(90, '2012-09-12', '2015-10-25', 'Perspiciatis repellendus enim eos. Veritatis delectus alias non sequi. Occaecati molestias magni voluptas minus quidem.\nSimilique cupiditate doloribus quibusdam vitae. Fugiat earum itaque itaque.', 33, '21PF9183', 13),
(91, '2011-06-18', '2020-01-11', 'Numquam officiis ex perferendis. Occaecati odit vel enim sed. Consequuntur blanditiis iusto quos.\nDeleniti quidem consectetur provident.', 50, '46XK7304', 9),
(92, '2007-05-14', '2020-03-22', 'Vel ad officiis fugiat totam sed architecto. Facilis sit dolorum ut voluptas excepturi doloribus. Dolorem possimus amet in et.\nReiciendis error ullam. Odio impedit eligendi.', 48, '60PI4188', 13),
(93, '2013-05-24', '2017-05-06', NULL, 24, '61BE3603', 6),
(94, '2023-03-16', '2023-06-13', 'Eaque nesciunt fugit atque natus cumque.\nNam aperiam ipsa officiis deleniti. Quam beatae exercitationem maiores. Quam nobis distinctio atque odio tenetur quibusdam.', 28, '35LR5617', 7),
(95, '2022-02-02', '2022-03-25', 'Eaque sunt quae vero. Ullam molestiae architecto ratione placeat veniam architecto. Aliquam autem dolor magnam labore fuga.', 8, '30HA9209', 28),
(96, '2020-11-23', '2022-01-22', 'Atque molestiae porro eius nam dolore. Nam ex veniam architecto corrupti vel. Numquam harum recusandae.', 13, '50QI9918', 27),
(97, '2011-12-13', '2023-02-04', 'Magni omnis quos fugiat expedita. Eligendi quasi assumenda aut possimus repudiandae doloremque sequi. Molestias vel neque dicta totam.', 28, '35KN2523', 15),
(98, '2011-05-09', '2013-05-07', 'Cum minus magni repellendus deserunt sed ducimus. Saepe maiores voluptates expedita.\nEnim iusto asperiores nulla. Dolore consequuntur ab repellendus in.', 24, '10BM0122', 1),
(99, '2016-01-15', '2016-02-27', 'Quidem maxime reprehenderit enim occaecati molestiae. Assumenda quisquam magni autem.\nHarum saepe quis praesentium saepe numquam. Eaque nostrum quibusdam rerum. Explicabo molestiae sapiente harum.', 50, '27ZU1389', 10),
(100, '2010-08-27', '2023-07-09', 'Nulla in sed ab. Ipsum error a ut. Cupiditate dicta maxime quibusdam.\nFugit eaque doloremque repellat itaque molestias beatae. Delectus enim accusamus dignissimos quia. Ex culpa accusamus.', 42, '73AJ8606', 30);

-- --------------------------------------------------------

--
-- Estructura de tabla para la tabla `certificado`
--

CREATE TABLE `certificado` (
  `ID_Certificado` int(11) NOT NULL,
  `Nombre` varchar(50) NOT NULL,
  `Duracion` tinyint(2) NOT NULL,
  `Modalidad` varchar(30) NOT NULL,
  `ID_Convenio` int(11) DEFAULT NULL
) ENGINE=InnoDB DEFAULT CHARSET=utf8mb4 COLLATE=utf8mb4_general_ci;

--
-- Volcado de datos para la tabla `certificado`
--

INSERT INTO `certificado` (`ID_Certificado`, `Nombre`, `Duracion`, `Modalidad`, `ID_Convenio`) VALUES
(2, 'ipsam', 7, 'En línea', NULL),
(3, 'saepe', 2, 'Presencial', NULL),
(4, 'sunt', 7, 'Presencial', 38),
(5, 'consequuntur', 3, 'Semipresencial', NULL),
(6, 'quam', 12, 'Presencial', 15),
(7, 'molestias', 9, 'Presencial', 2),
(8, 'nobis', 11, 'Presencial', 29),
(9, 'inventore', 2, 'En línea', 10),
(10, 'dicta', 7, 'Presencial', NULL),
(11, 'mollitia', 5, 'Semipresencial', NULL),
(12, 'iusto', 11, 'Semipresencial', 43),
(13, 'non', 11, 'En línea', NULL),
(14, 'quod', 8, 'Semipresencial', 2),
(15, 'culpa', 9, 'Presencial', 31),
(16, 'doloremque', 4, 'En línea', 1),
(17, 'vitae', 3, 'Presencial', NULL),
(18, 'voluptatem', 4, 'En línea', NULL),
(19, 'quae', 2, 'Presencial', 7),
(20, 'quod', 7, 'Semipresencial', NULL),
(21, 'laboriosam', 12, 'Semipresencial', 17),
(22, 'deleniti', 12, 'Presencial', NULL),
(23, 'nulla', 4, 'Semipresencial', NULL),
(24, 'suscipit', 3, 'Semipresencial', NULL),
(25, 'quo', 6, 'Semipresencial', NULL),
(26, 'repellat', 3, 'Semipresencial', 40),
(27, 'harum', 12, 'Semipresencial', NULL),
(28, 'provident', 3, 'En línea', 39),
(29, 'occaecati', 1, 'Semipresencial', 9),
(30, 'quis', 8, 'En línea', 27),
(31, 'quae', 1, 'En línea', 16),
(32, 'quo', 2, 'En línea', NULL),
(33, 'ab', 6, 'En línea', 25),
(34, 'ut', 9, 'Presencial', 7),
(35, 'quibusdam', 9, 'En línea', NULL),
(36, 'velit', 11, 'Semipresencial', NULL),
(37, 'placeat', 11, 'Semipresencial', 19),
(38, 'perspiciatis', 5, 'Semipresencial', 46),
(39, 'nihil', 1, 'Semipresencial', 35),
(40, 'laborum', 5, 'Presencial', NULL),
(41, 'enim', 2, 'Semipresencial', 40),
(42, 'impedit', 6, 'Semipresencial', 21),
(43, 'quod', 2, 'Semipresencial', 16),
(44, 'fugiat', 7, 'En línea', 32),
(45, 'architecto', 10, 'Semipresencial', 34),
(46, 'earum', 4, 'Semipresencial', 6),
(47, 'est', 7, 'Presencial', 25),
(48, 'labore', 1, 'En línea', NULL),
(49, 'vel', 5, 'Presencial', NULL),
(50, 'delectus', 12, 'Presencial', NULL),
(51, 'rerum', 4, 'Presencial', NULL);

-- --------------------------------------------------------

--
-- Estructura de tabla para la tabla `certificado_empleado`
--

CREATE TABLE `certificado_empleado` (
  `ID_Certificacion_Empleado` int(11) NOT NULL,
  `FechaInicio` date NOT NULL,
  `FechaFin` date NOT NULL,
  `Observaciones` text DEFAULT NULL,
  `ID_Certificado` int(11) NOT NULL,
  `ID_Empleado` int(11) NOT NULL,
  `ID_Estatus` int(11) NOT NULL
) ENGINE=InnoDB DEFAULT CHARSET=utf8mb4 COLLATE=utf8mb4_general_ci;

--
-- Volcado de datos para la tabla `certificado_empleado`
--

INSERT INTO `certificado_empleado` (`ID_Certificacion_Empleado`, `FechaInicio`, `FechaFin`, `Observaciones`, `ID_Certificado`, `ID_Empleado`, `ID_Estatus`) VALUES
(1, '2014-03-13', '2015-05-12', 'Consequuntur dicta voluptates maiores blanditiis voluptatum. Quibusdam quidem corrupti ea natus.\nEarum exercitationem amet nemo corporis esse. Aperiam repellendus assumenda pariatur.', 38, 282, 25),
(2, '2011-07-08', '2019-04-26', NULL, 16, 206, 28),
(3, '2005-10-06', '2006-01-21', NULL, 43, 185, 2),
(4, '2023-11-23', '2023-12-10', NULL, 3, 86, 23),
(5, '2014-05-22', '2022-03-17', 'Pariatur magni neque mollitia. Mollitia deserunt fugiat. Nesciunt quia dolores fuga rem.\nAd illo consectetur commodi id ipsam. Eveniet distinctio odio doloribus nulla dignissimos vero.', 27, 352, 10),
(6, '2007-05-15', '2019-08-28', NULL, 20, 201, 16),
(7, '2008-03-20', '2023-05-06', 'Natus aut sed ullam. Ducimus dolorum cum accusantium fugiat nulla odit.\nAccusamus ipsa voluptatibus adipisci. Eligendi esse vero veritatis praesentium provident non.', 25, 76, 20),
(8, '2022-10-29', '2022-12-22', 'Ipsam temporibus aperiam rerum soluta reprehenderit. Incidunt ad amet mollitia suscipit qui neque.\nVoluptate ab ratione maiores maxime.', 5, 170, 23),
(9, '2004-11-17', '2012-06-17', 'Placeat minima neque repellat. Vel velit quisquam nemo quibusdam.\nQuasi autem deserunt aliquid dicta eligendi excepturi.', 46, 306, 25),
(10, '2017-08-21', '2023-04-30', NULL, 18, 305, 3),
(11, '2022-11-04', '2023-01-14', NULL, 15, 157, 7),
(12, '2007-02-27', '2013-01-02', NULL, 13, 151, 19),
(13, '2008-05-07', '2008-08-05', 'Maiores fugit modi placeat ratione. Debitis distinctio harum accusamus occaecati. Dicta tempora aspernatur alias qui totam non velit.', 18, 150, 4),
(14, '2017-11-01', '2017-12-19', 'Ipsam consequuntur harum. Beatae eum non quae.\nNihil necessitatibus nobis non quasi est. Porro quod repellendus adipisci natus eum. Occaecati eos distinctio cumque impedit quo illum id.', 16, 120, 5),
(15, '2012-12-03', '2019-02-14', 'Repudiandae itaque mollitia corporis. Incidunt aperiam ut illum doloribus cumque rerum. Ratione iste distinctio aliquid iusto.\nBlanditiis cupiditate provident debitis. Quasi error maxime omnis.', 47, 91, 13),
(16, '2017-09-24', '2023-02-02', NULL, 31, 123, 8),
(17, '2019-11-07', '2021-12-06', 'Voluptatem beatae itaque magni. Recusandae culpa illo numquam quisquam aperiam sit. Animi quo quos rem earum.', 11, 114, 14),
(18, '2018-12-05', '2019-06-09', 'Tempore illo a perferendis odio eveniet impedit voluptates. Explicabo debitis aliquam expedita accusantium corrupti iure.', 4, 214, 7),
(19, '2020-08-15', '2021-07-09', NULL, 24, 161, 17),
(20, '2008-02-09', '2015-12-15', NULL, 35, 85, 30),
(21, '2019-08-27', '2019-12-22', 'Dolores sapiente laboriosam. Hic quia iure doloremque dolore beatae. Veritatis possimus vitae repellat nesciunt facere iste laboriosam.', 3, 73, 20),
(22, '2020-01-12', '2021-12-23', NULL, 7, 203, 7),
(23, '2014-12-18', '2020-03-06', 'Laborum deserunt tempore tempore aliquid. Quia labore voluptates non exercitationem.\nOccaecati perspiciatis aliquid. Similique minima cumque dicta.\nQuae expedita in. Laboriosam itaque sit sint.', 28, 242, 30),
(24, '2021-03-11', '2022-07-26', NULL, 49, 90, 6),
(25, '2008-06-28', '2022-10-22', NULL, 34, 88, 18),
(26, '2012-03-30', '2022-09-07', NULL, 48, 335, 9),
(27, '2014-10-07', '2023-12-02', NULL, 49, 75, 25),
(28, '2023-05-25', '2023-10-25', 'Itaque facere alias. Temporibus ab nihil. Ullam dicta perferendis fugit dolore blanditiis expedita.', 2, 332, 26),
(29, '2018-09-24', '2023-01-13', NULL, 41, 359, 26),
(30, '2020-03-09', '2021-04-02', 'Animi provident officiis praesentium. Quidem in esse perferendis doloribus ab.\nAperiam distinctio quia eius quas quos reprehenderit excepturi. Perspiciatis nam fugiat hic iure.', 33, 202, 9),
(31, '2010-04-15', '2019-12-01', 'Aut est consequatur placeat architecto deleniti. Cum animi eligendi tempore voluptate.\nCommodi sed aperiam dolorem iure. Natus tempora quisquam non dolorem magnam dolores.', 41, 238, 6),
(32, '2013-10-21', '2013-11-13', NULL, 28, 313, 2),
(33, '2022-02-09', '2023-05-11', 'Rem distinctio accusantium quos. Possimus exercitationem officiis quae praesentium corrupti.\nVeritatis laudantium quis vero magni assumenda dicta culpa. Dolorem quod sit.', 37, 227, 14),
(34, '2022-06-29', '2023-01-02', 'Blanditiis voluptatum quo at vero. Debitis doloremque perferendis et deserunt incidunt doloribus ullam. Assumenda vel adipisci architecto autem a non.', 20, 152, 8),
(35, '2013-12-20', '2020-02-10', NULL, 23, 89, 1),
(36, '2019-09-24', '2021-12-16', NULL, 26, 342, 26),
(37, '2012-04-04', '2018-03-07', 'Perspiciatis facere tempore omnis maiores officia. Eveniet hic nisi repudiandae incidunt libero.', 18, 103, 16),
(38, '2018-08-31', '2019-01-21', 'Doloribus exercitationem dignissimos minima maxime.\nVoluptates quod accusamus quidem vero doloribus. Praesentium architecto nisi nihil excepturi sequi consequuntur.', 50, 177, 2),
(39, '2017-04-23', '2018-07-13', NULL, 9, 156, 13),
(40, '2004-04-14', '2018-05-08', NULL, 6, 275, 29),
(41, '2019-05-03', '2022-07-23', NULL, 16, 322, 5),
(42, '2013-03-31', '2014-09-13', NULL, 12, 323, 23),
(43, '2006-08-02', '2012-06-10', NULL, 21, 306, 7),
(44, '2021-11-26', '2022-07-16', NULL, 17, 254, 15),
(45, '2006-09-19', '2009-09-12', 'Asperiores consequuntur iure aliquid occaecati corrupti ea. Harum cum quasi dolor explicabo accusamus quisquam. Aut odit occaecati fugiat quisquam recusandae.', 17, 273, 12),
(46, '2016-11-01', '2023-02-28', NULL, 21, 195, 6),
(47, '2019-01-27', '2021-11-08', NULL, 31, 258, 11),
(48, '2012-04-16', '2021-07-31', 'Quam impedit quos sed maiores iure. Quasi consequatur qui assumenda. Neque rem accusamus. Dolorem officiis harum iste error.', 2, 179, 24),
(49, '2013-09-22', '2019-05-21', NULL, 27, 87, 27),
(50, '2010-12-29', '2012-10-16', 'Beatae libero eveniet tempore rerum. Assumenda quo sed quo quod consectetur reiciendis. Aliquid placeat cupiditate aspernatur est id blanditiis iure.', 10, 300, 23),
(51, '2013-05-09', '2017-09-10', 'Sapiente doloremque dolorum ut aut minus temporibus. Ut tempora commodi nostrum.\nUllam quidem dignissimos animi dignissimos veritatis.', 34, 237, 13),
(52, '2022-05-06', '2023-06-15', NULL, 3, 372, 13),
(53, '2013-04-15', '2019-02-17', NULL, 47, 135, 1),
(54, '2022-06-21', '2023-12-10', NULL, 48, 365, 29),
(55, '2019-02-27', '2020-08-25', NULL, 33, 122, 12),
(56, '2023-03-21', '2023-08-10', NULL, 2, 325, 5),
(57, '2006-03-11', '2017-09-19', 'Veniam numquam quos quaerat labore officiis doloribus. Ratione molestiae asperiores sequi iure iste sunt occaecati. Unde accusantium nobis cumque tempora at vel.', 28, 185, 7),
(58, '2015-04-03', '2016-12-11', NULL, 39, 341, 13),
(59, '2008-01-01', '2022-01-29', NULL, 11, 181, 20),
(60, '2005-03-23', '2019-08-07', NULL, 8, 99, 18),
(61, '2017-10-12', '2020-11-08', NULL, 19, 124, 4),
(62, '2019-03-24', '2020-07-26', 'Nobis aspernatur ad non tempora. Mollitia totam laboriosam pariatur vel corporis odio.', 6, 390, 10),
(63, '2017-05-20', '2018-02-11', 'Exercitationem tenetur deleniti repellendus deserunt magni. Quaerat natus placeat. Occaecati unde dolorum.\nNisi facilis voluptatum delectus. Odio neque voluptas autem.', 47, 16, 6),
(64, '2014-10-10', '2023-12-14', 'Accusamus corrupti excepturi asperiores ab ab laborum. A sequi aperiam vero. Et nemo molestiae possimus culpa repellat pariatur. Consequuntur dolore facilis aspernatur laborum ex.', 11, 72, 24),
(65, '2004-02-18', '2020-12-28', 'Neque perspiciatis officia inventore autem maiores eaque provident. Error enim at quidem quae totam omnis.', 13, 350, 13),
(66, '2021-02-21', '2023-03-16', 'Ratione sapiente voluptates quae molestiae labore. In magni totam non fuga.\nIllum non est reiciendis. Accusantium similique perferendis culpa. Animi odio similique cumque perspiciatis expedita.', 38, 240, 11),
(67, '2021-10-25', '2023-12-03', NULL, 34, 123, 22),
(68, '2023-03-28', '2023-12-23', 'Tempora numquam facilis libero alias nostrum. Ut reiciendis praesentium sed ad reiciendis quaerat. Tempora officiis quos eaque.', 42, 372, 6),
(69, '2006-04-23', '2022-02-07', NULL, 40, 54, 9),
(70, '2023-05-12', '2023-09-30', NULL, 3, 62, 10),
(71, '2004-05-06', '2023-07-17', 'Nemo quasi quod voluptatem exercitationem fuga saepe. Reprehenderit corporis provident adipisci natus sint vel. Ducimus sequi velit labore necessitatibus laudantium distinctio.', 2, 177, 1),
(72, '2015-10-05', '2018-02-01', NULL, 35, 5, 20),
(73, '2004-05-02', '2015-08-12', 'Possimus dolor est quibusdam. Sit ipsam voluptatum impedit ipsa maxime at.\nOdio cum harum maxime ratione aspernatur cum. Fuga nihil dolor earum.\nEt culpa perferendis amet earum totam.', 20, 373, 28),
(74, '2014-11-03', '2016-09-03', NULL, 31, 93, 11),
(75, '2018-03-23', '2022-09-17', 'Aliquam nemo voluptate doloribus sint ullam. Dignissimos consequatur maiores doloribus. Alias magnam officia ipsum nesciunt soluta.\nVitae omnis ullam magni. Rem quisquam doloremque alias eos.', 44, 231, 23),
(76, '2015-12-01', '2016-05-06', NULL, 27, 187, 16),
(77, '2017-02-14', '2018-01-23', NULL, 47, 376, 5),
(78, '2018-01-12', '2022-07-13', NULL, 19, 398, 21),
(79, '2014-02-15', '2015-09-13', NULL, 42, 394, 5),
(80, '2020-08-11', '2022-12-05', NULL, 7, 245, 26),
(81, '2007-07-07', '2019-07-06', 'Nobis dolores illum beatae ducimus magni. Dicta est magni culpa dolores aliquid natus tempore. Molestias consectetur inventore beatae.', 11, 289, 9),
(82, '2021-03-26', '2022-06-30', 'Voluptatem voluptate inventore maxime consectetur nostrum eaque. Explicabo facere amet pariatur accusamus magni in. Neque corporis autem ullam.', 41, 223, 29),
(83, '2008-10-06', '2022-12-22', 'Impedit voluptates excepturi rerum facilis est. Laudantium possimus corporis alias velit nisi. Voluptatibus labore maiores dignissimos fuga architecto deserunt perspiciatis.', 9, 376, 9),
(84, '2009-09-13', '2015-02-05', 'Reiciendis cupiditate reiciendis perferendis doloremque expedita beatae. Ipsum magnam deserunt dicta voluptatem accusamus.', 43, 9, 22),
(85, '2023-09-09', '2023-10-21', 'Maiores dignissimos pariatur deleniti explicabo similique provident. Eligendi aperiam excepturi molestiae tempore delectus nam quos.', 40, 160, 26),
(86, '2011-08-12', '2013-09-30', NULL, 3, 174, 7),
(87, '2010-03-12', '2022-02-23', 'Distinctio asperiores porro qui. Facilis omnis et provident reiciendis.\nTemporibus ipsum beatae ratione. Assumenda nam harum asperiores unde iste.', 24, 32, 1),
(88, '2007-10-08', '2022-04-28', 'Soluta possimus libero numquam dolore commodi temporibus. Vero vero magni ad error modi a.', 24, 233, 21),
(89, '2012-12-30', '2021-01-17', NULL, 26, 95, 22),
(90, '2014-07-30', '2017-08-05', 'Accusantium cum facilis voluptates. Autem labore eos nesciunt quidem accusamus consequuntur vitae.\nVeniam esse error reprehenderit quisquam similique. Quas ea expedita debitis dolore.', 38, 321, 9),
(91, '2019-10-25', '2020-08-08', 'Corporis dolorem voluptate dolorum quaerat ad. Qui earum ipsa praesentium aliquid.\nNon magni sint ipsa. Nostrum fugiat magni ex cumque dolorem officia.', 30, 216, 12),
(92, '2022-09-01', '2023-11-02', 'Odit distinctio velit architecto aliquam veritatis. Consectetur recusandae facere consequatur omnis inventore.\nCumque amet quo quasi nostrum nihil nesciunt. Reiciendis minima maxime neque beatae.', 7, 108, 3),
(93, '2021-11-15', '2024-01-05', 'Vitae hic et nostrum quia hic. Molestiae voluptatem qui adipisci.\nEius beatae temporibus quibusdam aliquam. Ad aperiam neque deserunt similique delectus.', 30, 165, 8),
(94, '2015-08-04', '2018-11-20', NULL, 31, 186, 30),
(95, '2017-07-23', '2020-04-30', 'Voluptatibus recusandae debitis sapiente. Reprehenderit mollitia dolores est dolorum neque iusto. Illum impedit ratione eius earum consequatur.', 16, 240, 13),
(96, '2014-03-11', '2015-12-04', NULL, 47, 156, 21),
(97, '2020-05-27', '2022-01-15', NULL, 31, 356, 30),
(98, '2010-01-27', '2018-06-07', 'Quis totam recusandae laborum ipsam. Ex blanditiis iste corrupti eos. Ipsum quidem blanditiis recusandae sapiente perspiciatis deserunt. Commodi suscipit eum ullam.', 32, 346, 6),
(99, '2007-08-17', '2012-05-10', NULL, 22, 178, 11),
(100, '2022-01-16', '2022-05-31', 'Nostrum nesciunt iusto recusandae quas autem praesentium. Voluptatibus reiciendis fuga sapiente id.\nNeque maxime deleniti doloribus blanditiis sapiente quisquam. Ducimus quis excepturi praesentium.', 24, 346, 2);

-- --------------------------------------------------------

--
-- Estructura de tabla para la tabla `ciclo`
--

CREATE TABLE `ciclo` (
  `ID_Ciclo` varchar(9) NOT NULL,
  `Director` int(11) NOT NULL,
  `FechaInicio` date NOT NULL,
  `FechaFin` date NOT NULL
) ENGINE=InnoDB DEFAULT CHARSET=utf8mb4 COLLATE=utf8mb4_general_ci;

--
-- Volcado de datos para la tabla `ciclo`
--

INSERT INTO `ciclo` (`ID_Ciclo`, `Director`, `FechaInicio`, `FechaFin`) VALUES
('011996-06', 294, '1996-01-21', '1997-06-29'),
('012022-06', 349, '2022-01-21', '2023-06-05'),
('012023-07', 75, '2023-01-19', '2023-07-02'),
('021994-03', 256, '1994-02-27', '2009-03-05'),
('021995-03', 4, '1995-02-02', '1999-03-09'),
('022022-03', 259, '2022-02-11', '2022-03-08'),
('022024-02', 53, '2024-02-04', '2024-02-04'),
('031996-02', 185, '1996-03-07', '2023-02-02'),
('032005-01', 61, '2005-03-17', '2016-01-09'),
('032019-11', 387, '2019-03-17', '2023-11-06'),
('032021-11', 320, '2021-03-21', '2023-11-14'),
('042004-03', 26, '2004-04-30', '2010-03-09'),
('042017-01', 241, '2017-04-11', '2019-01-15'),
('042023-07', 188, '2023-04-27', '2023-07-27'),
('051999-08', 391, '1999-05-21', '2022-08-29'),
('052023-06', 396, '2023-05-23', '2023-06-17'),
('052023-10', 154, '2023-05-08', '2023-10-09'),
('062001-09', 5, '2001-06-03', '2008-09-05'),
('062010-03', 353, '2010-06-05', '2014-03-02'),
('072011-10', 77, '2011-07-08', '2016-10-17'),
('072020-06', 370, '2020-07-11', '2022-06-03'),
('072022-11', 211, '2022-07-04', '2023-11-11'),
('072023-09', 110, '2023-07-04', '2023-09-01'),
('072023-10', 230, '2023-07-21', '2023-10-24'),
('072023-11', 387, '2023-07-14', '2023-11-27'),
('081996-12', 86, '1996-08-14', '1997-12-19'),
('082020-09', 400, '2020-08-31', '2020-09-15'),
('082023-12', 201, '2023-08-20', '2023-12-06'),
('092000-02', 218, '2000-09-12', '2020-02-20'),
('092001-10', 153, '2001-09-28', '2003-10-06'),
('092011-05', 170, '2011-09-16', '2015-05-22'),
('092018-10', 72, '2018-09-18', '2018-10-17'),
('092022-12', 393, '2022-09-12', '2022-12-03'),
('101996-11', 103, '1996-10-26', '2005-11-09'),
('101999-10', 58, '1999-10-20', '2004-10-14'),
('102005-10', 336, '2005-10-18', '2018-10-18'),
('102007-10', 115, '2007-10-15', '2010-10-27'),
('102023-12', 232, '2023-10-31', '2023-12-27'),
('122020-10', 54, '2020-12-31', '2023-10-01'),
('122022-10', 226, '2022-12-31', '2023-10-22');

-- --------------------------------------------------------

--
-- Estructura de tabla para la tabla `clase`
--

CREATE TABLE `clase` (
  `ID_CLASE` int(11) NOT NULL,
  `ID_Aula` int(11) NOT NULL,
  `ID_Horario` int(11) NOT NULL,
  `Clave_Curso` varchar(4) NOT NULL
) ENGINE=InnoDB DEFAULT CHARSET=utf8mb4 COLLATE=utf8mb4_general_ci;

--
-- Volcado de datos para la tabla `clase`
--

INSERT INTO `clase` (`ID_CLASE`, `ID_Aula`, `ID_Horario`, `Clave_Curso`) VALUES
(1, 91, 67, '05ba'),
(2, 28, 70, 'cea8'),
(3, 11, 66, '7c6f'),
(4, 74, 74, 'efcf'),
(5, 176, 93, '3da8'),
(6, 18, 28, '7f1c'),
(7, 137, 40, '29c8'),
(8, 190, 24, '22c9'),
(9, 16, 92, '5e89'),
(10, 23, 3, 'c7d0'),
(11, 153, 81, 'c078'),
(12, 152, 46, '1342'),
(13, 38, 35, 'cad5'),
(14, 199, 35, '5e89'),
(15, 178, 32, '945b'),
(16, 34, 33, 'babf'),
(17, 71, 1, '534a'),
(18, 130, 81, '590c'),
(19, 12, 20, '1fce'),
(20, 120, 46, '46f6'),
(21, 45, 75, '5286'),
(22, 130, 57, '5286'),
(23, 111, 49, '4bbb'),
(24, 35, 21, '985e'),
(25, 66, 85, '3690'),
(26, 179, 12, '36f1'),
(27, 136, 30, 'c888'),
(28, 54, 20, '2a01'),
(29, 130, 99, 'e507'),
(30, 1, 1, 'a45e'),
(31, 97, 82, '26c7'),
(32, 50, 47, 'dde7'),
(33, 3, 45, 'aab7'),
(34, 80, 26, 'bd8f'),
(35, 152, 30, 'c078'),
(36, 40, 6, '9ee4'),
(37, 64, 16, 'b9db'),
(38, 49, 65, 'bb42'),
(39, 29, 34, 'f5d4'),
(40, 167, 39, 'cd60'),
(41, 178, 79, 'efed'),
(42, 107, 63, '4191'),
(43, 65, 8, 'da35'),
(44, 41, 36, 'a324'),
(45, 173, 3, '8f99'),
(46, 155, 38, '5d8f'),
(47, 74, 72, '1f4e'),
(48, 160, 73, '8935'),
(49, 65, 33, 'f163'),
(50, 28, 39, '0c26'),
(51, 25, 45, 'e933'),
(52, 69, 70, '65f2'),
(53, 7, 13, '3852'),
(54, 91, 53, '542e'),
(55, 81, 68, '3340'),
(56, 85, 20, 'bf1a'),
(57, 17, 50, '5035'),
(58, 27, 29, '8935'),
(59, 9, 25, '1653'),
(60, 129, 80, '1b4e'),
(61, 94, 76, '1488'),
(62, 152, 9, 'fb5f'),
(63, 175, 53, 'bc73'),
(64, 133, 31, '4fdd'),
(65, 63, 9, '3d6b'),
(66, 89, 36, '1653'),
(67, 183, 19, '3852'),
(68, 32, 34, 'caa8'),
(69, 137, 80, '79cd'),
(70, 166, 67, 'e507'),
(71, 192, 77, 'aab7'),
(72, 101, 72, '716e'),
(73, 146, 69, '985e'),
(74, 22, 23, '22c9'),
(75, 87, 89, '945b'),
(76, 27, 30, '2f4d'),
(77, 188, 34, 'b620'),
(78, 82, 16, '4fdd'),
(79, 176, 11, '364b'),
(80, 146, 60, 'a45e'),
(81, 112, 80, '63ec'),
(82, 144, 40, 'b620'),
(83, 162, 30, '3da8'),
(84, 49, 77, 'd114'),
(85, 115, 75, '5de1'),
(86, 67, 26, 'a466'),
(87, 88, 43, '820e'),
(88, 50, 20, '3cb2'),
(89, 40, 33, '2a01'),
(90, 87, 57, '3340'),
(91, 51, 4, '4bbb'),
(92, 67, 48, '7c9b'),
(93, 157, 39, 'dd68'),
(94, 172, 59, 'e507'),
(95, 60, 30, '3da8'),
(96, 49, 95, '1fce'),
(97, 138, 39, 'a4c7'),
(98, 91, 8, '4fdd'),
(99, 40, 28, 'a4c7'),
(100, 170, 69, 'c9c5');

-- --------------------------------------------------------

--
-- Estructura de tabla para la tabla `convenio`
--

CREATE TABLE `convenio` (
  `ID_Convenio` int(11) NOT NULL,
  `Representante` int(11) NOT NULL,
  `Objetivo` varchar(50) NOT NULL,
  `Descripcion` text NOT NULL,
  `FechaPublicacion` date NOT NULL,
  `FechaInicio` date NOT NULL,
  `FechaFin` date NOT NULL,
  `Participantes` text NOT NULL
) ENGINE=InnoDB DEFAULT CHARSET=utf8mb4 COLLATE=utf8mb4_general_ci;

--
-- Volcado de datos para la tabla `convenio`
--

INSERT INTO `convenio` (`ID_Convenio`, `Representante`, `Objetivo`, `Descripcion`, `FechaPublicacion`, `FechaInicio`, `FechaFin`, `Participantes`) VALUES
(1, 284, 'Aspernatur quasi aliquid aspernatur ratione dolore', 'Itaque mollitia vero voluptas eaque ipsa ipsam. Nostrum nulla alias. Delectus voluptates reiciendis.', '2020-07-22', '2021-08-19', '2026-07-10', 'Qui vitae expedita voluptatibus eius quod provident. Consectetur magni ipsam possimus velit. Nihil sunt nobis sit qui maxime vitae.\nFacere laborum saepe neque ullam et.'),
(2, 132, 'Repudiandae doloribus porro recusandae alias occae', 'Enim qui et debitis. Mollitia provident ab in dolore amet quibusdam. Deserunt aliquid nisi distinctio eum ex. Ad autem harum molestias nam et.', '2008-11-26', '2017-04-23', '2024-12-16', 'At placeat quo error nisi occaecati magni. Soluta quas recusandae fugit perferendis. Molestias laborum fuga sapiente modi similique nobis ipsam.\nEveniet veritatis sint cupiditate beatae.'),
(3, 101, 'Nam omnis tempore neque et aliquam illum.', 'Officiis autem laborum quod voluptas. Dolorum ipsam aut quis veniam expedita cumque voluptas. Nam voluptatem occaecati ad possimus.', '2013-10-06', '2022-08-15', '2025-12-14', 'Praesentium dolores soluta perspiciatis eius. Blanditiis nihil accusamus facilis molestias sequi non. Voluptatibus voluptate totam quis quidem ipsa doloremque earum.'),
(4, 329, 'Perspiciatis expedita dicta quas veritatis quasi n', 'Eveniet ullam cum. Illo totam recusandae doloremque fuga nostrum quas. Perspiciatis dicta alias eveniet.', '2020-03-03', '2020-04-29', '2023-07-13', 'Repudiandae quibusdam reiciendis. Architecto dolor a minima. Cupiditate error ducimus excepturi.'),
(5, 173, 'Tempore hic necessitatibus repellendus asperiores ', 'Praesentium voluptas tempora et quaerat. Cumque doloremque architecto. Impedit amet saepe quae doloribus enim saepe sunt.\nId dicta consequatur aspernatur. Culpa occaecati esse.', '2008-12-09', '2022-07-25', '2023-06-12', 'Repellendus voluptates maiores. Amet mollitia expedita quaerat. Aperiam fuga neque perspiciatis.'),
(6, 296, 'In beatae voluptatum quo similique eos animi modi ', 'In molestias eum ab ab aliquid sint.\nEx quisquam ullam tenetur consectetur eos. Doloribus quaerat numquam animi.', '2016-08-30', '2016-11-09', '2020-11-03', 'Aut aperiam explicabo molestiae excepturi eaque earum. Aliquid sint blanditiis quidem. Laudantium et autem dicta.'),
(7, 369, 'Rem quisquam nemo perspiciatis eius accusamus offi', 'Voluptatum animi quis alias quasi aspernatur labore. Exercitationem ullam dolor nesciunt nisi. Consequuntur quidem molestiae recusandae quidem illo.', '2021-08-17', '2024-04-13', '2024-11-28', 'Itaque vel maxime ipsa veritatis ea provident. Libero iure beatae minus ipsa ad. Sint saepe nisi sint.'),
(8, 136, 'Laudantium ipsa quam molestias corporis ad reicien', 'Voluptatum nisi impedit veniam animi eveniet consectetur. Dolores numquam dolore consectetur.\nDolor magnam quam. Veniam non eos omnis perferendis occaecati.', '2019-07-27', '2021-07-22', '2022-08-04', 'Ducimus repellendus voluptatum quam. Enim doloribus explicabo similique vel officia.\nLaboriosam temporibus cupiditate deserunt earum mollitia. Laudantium labore iusto molestiae.'),
(9, 232, 'Sed voluptatibus nemo aspernatur.', 'Hic nulla mollitia doloremque soluta alias libero. Repudiandae nostrum vel. Hic odio natus. Repellendus nihil beatae hic.', '2008-02-24', '2013-11-15', '2021-07-08', 'Fugiat illum impedit blanditiis. Recusandae vel totam suscipit vel.\nEos voluptatem voluptatum placeat ex non. Placeat excepturi vel quod ducimus cum earum. Veritatis sapiente fuga unde aperiam eaque.'),
(10, 53, 'Laudantium officia amet voluptate expedita placeat', 'Sequi alias fuga cupiditate veritatis facilis alias eos. Enim totam accusamus doloremque saepe. Labore distinctio natus tenetur omnis quod optio.', '2012-01-01', '2013-05-23', '2017-12-17', 'Vel autem quia accusantium blanditiis ipsa. Architecto voluptas vitae iusto.'),
(11, 93, 'Aperiam rerum architecto hic sit excepturi quasi t', 'Dolorum natus fugit ab nam. Nemo dolores dolor.\nPraesentium omnis nobis ipsam fugiat. Aperiam veritatis odio magni doloribus facilis quidem. Corporis placeat ea accusamus.', '2020-03-31', '2020-12-02', '2022-11-25', 'In cumque laudantium vel. Porro odio nemo porro mollitia iusto praesentium.\nTenetur assumenda alias nobis. Corrupti consequuntur expedita tenetur neque saepe quo.'),
(12, 358, 'Quae quasi odit cumque quas dolores corrupti.', 'Vel perspiciatis quia quis. Vitae hic doloremque rem. Officia nemo magnam architecto.\nIncidunt omnis nihil nisi illo iusto nemo. Ex ex quo eius exercitationem quia temporibus rerum.', '2017-05-29', '2020-09-08', '2023-05-23', 'Doloremque voluptatibus deleniti error inventore inventore ea aut. Sequi voluptatum eos fugit rerum sit quibusdam.'),
(13, 189, 'Neque amet consectetur minus eius quae cupiditate.', 'Culpa quos totam libero dolore eius dignissimos. Voluptate et minima culpa exercitationem nihil blanditiis perspiciatis.\nQuibusdam inventore in. Facere quas animi similique animi fuga.', '2020-07-05', '2024-03-21', '2025-08-20', 'Hic aliquam deleniti assumenda delectus veniam. Tempore aliquid beatae deleniti ex totam.\nSuscipit corporis voluptatem eligendi.'),
(14, 396, 'Modi nesciunt laudantium quibusdam autem a ab sint', 'Numquam quam magni nemo repudiandae.\nRecusandae perferendis consequatur odio. Praesentium excepturi voluptas eius temporibus. Voluptatibus sit doloribus consectetur mollitia commodi sit illum.', '2023-05-04', '2023-05-27', '2025-11-12', 'Sapiente repellat laborum. Earum repellendus nisi rem doloremque nemo.\nAut amet quisquam. Aliquam aspernatur enim error quidem.\nAmet odit nihil expedita minus illum. Eius delectus dicta maxime.'),
(15, 304, 'Deleniti rerum dicta vero odio mollitia ipsam.', 'Vitae sunt ipsa dolor non repellat eum. Facilis magni sint. Eligendi tenetur tempore hic facere culpa harum.', '2017-05-03', '2022-06-14', '2028-12-01', 'Blanditiis commodi possimus quae quae quis iusto natus. Pariatur ex laborum.'),
(16, 151, 'Perferendis aperiam deleniti at voluptatibus tempo', 'Id corrupti in blanditiis. Rerum deserunt suscipit quae. Iure omnis eligendi id sapiente amet praesentium adipisci.\nNemo asperiores expedita est.', '2012-11-13', '2018-10-06', '2027-04-17', 'Impedit nostrum porro dicta saepe delectus repellat ut. Ut totam autem consequuntur a nemo. Laudantium eveniet quisquam voluptas.'),
(17, 204, 'Perspiciatis fugit corrupti magni veniam sapiente ', 'Repudiandae consectetur sint praesentium quasi nostrum veniam. Saepe unde animi.\nDistinctio repellat doloribus excepturi.', '2016-05-21', '2019-03-12', '2021-03-25', 'Eos accusamus quidem facilis dignissimos suscipit sapiente. Repudiandae enim exercitationem. Quisquam optio earum aliquid totam velit. Eum alias minus doloribus aperiam.'),
(18, 12, 'Tempora cupiditate aspernatur vel qui eius.', 'Nesciunt harum voluptas totam quia consectetur perferendis. Nesciunt minus sequi dolore dignissimos. Recusandae doloribus ratione blanditiis sit iusto assumenda.', '2018-07-16', '2024-09-20', '2025-12-17', 'Possimus ut odit minima exercitationem. Et occaecati est natus facilis. Aut nobis reprehenderit velit pariatur deleniti. Doloribus aperiam ut delectus.'),
(19, 202, 'Soluta occaecati magnam harum vel.', 'Facere distinctio incidunt. Tempore officia molestias. Praesentium laboriosam asperiores ducimus architecto vel minus.', '2005-10-02', '2007-11-19', '2021-04-18', 'Rem nobis minus numquam iusto quibusdam unde. Explicabo dignissimos exercitationem est voluptatibus error id saepe. Debitis voluptates quibusdam odio ducimus.'),
(20, 203, 'Nobis eos id tempore ut dignissimos ipsa repellat ', 'Voluptatum reprehenderit reprehenderit aliquid. Tempore sunt earum vero illum ipsum fugiat. Voluptate officia ullam aut.', '2014-09-07', '2021-01-05', '2023-04-07', 'Perferendis ducimus distinctio incidunt praesentium beatae non. Repellendus atque illo eum asperiores. Non voluptatum nemo.\nEst saepe corporis laborum. Itaque porro cupiditate laudantium ut.'),
(21, 222, 'Totam ratione rerum dignissimos.', 'Veritatis accusamus architecto blanditiis laboriosam. Id esse quod aliquam.', '2007-03-18', '2018-09-07', '2025-08-19', 'Vero odio est debitis. Quam molestiae quis saepe libero.'),
(22, 164, 'Est maxime quia possimus accusantium explicabo mol', 'Ducimus neque possimus perspiciatis magnam sint laboriosam. Similique perferendis dolorem nihil debitis nemo amet. Velit repudiandae recusandae iusto sapiente natus saepe.', '2004-03-28', '2008-12-17', '2019-06-08', 'Provident sed qui alias id laborum. Consectetur nemo vitae repudiandae consectetur. Exercitationem architecto architecto qui hic.'),
(23, 275, 'Repellat autem qui explicabo omnis adipisci volupt', 'Enim atque beatae saepe molestias. Soluta vitae recusandae quos non nulla facilis. Dignissimos vel nam quaerat nobis ab.', '2009-08-24', '2023-03-04', '2025-12-21', 'Nesciunt delectus et occaecati odit. Maiores aspernatur est itaque asperiores. Asperiores facilis tempora reprehenderit dolores fuga assumenda.'),
(24, 273, 'Corporis exercitationem harum quidem eligendi ipsa', 'Fugiat debitis laborum nesciunt distinctio animi. Nam nobis fugit nihil ad. Laborum pariatur ut accusamus cum tempora porro.\nAtque ipsam magni. Aperiam esse eaque earum aperiam.', '2016-08-14', '2019-08-06', '2027-10-23', 'Excepturi quas qui. Suscipit fugiat eveniet laborum fuga culpa.\nCommodi quaerat natus laudantium. Veniam libero qui ullam praesentium. Ut enim natus.'),
(25, 83, 'Qui nobis laborum quibusdam pariatur nisi voluptat', 'Tempore sit eius natus corrupti minus. Repellendus autem magnam quod. Omnis debitis et autem ratione maiores.', '2023-03-06', '2023-10-12', '2024-10-25', 'Quaerat asperiores tenetur laborum. Odit recusandae dignissimos modi.\nBeatae ut quaerat recusandae pariatur dolorem. Nulla nobis quae nam voluptates dicta numquam.'),
(26, 321, 'Voluptas repellendus nulla fugiat id tempora corpo', 'Exercitationem ipsum omnis accusamus magnam tenetur. Nihil eius cumque nesciunt.', '2023-03-23', '2023-05-22', '2024-02-29', 'Repellendus quaerat quam aperiam facere ad quia enim. At unde aut pariatur rem minus modi. Vitae veritatis qui architecto placeat.'),
(27, 9, 'Eaque ratione repellat similique rerum expedita er', 'Deserunt accusantium accusamus dolor architecto.\nSimilique nihil doloremque quam. Voluptatum sunt et nostrum eum quod.', '2010-09-12', '2012-12-14', '2014-03-06', 'Magnam fugiat perspiciatis.\nOmnis minus suscipit velit unde ad ratione. Necessitatibus dolorum dolor et odit nisi architecto. Nam expedita praesentium.'),
(28, 237, 'Nam officia itaque magni dignissimos.', 'Enim repellendus nulla odit. Dolor itaque eius voluptas corporis illo.\nCupiditate voluptatum maiores molestiae nihil. A quaerat accusamus corporis animi. Voluptas dolores ea veritatis architecto.', '2019-05-19', '2024-08-30', '2029-01-02', 'Ea iure nemo accusantium cum ex. Asperiores enim repellat cumque. Natus numquam inventore omnis. Explicabo dolores mollitia ea iure dolorem.'),
(29, 327, 'Autem deleniti doloribus et sapiente itaque.', 'Vitae quis modi natus. Deserunt libero quidem sunt quaerat architecto modi.\nVoluptatibus error ullam in quam quos facere. Consectetur magni nobis corrupti alias beatae.', '2021-10-04', '2024-02-18', '2024-12-30', 'Rerum et veritatis. Labore cupiditate fugiat.\nDeleniti pariatur doloribus sapiente maiores. Necessitatibus praesentium ad maiores dicta. Modi omnis labore aliquam earum nobis.'),
(30, 220, 'Totam id vero ea harum modi in ea neque laboriosam', 'Sunt quos dolor cupiditate laboriosam. Tempore velit eos ea aliquam tempore.\nAperiam hic assumenda minima saepe aliquid reiciendis. Consequatur blanditiis at.', '2007-02-17', '2013-04-05', '2017-07-02', 'Mollitia temporibus similique consequatur omnis. Exercitationem saepe tempora adipisci labore earum repellat nesciunt.'),
(31, 1, 'Iure officiis inventore ullam maiores fuga suscipi', 'Consequatur omnis illum quasi. Perspiciatis in iusto culpa aliquid commodi aliquid. Velit omnis dignissimos dolores aliquid.', '2015-09-10', '2020-10-15', '2027-08-27', 'Sed quas similique dignissimos ad illo commodi. Velit facilis consequatur non sed commodi.'),
(32, 283, 'Odio delectus amet laboriosam deleniti sunt.', 'Quas a incidunt itaque officiis et. Reprehenderit harum fuga ipsum enim possimus. Ducimus rem veniam nulla perferendis. Nulla sequi fuga architecto eius hic.', '2010-03-05', '2016-08-04', '2022-04-15', 'Omnis quam nisi.'),
(33, 334, 'Exercitationem quis dolor laudantium quam quaerat.', 'Omnis tempore rem officiis qui necessitatibus aliquid unde. Corrupti reprehenderit excepturi ducimus deleniti soluta ducimus error. Rerum deleniti eveniet iste maxime.', '2014-07-25', '2017-02-12', '2020-12-06', 'Adipisci natus porro iste soluta voluptatibus ducimus. Saepe est asperiores veniam a laborum. Necessitatibus totam reiciendis.'),
(34, 334, 'Soluta animi suscipit enim ducimus non modi iusto.', 'Aut explicabo beatae. Dicta quas earum assumenda quod laborum. Ullam laboriosam beatae ullam dolore temporibus reiciendis.\nOmnis laboriosam fugiat praesentium laboriosam sapiente temporibus.', '2009-12-17', '2011-07-10', '2016-12-08', 'Odio id ipsa suscipit harum numquam cumque. Itaque temporibus dolorem rerum distinctio. Nihil adipisci eveniet excepturi tenetur.'),
(35, 14, 'Atque pariatur tempora sunt voluptatem hic consequ', 'Aperiam consectetur quos repellat sunt. Corrupti voluptates deserunt. Reprehenderit rerum soluta doloribus mollitia temporibus.', '2016-12-16', '2018-05-02', '2023-09-02', 'Ea aut sapiente fugit temporibus non tempora officiis. Nemo sint magni corrupti voluptatem. Quis occaecati dolorem illum. Labore iusto odit consequuntur quod.'),
(36, 355, 'Eaque harum quaerat quasi doloremque repellendus l', 'Ipsam iste laborum aut molestiae. Similique beatae illo.', '2006-11-02', '2007-11-21', '2012-04-05', 'At consequuntur temporibus possimus repellat. Tempore reprehenderit occaecati quasi. In velit culpa repellendus delectus perferendis. Rem eaque explicabo pariatur asperiores perferendis soluta.'),
(37, 369, 'Quo vel dolorem veritatis repudiandae eaque.', 'Explicabo corrupti error doloremque fugiat possimus. Explicabo sequi repellendus fugit.\nEt tempore aspernatur. Dolorem voluptas dolores esse delectus pariatur. Eos et animi vitae.', '2023-02-06', '2024-04-16', '2025-05-14', 'Natus laudantium cumque eaque id non. Labore quas in aspernatur officiis alias.'),
(38, 22, 'Autem accusantium ducimus corporis asperiores repe', 'Nostrum necessitatibus deleniti. Reprehenderit fugiat tempore eveniet fuga. Quasi placeat rerum temporibus quis error.\nExpedita aperiam corrupti velit. Qui accusantium eius.', '2016-01-12', '2019-02-11', '2026-08-09', 'Aperiam tempore quia eligendi iure. Voluptate omnis suscipit consequuntur nulla esse occaecati. Voluptates nostrum necessitatibus.'),
(39, 163, 'Blanditiis explicabo consequuntur minima accusamus', 'Repellendus adipisci neque doloremque saepe cupiditate odit tempore. Ab et aspernatur maxime.\nModi assumenda mollitia debitis laudantium. Mollitia ea assumenda deleniti.', '2019-10-04', '2021-06-02', '2021-11-11', 'Repellendus dolore sed odit numquam. Accusantium earum architecto. Nostrum cumque aut necessitatibus provident maxime.\nMaxime ab nam. Cumque sint ratione incidunt repudiandae autem.'),
(40, 36, 'Minima et rem vitae necessitatibus expedita invent', 'Consectetur deleniti in autem perspiciatis ipsum. Odio occaecati quo laudantium quisquam a soluta. Suscipit commodi rerum aliquid.', '2005-04-01', '2012-02-04', '2020-01-30', 'A aliquid nobis iusto.\nCumque repellat adipisci. Nisi repudiandae quo dicta aspernatur facilis. Delectus ipsum molestiae aliquid nisi impedit veniam.'),
(41, 78, 'Recusandae consequuntur recusandae repellat velit ', 'Harum nostrum eligendi. Fugiat optio numquam quisquam officiis magni rerum nobis. Omnis dicta non nam provident.\nAccusamus saepe cum. Ipsum exercitationem nostrum omnis commodi voluptatibus.', '2015-08-02', '2016-05-02', '2024-11-02', 'Eos quis commodi molestias maiores asperiores delectus. Sunt minima alias iste delectus repellendus. Repellat soluta esse rem.\nCupiditate a ipsam hic officia. Officiis hic quidem explicabo.'),
(42, 303, 'Quaerat nemo nemo illum nisi magnam vero minus nam', 'Voluptate labore saepe cumque reprehenderit iste earum. Voluptates adipisci non incidunt mollitia. Tempore consequatur cum earum rerum. Fuga est doloribus voluptatibus rem occaecati excepturi.', '2015-11-09', '2020-08-06', '2021-06-11', 'Repellat omnis temporibus alias. Ea necessitatibus quia consequatur minus aliquam amet. Nostrum earum eveniet animi magnam. Ut illo voluptatum inventore.'),
(43, 82, 'Error nisi veritatis ut exercitationem iste at opt', 'Alias cumque quidem ducimus. Neque fuga nisi sed consequuntur mollitia corrupti. Voluptatum dolorem error dolor dignissimos.', '2018-04-12', '2020-05-04', '2022-01-11', 'Blanditiis reprehenderit libero alias aliquid occaecati accusamus deserunt. Quaerat atque quidem neque dolorum odio perferendis.'),
(44, 284, 'Amet repellendus minima dicta repellendus rem inci', 'Eius minus esse praesentium esse pariatur. Quos illo iusto officiis soluta a.', '2014-12-08', '2020-08-12', '2021-07-29', 'Exercitationem numquam impedit vitae saepe quisquam nihil illo. Voluptate laborum numquam. Nobis nihil quia ad blanditiis ratione corrupti.'),
(45, 321, 'Occaecati quas eius eius assumenda a totam.', 'Perspiciatis facere ea minus alias illum. Aperiam excepturi rem. Esse distinctio quos nobis quibusdam.\nQuas natus quod atque et ab est consequuntur. Sequi corrupti optio corrupti reiciendis eum.', '2016-08-29', '2023-08-14', '2028-07-23', 'Voluptas natus repellat beatae occaecati sint repellendus. Est dolorem sit sed quos aperiam expedita. Nulla quisquam possimus.'),
(46, 165, 'Commodi tempora asperiores quae ad consequuntur de', 'Perspiciatis eveniet sed hic aspernatur magnam. Delectus eligendi deleniti.\nPorro iure nemo explicabo et qui. Reprehenderit sapiente voluptas.\nRepellat minima sit natus porro odit.', '2011-04-25', '2013-03-15', '2024-04-27', 'Velit laborum magni magni voluptates optio ipsa. Consectetur beatae corrupti aliquam reiciendis. Facere asperiores odit cupiditate molestiae doloribus.'),
(47, 249, 'Sunt nobis illo vero id quam eligendi omnis.', 'Debitis architecto quasi provident reprehenderit. Nihil exercitationem praesentium optio expedita perferendis corrupti hic. Corrupti soluta alias occaecati laboriosam maiores iste.', '2014-12-19', '2017-06-07', '2025-04-17', 'Esse molestiae tenetur. Quia voluptatum voluptatem voluptas praesentium id repellendus. Reiciendis amet id ullam.\nDoloribus architecto ut amet.'),
(48, 95, 'Amet deleniti unde maxime totam quas voluptate ass', 'Asperiores qui ipsa reprehenderit repudiandae odit optio. Expedita architecto neque saepe nam recusandae dolorem. Provident eum deserunt voluptatem nesciunt.', '2011-07-20', '2021-01-24', '2025-03-23', 'Reiciendis nobis tempore architecto ratione aperiam molestias. Quidem quam dolore ea ipsum fuga commodi. Repudiandae id assumenda excepturi quae adipisci earum. Eius provident omnis quas maxime.'),
(49, 140, 'Provident ipsam assumenda cum quos voluptatum fugi', 'Excepturi minus adipisci voluptas ratione tempora. Esse nulla architecto vitae.', '2007-10-01', '2013-04-02', '2016-01-31', 'Eligendi neque consectetur magnam aperiam. Aperiam rerum debitis fuga nostrum. Vel nam maiores ea sequi dolorem repellendus.'),
(50, 222, 'Modi debitis sint alias dolor.', 'Quis fuga quae vitae. Nemo aspernatur expedita possimus assumenda. Ab nostrum ad occaecati.\nQui cumque quod cumque.', '2022-12-17', '2023-12-03', '2025-04-20', 'Veniam sint fugit velit. Reiciendis blanditiis dolorum placeat sint impedit. Natus velit at ullam deleniti possimus labore.');

-- --------------------------------------------------------

--
-- Estructura de tabla para la tabla `curso`
--

CREATE TABLE `curso` (
  `Clave` varchar(4) NOT NULL,
  `Semestre` tinyint(2) NOT NULL,
  `LetraGrupo` varchar(1) NOT NULL,
  `ID_Ciclo` varchar(9) NOT NULL,
  `ID_Licenciatura` varchar(3) NOT NULL,
  `ClaveOficial_Materia` varchar(8) NOT NULL,
  `ID_Empleado_Docente` int(11) NOT NULL
) ENGINE=InnoDB DEFAULT CHARSET=utf8mb4 COLLATE=utf8mb4_general_ci;

--
-- Volcado de datos para la tabla `curso`
--

INSERT INTO `curso` (`Clave`, `Semestre`, `LetraGrupo`, `ID_Ciclo`, `ID_Licenciatura`, `ClaveOficial_Materia`, `ID_Empleado_Docente`) VALUES
('0106', 7, 'D', '092011-05', '217', '6b997887', 2),
('02f5', 7, 'A', '042004-03', '347', 'e6d4f0de', 205),
('0365', 4, 'D', '042004-03', '3ce', '17cd98a0', 315),
('05ba', 1, 'A', '032021-11', '072', '948d954a', 234),
('090e', 1, 'B', '032005-01', 'a8f', 'aebd67d3', 130),
('0bb9', 8, 'D', '092011-05', '3e5', 'd1dbfe59', 192),
('0c26', 3, 'A', '092018-10', '787', 'd777656e', 184),
('1342', 1, 'C', '052023-06', 'c67', '48712b08', 11),
('136f', 6, 'A', '042023-07', 'c1b', 'cf1aecfb', 285),
('1472', 8, 'D', '072022-11', '3ce', 'd603a97e', 363),
('1488', 3, 'B', '012022-06', '787', 'e76a94ce', 147),
('156b', 1, 'D', '092000-02', '8c4', 'c2e0b5ff', 144),
('1653', 1, 'B', '072023-09', 'c67', 'b72e5769', 328),
('16d0', 10, 'D', '062010-03', 'a54', '8f6ffd7f', 328),
('1b4e', 8, 'D', '042023-07', 'a54', 'd777656e', 77),
('1f4e', 8, 'C', '011996-06', '197', 'd1dbfe59', 153),
('1f75', 9, 'A', '022024-02', '072', 'e5eb6f96', 73),
('1f87', 10, 'D', '021995-03', '347', '032d79bc', 48),
('1fce', 1, 'B', '092000-02', '759', 'a0de9342', 174),
('22c9', 10, 'B', '072023-09', '8c4', '7780a18c', 380),
('23dd', 4, 'B', '122022-10', '3ce', 'a18f76fa', 34),
('2462', 10, 'B', '011996-06', '759', '967a7625', 117),
('24b5', 3, 'C', '012022-06', '2d9', '173c04a4', 330),
('24ec', 2, 'A', '081996-12', 'c67', '7780a18c', 245),
('26c7', 4, 'B', '092000-02', '217', 'a4251ba1', 185),
('2783', 6, 'B', '101999-10', '690', '5b51f0d4', 110),
('27a7', 8, 'C', '092022-12', 'f0b', '8a59d920', 308),
('27df', 2, 'D', '022022-03', '2d9', '23edc6f1', 170),
('29c8', 1, 'A', '072022-11', '3ce', 'd1dbfe59', 122),
('29ea', 9, 'D', '092000-02', '8c4', 'ef79bbc1', 211),
('2a01', 2, 'B', '012022-06', 'a8f', '35791100', 49),
('2da8', 7, 'A', '062001-09', 'c1b', '27f49944', 129),
('2f33', 9, 'D', '021995-03', '266', 'a18f76fa', 164),
('2f4d', 7, 'B', '031996-02', '2d9', '76dfa8a4', 278),
('30ab', 7, 'B', '082023-12', 'a8f', 'c49f10c9', 280),
('3340', 2, 'C', '031996-02', '073', 'd603a97e', 253),
('33ac', 1, 'C', '092018-10', '8c4', 'dc69c4e9', 89),
('352d', 4, 'A', '011996-06', '8c4', '739d1dc6', 265),
('362e', 5, 'A', '052023-10', 'c1b', '47c23f08', 43),
('3639', 5, 'B', '052023-06', '073', '3b4d43e2', 125),
('364b', 1, 'C', '042023-07', '197', 'ef79bbc1', 303),
('3690', 2, 'C', '062010-03', '266', 'ef79bbc1', 1),
('36f1', 1, 'C', '042017-01', '3e5', 'e83e55ef', 159),
('3852', 6, 'A', '072022-11', '197', '28fabb8e', 374),
('3b50', 7, 'C', '082020-09', 'a8f', 'bf4db467', 393),
('3bc4', 2, 'A', '102007-10', '787', '52b7b41b', 101),
('3bd7', 3, 'D', '072023-09', '197', '9e248620', 97),
('3cb2', 9, 'A', '031996-02', '2d9', '2de7774a', 278),
('3d1f', 8, 'C', '092000-02', '072', '17e2f751', 276),
('3d6b', 10, 'A', '072023-11', '197', '7780a18c', 214),
('3da8', 6, 'A', '062001-09', 'a8f', 'a4251ba1', 80),
('3f07', 7, 'B', '101999-10', '2d9', '9a3bf587', 13),
('412e', 6, 'D', '072023-10', '3e5', '17ed995e', 321),
('4191', 7, 'A', '072023-11', '072', 'a422fa91', 71),
('4286', 3, 'B', '012023-07', '787', '9a3bf587', 193),
('4315', 7, 'C', '072023-11', '072', 'a0de9342', 143),
('431d', 2, 'C', '042017-01', '647', 'e76a94ce', 365),
('4656', 1, 'D', '032005-01', '3e5', 'b38fd2a7', 242),
('46f6', 9, 'D', '122022-10', '3ce', 'ef79bbc1', 333),
('4a63', 10, 'B', '022022-03', '2d9', '3b4d43e2', 398),
('4bbb', 1, 'B', '032005-01', 'c1b', 'e9897b50', 221),
('4df5', 6, 'A', '102023-12', '759', '9177926e', 54),
('4e26', 9, 'A', '102007-10', '266', 'e9897b50', 126),
('4e2f', 5, 'C', '062010-03', 'a54', 'd603a97e', 136),
('4fdd', 6, 'D', '081996-12', '072', '739d1dc6', 30),
('5035', 2, 'A', '022022-03', '8c4', 'cf1aecfb', 152),
('50ca', 4, 'A', '092018-10', '072', '8f6ffd7f', 17),
('51c5', 8, 'A', '072020-06', '351', '477cbd5f', 389),
('527e', 9, 'A', '052023-06', '8c4', '52b7b41b', 224),
('5286', 1, 'A', '102005-10', 'c1b', 'b72e5769', 2),
('534a', 1, 'A', '042017-01', '2d9', 'fcfd19ac', 121),
('5383', 7, 'A', '042023-07', '351', '5360a060', 230),
('538a', 1, 'A', '062010-03', 'a54', '377884ac', 400),
('542e', 4, 'C', '082020-09', '073', '31f7b8c6', 135),
('54e0', 6, 'C', '092022-12', 'a8f', 'e5eb6f96', 259),
('590c', 1, 'A', '022024-02', 'f0b', 'a18f76fa', 200),
('5936', 6, 'A', '092001-10', 'c1b', '8562a43e', 327),
('5960', 9, 'C', '072011-10', '8c4', '20132a05', 315),
('5d69', 9, 'C', '072011-10', '3ce', '3a2a24ce', 258),
('5d8f', 7, 'D', '042023-07', '3e5', 'a0de9342', 294),
('5de1', 9, 'D', '062010-03', '351', '2de7774a', 40),
('5e89', 10, 'A', '072011-10', '690', '9177926e', 366),
('5efd', 1, 'D', '092000-02', '759', '8a59d920', 206),
('5fd8', 4, 'D', '072023-10', 'a8f', '032d79bc', 38),
('61a3', 8, 'B', '122022-10', 'c1b', '317f7fa9', 29),
('6319', 9, 'A', '072020-06', '690', '83e993ba', 208),
('63ec', 1, 'A', '082020-09', '3ce', 'f2d5fb4c', 336),
('65a2', 8, 'B', '092000-02', '647', 'aebd67d3', 14),
('65f2', 9, 'B', '092000-02', '347', 'c2e0b5ff', 332),
('6815', 1, 'B', '032019-11', 'c67', '47c23f08', 148),
('683a', 5, 'B', '012023-07', '072', 'a56ce6b0', 177),
('6970', 10, 'D', '122022-10', '197', 'a4251ba1', 26),
('6a0c', 1, 'D', '042023-07', '3e5', 'c2e0b5ff', 123),
('700c', 8, 'D', '072023-09', '647', '23edc6f1', 295),
('716e', 6, 'B', '012022-06', '759', 'c1515bfc', 361),
('7371', 4, 'B', '021995-03', '072', '8562a43e', 99),
('7425', 6, 'A', '052023-06', '3e5', 'abd81209', 47),
('7706', 2, 'C', '022024-02', 'c1b', 'c113980f', 201),
('786e', 8, 'C', '102005-10', '2d9', '8a59d920', 253),
('79cd', 8, 'B', '051999-08', '351', 'd1dbfe59', 252),
('7c6f', 7, 'C', '072023-11', '072', '7db15a7f', 136),
('7c9b', 1, 'D', '092022-12', '197', 'd4da94d0', 323),
('7f1c', 8, 'A', '072023-10', '2d9', '4c379be3', 252),
('8042', 10, 'D', '101996-11', '072', '3a2a24ce', 357),
('8076', 2, 'A', '122022-10', '759', '17e2f751', 182),
('81e0', 3, 'C', '012023-07', '197', '9c8ca026', 53),
('820e', 2, 'D', '102007-10', '3e5', '20844e68', 64),
('842f', 9, 'C', '101996-11', '8c4', '948d954a', 28),
('866f', 9, 'D', '122020-10', '073', '477cbd5f', 337),
('8690', 3, 'D', '072023-09', '647', 'aebd67d3', 316),
('8912', 3, 'B', '072023-09', '8c4', 'c113980f', 78),
('8935', 4, 'B', '092011-05', '759', 'd603a97e', 110),
('8983', 9, 'B', '022022-03', '073', '35791100', 21),
('8f42', 8, 'B', '092000-02', '3e5', 'd1dbfe59', 250),
('8f99', 5, 'A', '102007-10', 'a54', 'd4da94d0', 76),
('9200', 8, 'C', '092011-05', '197', '9c8ca026', 151),
('921a', 5, 'B', '062001-09', '266', '2ebe7f02', 318),
('945b', 10, 'A', '072023-10', '217', '83e993ba', 241),
('9577', 1, 'D', '012022-06', '351', 'b72e5769', 347),
('95a4', 9, 'B', '092011-05', 'a8f', '377884ac', 1),
('9704', 8, 'C', '012023-07', 'a8f', '477cbd5f', 273),
('985e', 7, 'A', '101996-11', '8c4', 'aebd67d3', 150),
('9cda', 9, 'D', '102007-10', '647', 'e9897b50', 298),
('9e26', 10, 'A', '021995-03', '073', 'd19d6a3a', 99),
('9ed3', 6, 'D', '081996-12', '347', 'ec69de2e', 331),
('9ee4', 7, 'C', '042017-01', 'c67', 'd3418a91', 143),
('9f5c', 3, 'D', '072011-10', '647', '7db15a7f', 141),
('a265', 3, 'B', '052023-06', '217', 'ec69de2e', 97),
('a324', 5, 'B', '092022-12', '073', '17e2f751', 173),
('a3ad', 7, 'A', '081996-12', 'c67', '948d954a', 147),
('a45e', 9, 'D', '081996-12', '266', 'ec69de2e', 271),
('a466', 7, 'B', '122020-10', '347', 'd1dbfe59', 138),
('a4c7', 1, 'D', '072023-09', '3ce', '20132a05', 134),
('a4de', 4, 'C', '021995-03', '073', 'fcfd19ac', 28),
('a51b', 2, 'A', '101996-11', '073', '31f7b8c6', 336),
('a7d9', 4, 'D', '092001-10', '759', 'd3418a91', 208),
('a948', 8, 'D', '072020-06', '3ce', '344c89bd', 71),
('aab7', 8, 'B', '012022-06', '647', '9c458df1', 159),
('ab7b', 9, 'A', '092001-10', 'a8f', '23edc6f1', 105),
('ab8c', 3, 'C', '012022-06', '3e5', 'fcfd19ac', 208),
('afe5', 8, 'D', '032021-11', '759', '21bfea0d', 246),
('b247', 8, 'A', '092011-05', '787', 'f6fbcebf', 271),
('b3c5', 8, 'C', '072022-11', '197', '17cd98a0', 398),
('b4d6', 10, 'B', '092018-10', '2d9', '9c458df1', 66),
('b50d', 9, 'A', '092011-05', 'c67', 'fcfd19ac', 59),
('b620', 4, 'B', '012023-07', '347', '4c379be3', 281),
('b776', 8, 'C', '042017-01', '266', '76dfa8a4', 182),
('b8ea', 7, 'D', '102007-10', 'f0b', 'c0cc6b4a', 222),
('b9db', 2, 'D', '102007-10', '2d9', 'd1dbfe59', 197),
('ba33', 8, 'C', '082023-12', 'c1b', 'f6e8ed68', 376),
('babf', 7, 'A', '102007-10', 'a54', '3b4d43e2', 33),
('bb42', 10, 'A', '081996-12', 'c67', '20844e68', 177),
('bc73', 1, 'D', '081996-12', 'f0b', '6b997887', 369),
('bd8f', 3, 'B', '062010-03', '351', '032d79bc', 346),
('bf1a', 9, 'B', '082023-12', '073', '17cd98a0', 225),
('bf95', 7, 'A', '082020-09', '072', '477cbd5f', 142),
('c078', 3, 'B', '072011-10', '690', 'e76a94ce', 339),
('c0fe', 8, 'A', '122022-10', '347', 'fcfd19ac', 381),
('c2e9', 4, 'D', '051999-08', '217', '7780a18c', 90),
('c418', 7, 'C', '101996-11', '647', 'c49f10c9', 229),
('c7d0', 7, 'B', '021995-03', '197', 'c1515bfc', 249),
('c888', 4, 'A', '102007-10', 'a8f', '8d6e5ea6', 121),
('c9c5', 3, 'B', '042023-07', '690', '5360a060', 317),
('caa8', 10, 'D', '092000-02', 'a54', 'e6d4f0de', 114),
('cad5', 9, 'B', '012022-06', '2d9', '0b2f84cb', 200),
('cb45', 3, 'C', '042017-01', '647', '47c23f08', 222),
('cb82', 10, 'A', '092011-05', 'f0b', '317f7fa9', 170),
('cbed', 9, 'D', '032005-01', '072', '739d1dc6', 57),
('cd60', 1, 'D', '102007-10', 'a8f', 'db320eb1', 25),
('cea8', 1, 'D', '102023-12', '217', '9a3bf587', 274),
('d005', 2, 'A', '042023-07', 'a54', '5360a060', 61),
('d114', 2, 'B', '052023-10', 'a8f', 'f6fbcebf', 159),
('d133', 6, 'C', '122022-10', '690', '17ed995e', 40),
('d321', 3, 'C', '072023-11', '266', 'b6bcdf1e', 355),
('d513', 10, 'C', '012023-07', '217', '377884ac', 389),
('d677', 6, 'C', '062010-03', '647', 'd777656e', 371),
('d692', 9, 'B', '102023-12', '197', 'd777656e', 51),
('d6dc', 1, 'B', '062010-03', '072', 'd1dbfe59', 278),
('d994', 4, 'B', '081996-12', '197', '2fe2b240', 156),
('d99b', 4, 'A', '082020-09', '647', 'c49f10c9', 170),
('da35', 4, 'C', '051999-08', 'a54', 'd777656e', 75),
('da54', 9, 'A', '072011-10', '347', 'd1dbfe59', 359),
('dd68', 9, 'D', '092000-02', 'c67', 'e76a94ce', 391),
('dde7', 4, 'B', '012022-06', '197', 'ed6e94bb', 176),
('e132', 9, 'C', '082023-12', '3ce', 'b72e5769', 38),
('e507', 6, 'A', '022024-02', '647', '377884ac', 124),
('e7f3', 5, 'A', '072023-11', '647', 'aebd67d3', 269),
('e886', 4, 'C', '072023-10', '072', '5360a060', 18),
('e933', 5, 'A', '092018-10', '217', '17cd98a0', 378),
('ecbc', 7, 'C', '042023-07', '073', '859d3e3d', 227),
('efcf', 2, 'B', '062001-09', '690', '9c458df1', 269),
('efeb', 8, 'C', '062001-09', 'f0b', '52b7b41b', 259),
('efed', 6, 'C', '062001-09', 'a8f', '4301f5f6', 147),
('f163', 3, 'A', '031996-02', 'f0b', '8d6e5ea6', 157),
('f232', 8, 'A', '092000-02', '351', 'e76a94ce', 255),
('f5d4', 1, 'C', '062001-09', 'c67', '48712b08', 282),
('f74a', 6, 'A', '082023-12', '073', 'c0cc6b4a', 23),
('f860', 10, 'D', '092018-10', '8c4', 'ef79bbc1', 392),
('fb5f', 7, 'B', '072022-11', 'a54', 'a0de9342', 60),
('ff78', 8, 'C', '101996-11', '351', '17ed995e', 135);

-- --------------------------------------------------------

--
-- Estructura de tabla para la tabla `departamento`
--

CREATE TABLE `departamento` (
  `ID_Departamento` int(11) NOT NULL,
  `Nombre` varchar(50) NOT NULL,
  `Finalidad` text NOT NULL,
  `ID_Empleado_Responsable` int(11) NOT NULL,
  `ID_Edificio` varchar(1) NOT NULL
) ENGINE=InnoDB DEFAULT CHARSET=utf8mb4 COLLATE=utf8mb4_general_ci;

--
-- Volcado de datos para la tabla `departamento`
--

INSERT INTO `departamento` (`ID_Departamento`, `Nombre`, `Finalidad`, `ID_Empleado_Responsable`, `ID_Edificio`) VALUES
(1, 'Correa, Terán y Soto', 'Ex ipsa deleniti aliquid ad nam quod dolorum. Architecto consectetur distinctio. Non nostrum hic corporis.', 51, 'W'),
(2, 'Cintrón y Villagómez S.C.', 'Cumque adipisci officiis occaecati velit veritatis tenetur. A cum optio ad. Quod tempora optio aliquam nihil nisi. Adipisci laborum fugit fugit.', 114, 'M'),
(3, 'Laboratorios Reyna y Loya', 'Rem voluptatibus sunt. Aliquid tenetur consequuntur quasi autem quos. Atque illum velit labore fugiat at.', 333, 'S'),
(4, 'Navarro A.C.', 'Aperiam repudiandae corrupti aliquam. Esse dicta dolorem totam. Nesciunt illum cupiditate aperiam rerum earum deserunt. Impedit molestiae dolor nisi deserunt.', 374, 'J'),
(5, 'Girón-Centeno', 'Ipsa nesciunt sapiente laudantium magni voluptatibus vel quae. Quasi reprehenderit consequuntur eveniet.', 162, 'X'),
(6, 'Laboratorios Sáenz-Parra', 'Quos laudantium quisquam. Nobis praesentium dolorum. Sapiente fuga sint sint magni facere.', 380, 'S'),
(7, 'Industrias Carreón y Rascón', 'Earum omnis eos. At quo omnis dolores.\nDolore sed alias nihil magni libero. Rem et voluptas sed.\nNemo dolorem eius corrupti. Beatae minima neque odio eligendi ducimus ad.', 100, 'Q'),
(8, 'Fonseca-Coronado y Asociados', 'Ducimus placeat corrupti asperiores commodi eaque inventore. Hic ea laborum fugit asperiores laborum porro. Atque id voluptates itaque aliquid saepe dolorum. Asperiores optio veritatis.', 245, 'Z'),
(9, 'Industrias Garay y Matías', 'Consequuntur recusandae eius similique ipsam ad voluptatem. Ullam odio enim et atque.\nPerspiciatis placeat corporis perspiciatis. Laborum quaerat debitis quos minima.', 250, 'W'),
(10, 'Maya, Chávez y Mascareñas', 'Facilis consectetur ratione praesentium iure magni tenetur. Alias asperiores aut nihil. Culpa sed nisi vitae asperiores quos.', 238, 'J'),
(11, 'Balderas-Mireles', 'Harum animi rerum placeat architecto similique consequatur porro. Rerum labore nihil vero. Accusamus inventore ratione sunt totam quo.', 150, 'M'),
(12, 'Orozco-Valentín e Hijos', 'Qui ipsum itaque magni quis.\nDolorem atque exercitationem earum dolores repudiandae. Pariatur pariatur animi ab facilis quidem.', 354, 'W'),
(13, 'Guajardo, Hernandes y Morales', 'Adipisci ad explicabo exercitationem eos harum. Tenetur harum atque rerum voluptatem. Debitis reprehenderit ipsam delectus cum dolor tenetur sapiente.', 375, 'N'),
(14, 'Industrias Granados y Manzanares', 'Aperiam reiciendis saepe corrupti. Odit nihil placeat dolorem quos. Accusantium sapiente perspiciatis quisquam.', 253, 'R'),
(15, 'Ceballos y Briones S. R.L. de C.V.', 'Quibusdam quos adipisci esse architecto deserunt rem. Eaque reiciendis facilis vel ratione.', 157, 'R'),
(16, 'Industrias Dueñas y Cuellar', 'Quam quas occaecati nesciunt id facilis quo. Placeat aspernatur quam voluptate alias dolorem.\nPerferendis quo necessitatibus modi.', 200, 'Z'),
(17, 'Leiva S.C.', 'Veniam fuga cumque sit praesentium itaque maiores molestias. Adipisci culpa quos exercitationem. Officia ex explicabo illum illum eveniet assumenda.', 75, 'Q'),
(18, 'Treviño y Nava A.C.', 'Fuga ullam porro nostrum. Tempore voluptatum veniam accusamus beatae ipsum ex sit.\nOfficia ipsam porro aliquam eum ab. Occaecati quasi amet inventore.', 309, 'J'),
(19, 'Proyectos Sosa-Cabán', 'Dolorem dolore quia iusto expedita at. Nisi illo culpa sequi eligendi excepturi.\nNostrum nemo voluptates ullam omnis odio beatae.', 194, 'Z'),
(20, 'Borrego, Medrano y Moya', 'Impedit sapiente rem vel. Similique voluptatibus assumenda recusandae distinctio vitae reiciendis. Dolorem rem minima aliquam id.', 320, 'Q'),
(21, 'Corporacin Parra y Chapa', 'Adipisci odio asperiores dolore. Odit eum earum nisi. Cupiditate omnis odit at molestias error. Quidem magnam maiores natus.', 58, 'Q'),
(22, 'Proyectos Zaragoza y Blanco', 'Laudantium mollitia accusantium. Ipsam magnam totam at quis omnis. Enim labore libero iste laboriosam molestiae.', 60, 'N'),
(23, 'Gurule, Arriaga y Perales', 'Voluptatem est mollitia cupiditate voluptate quae commodi. Magni culpa provident earum.\nFugiat saepe ipsum inventore quisquam. Culpa incidunt totam tempore ab.', 183, 'R'),
(24, 'Despacho Negrete-Estévez', 'Labore placeat esse mollitia a. Quam sed repellendus.\nAd molestias voluptas sunt excepturi dicta nesciunt. Provident assumenda esse incidunt doloremque dolor velit. Ipsam earum id.', 84, 'Q'),
(25, 'Grupo Treviño-Mojica', 'Corporis quisquam enim voluptatum nostrum corporis laborum. Eius tenetur molestias soluta amet vel labore facere. Autem dolorem eius alias perferendis dicta occaecati.', 129, 'N'),
(26, 'Ordóñez e Hijos', 'Maiores tenetur ab deleniti maxime. Numquam ea quaerat iste magnam qui atque repellendus. Quia nisi neque consequatur.', 395, 'W'),
(27, 'Laboratorios Laboy-Téllez', 'Nulla esse reiciendis quo quis perferendis aliquid. Minima vero itaque magnam non iusto tempore. Minus illo dolorum modi labore.', 73, 'N'),
(28, 'Alva S.C.', 'Veniam porro est cumque officiis.\nSapiente modi eius laboriosam. Omnis eum in odio quidem. Iure laboriosam autem.', 105, 'S'),
(29, 'Partida y Guzmán A.C.', 'Nostrum et ea iusto animi dicta. Enim nihil ullam est eius.\nNisi laudantium temporibus quod rerum.', 324, 'W'),
(30, 'Rolón-Castillo S.C.', 'Nihil quos assumenda neque corporis rerum rerum fugit. Ipsa in quidem nam itaque alias.', 141, 'Z'),
(31, 'Corporacin Irizarry-Chavarría', 'Labore ea esse provident unde expedita nesciunt. In beatae adipisci quos repellendus. Dolorem cupiditate ut enim possimus quae.', 157, 'X'),
(32, 'Loya-Cruz', 'Voluptatem recusandae necessitatibus.\nTotam ducimus eaque necessitatibus nisi. Iure deserunt laborum temporibus molestiae. Reprehenderit fugiat maiores tempora. Temporibus dicta provident ut.', 2, 'N'),
(33, 'Industrias Velázquez y de la Garza', 'Soluta nulla rem nihil numquam. Labore quae magnam fugiat voluptatum veniam eum. Atque quia architecto illo atque dolorem quasi voluptatum.', 318, 'W'),
(34, 'Bravo y Quintana y Asociados', 'Laborum ab distinctio iure voluptatibus sed. Occaecati quidem saepe dolore ipsum perspiciatis deleniti. Omnis ea consectetur impedit quos itaque.', 126, 'R'),
(35, 'Barrera-Montoya S.A.', 'Placeat voluptates maiores iure sed vitae molestiae et. Natus quo nisi.\nEveniet id et accusamus.', 190, 'X'),
(36, 'Tapia, Barraza y Olivas', 'Impedit ea natus ipsum hic alias minus.', 324, 'N'),
(37, 'Cano-Soliz y Asociados', 'Explicabo consequuntur molestiae occaecati velit. Aperiam illum rem saepe amet.', 87, 'J'),
(38, 'Despacho Carrera-Garza', 'Dolores doloribus ipsum ex vel. Velit officia doloribus dolorem aliquam nemo dolore.', 363, 'X'),
(39, 'Jiménez e Hijos', 'Nostrum nulla distinctio pariatur tempora quis asperiores. Debitis voluptates amet libero quae cum.\nNisi corporis beatae fuga non repellendus soluta. Saepe suscipit exercitationem animi facilis.', 287, 'W'),
(40, 'Quintana S. R.L. de C.V.', 'Blanditiis ad voluptatibus. Distinctio tenetur quia. Placeat nisi ab ducimus.\nFugit deleniti laborum aut. Repellat necessitatibus nam non rerum. Unde nostrum officiis.', 255, 'M'),
(41, 'Proyectos Solorio, Cantú y Vargas', 'Tempore ut quo doloremque nisi voluptas ut. Commodi laudantium quidem ullam.\nCommodi porro ipsum. Molestias cum iure. Nesciunt amet velit ducimus at.', 140, 'N'),
(42, 'Ruiz-Bétancourt', 'Unde ducimus facilis illum molestias repellendus eos non. Facere praesentium eaque autem a impedit incidunt. Harum voluptates amet culpa. Vel saepe officiis ex excepturi cupiditate nesciunt.', 117, 'R'),
(43, 'Proyectos Carrión-Quintanilla', 'Sed iusto dolorem aliquam. Recusandae adipisci numquam optio.\nRepellat possimus accusantium officiis voluptas nulla. Suscipit soluta nam sunt. Nulla cum neque quasi.', 323, 'R'),
(44, 'Preciado y Quiñones S.C.', 'At error veritatis laboriosam est praesentium nisi.', 97, 'L'),
(45, 'Valle-Baeza S. R.L. de C.V.', 'Fugiat numquam aperiam tempore eos. Corrupti nobis dicta non doloribus provident.', 59, 'S'),
(46, 'Molina-Moreno', 'Nam quasi in rem quis dolor. Quam autem corrupti error in iste saepe fugiat.\nRerum voluptate iusto vel. Iusto laborum eos incidunt. Ipsum eius illum fugiat nihil voluptatum quibusdam.', 290, 'Q'),
(47, 'Fierro-Meléndez', 'Voluptates repudiandae saepe odit neque. Consequatur explicabo placeat asperiores architecto.\nSed quos illo consectetur commodi. Cumque maxime quod est.', 139, 'L'),
(48, 'Lucero-Fierro S.C.', 'Explicabo rerum laboriosam dolor nostrum. Consequuntur voluptatum architecto corrupti praesentium repudiandae tempore.', 64, 'L'),
(49, 'Corporacin Patiño-Ureña', 'Ipsum adipisci non explicabo possimus fugit. Sequi atque non aliquam. Est quos corporis at ratione maxime ad aliquam.\nQuam esse ab deserunt recusandae optio. Deleniti tempore unde.', 183, 'Z'),
(50, 'Feliciano-Guzmán S.A.', 'Sequi eum voluptatum soluta. Alias possimus voluptas accusantium consequuntur a officia.\nTempore eligendi eveniet.', 200, 'M'),
(51, 'Chapa y Crespo S. R.L. de C.V.', 'Quae amet beatae dolore tempore. Impedit ea assumenda sit delectus aspernatur. Architecto repellendus excepturi atque ea.', 32, 'W'),
(52, 'Grupo Ledesma y Candelaria', 'Tenetur modi accusantium ducimus. Doloribus iusto fugit totam. Sequi facilis voluptatem.\nEst provident porro unde ullam repellat. Ullam nulla aliquam distinctio a. Totam inventore voluptatem vero.', 161, 'W'),
(53, 'Corporacin Olivas, Armendáriz y Centeno', 'Explicabo dolorum odit tempora doloribus dicta perferendis aliquid.', 126, 'N'),
(54, 'Gonzales y Girón A.C.', 'Ducimus fugiat recusandae praesentium dignissimos soluta inventore. Mollitia porro nihil ipsam.\nEsse eaque expedita suscipit. Eligendi quas optio laudantium ipsum. Distinctio vero blanditiis fugit.', 17, 'R'),
(55, 'Nevárez S. R.L. de C.V.', 'Occaecati nulla occaecati totam consectetur magnam laborum. Porro aliquid asperiores doloribus numquam dicta rem. Quo sapiente unde commodi tenetur.', 41, 'N'),
(56, 'Montez S.A. de C.V.', 'Nobis natus nemo laboriosam nemo ab. Laborum ducimus quam repellendus doloremque commodi. Id nostrum ea.', 256, 'J'),
(57, 'Club Treviño, Franco y Enríquez', 'Suscipit voluptatibus culpa voluptate labore tempora beatae. Error magni aliquam nesciunt porro cum.', 283, 'X'),
(58, 'Franco y Valdivia S. R.L. de C.V.', 'Ipsa facere repellendus placeat.\nRerum tenetur soluta repudiandae. Pariatur temporibus sit incidunt distinctio.\nRem error maiores saepe. Repudiandae doloribus dignissimos ullam fugit excepturi.', 134, 'X'),
(59, 'Laboratorios Archuleta-Portillo', 'Quidem non iure laborum ipsa at laborum. Odio temporibus eos in.\nAssumenda facilis laudantium unde. Officia a repellat earum.', 369, 'S'),
(60, 'Medrano-Jimínez', 'Quis illum ab esse nam. Numquam perspiciatis veritatis libero voluptates quaerat. Exercitationem autem aspernatur accusamus assumenda maiores sequi soluta.', 104, 'L'),
(61, 'Alcántar, Venegas y Padilla', 'Atque labore aspernatur cupiditate fugit. Magni quaerat quis recusandae quisquam nesciunt similique. Ex deleniti quod provident magnam expedita perferendis animi.', 110, 'J'),
(62, 'Terán y Asociados', 'Inventore aperiam ut aspernatur a hic in. In repellat earum culpa unde quisquam ipsum. Suscipit iste excepturi quisquam sunt.', 379, 'J'),
(63, 'Medrano y Maldonado S.C.', 'Facere nihil dolor ex impedit doloribus officia repellat. Dicta ea ipsam pariatur. In rem illum sint quia deserunt. Rerum enim tempore quis consequatur.', 181, 'R'),
(64, 'Corporacin Villa, Villalpando y Zapata', 'Temporibus accusamus saepe sunt optio. Nostrum laudantium velit enim beatae eaque vel.', 94, 'W'),
(65, 'Campos-Saldaña', 'Nobis itaque quos. Fuga modi aut laboriosam sit.\nLaudantium odio labore molestias praesentium adipisci. Deleniti dignissimos voluptas nulla. Sapiente id doloribus exercitationem placeat.', 279, 'M'),
(66, 'Venegas S.C.', 'Quibusdam natus facilis unde error maxime. Excepturi facilis temporibus enim doloremque. Fuga quidem amet.', 258, 'W'),
(67, 'Saldivar-Gastélum S. R.L. de C.V.', 'Porro laboriosam iusto voluptas fugit. Doloremque omnis error consequuntur. Molestias itaque autem facilis doloribus voluptas. Beatae maxime iste possimus quas.', 40, 'Z'),
(68, 'Vaca, Ulibarri y Segovia', 'Necessitatibus consequatur et aut beatae assumenda. Nobis eum alias mollitia possimus magnam autem.\nMagnam id odit praesentium modi. Ad quo tempora. Ipsum corrupti possimus animi beatae odio earum.', 107, 'S'),
(69, 'Grupo Mondragón-Paz', 'Facilis cum voluptatibus delectus. Tempore commodi aut dolorum eaque itaque asperiores. Quia quasi repudiandae.\nMinus dolore quis reiciendis. Provident consequuntur provident sunt. Esse et fugiat.', 176, 'Z'),
(70, 'Rosario y Arreola S.A. de C.V.', 'Molestias suscipit quod voluptatem illum earum quisquam.', 372, 'M'),
(71, 'Tijerina S. R.L. de C.V.', 'Alias iusto eum. Ipsa maiores laborum dignissimos expedita sit. Minima libero pariatur.\nAccusantium cum eos libero ex corrupti perferendis.', 291, 'M'),
(72, 'Botello-Santana', 'Corrupti nisi nisi voluptate. Aliquam fugiat cumque possimus repellat officia tempore. Asperiores in impedit est doloribus.', 203, 'W'),
(73, 'Venegas-Limón S.A. de C.V.', 'Cumque eum accusamus sint. Praesentium id rem explicabo deserunt doloremque.', 309, 'W'),
(74, 'Olivárez y Espinal S.C.', 'Iure reprehenderit labore dolor repudiandae perspiciatis nihil. Ut dolore assumenda aliquam eaque eum.', 260, 'Z'),
(75, 'Domínguez, Cepeda y Trejo', 'Ut eaque nesciunt quo. Laboriosam doloremque reprehenderit aliquam.\nCulpa quaerat dolorum iure. Tenetur at laborum sit temporibus exercitationem voluptates. Perspiciatis quae incidunt.', 253, 'J'),
(76, 'Club Herrera, Llamas y Ortega', 'Neque a neque magni laboriosam. Quidem iure odit facilis tempore.\nVeniam unde quo quod fugiat atque dolore.', 301, 'M'),
(77, 'Flórez y Moya S.A. de C.V.', 'Ea reiciendis porro et magni facilis dicta. Quo excepturi explicabo modi.\nRecusandae id vero veniam aspernatur aperiam ex. Quibusdam quibusdam odit est accusantium recusandae aperiam temporibus.', 67, 'X'),
(78, 'Tello y Mascareñas A.C.', 'Eos sapiente quia neque. Accusamus assumenda numquam omnis quis cupiditate fugit. Ratione laborum laboriosam laudantium velit dignissimos facilis.', 352, 'Z'),
(79, 'Proyectos Guerrero y Nieto', 'Ipsa alias voluptas aperiam praesentium amet repellat non.\nEst quidem quae est a. Libero reprehenderit officiis itaque omnis veniam.\nQuae error debitis rem. Nulla fuga adipisci nostrum.', 202, 'W'),
(80, 'Club Aguayo-Zúñiga', 'Iste quasi voluptates. Nostrum debitis sapiente. Magnam itaque totam.\nLaborum cupiditate tenetur quasi. Explicabo eum dolorum earum molestias animi natus.', 243, 'M'),
(81, 'Gastélum, Venegas y Verdugo', 'Eius sapiente deleniti nulla reiciendis occaecati placeat. Tenetur omnis iste ipsam. Rerum asperiores eius asperiores.', 274, 'N'),
(82, 'Laboratorios de León y Curiel', 'In cupiditate soluta odio eum nulla. Quod temporibus blanditiis optio. At rerum animi iste nesciunt.', 372, 'J'),
(83, 'Club Meraz, Bueno y Vaca', 'Sit nihil debitis officia eaque. Ab rerum cum eaque blanditiis nisi. Id aliquam optio laboriosam.\nDelectus cumque nam sunt tempora doloremque adipisci. Ipsam ipsam unde velit.', 220, 'S'),
(84, 'Industrias Apodaca y Osorio', 'Alias nam sit voluptatem inventore.\nOfficia ipsam nam modi ipsa iusto impedit. Minus libero saepe distinctio aperiam. Sapiente quae officiis neque suscipit. Iusto totam hic.', 332, 'X'),
(85, 'Nava-Montañez A.C.', 'Aliquam quo veniam fugiat. Dicta rem delectus nam. Illum aspernatur tempore itaque molestiae.\nAut commodi iusto dolores. Alias nobis itaque perspiciatis ipsum minus.', 394, 'J'),
(86, 'Laboratorios Mondragón-Jasso', 'Optio facilis harum hic voluptatibus commodi. Ipsa sint natus itaque. Culpa odio aut distinctio velit assumenda.', 323, 'J'),
(87, 'Malave S.A. de C.V.', 'Neque modi aperiam quod nostrum.\nQuia minima deserunt itaque reprehenderit blanditiis voluptas. Doloribus magni quod minima necessitatibus.', 388, 'W'),
(88, 'Proyectos Adame, Saiz y Pantoja', 'Saepe natus ad placeat. Ut ducimus eum accusamus. Ad sit facere esse libero.\nEum quibusdam maiores esse repellat porro minima. Harum eos consequuntur nisi.', 114, 'Z'),
(89, 'Quezada-Prado S.A. de C.V.', 'Inventore quidem dolore animi commodi vitae distinctio. Autem nisi ab voluptatem eum voluptatum. Inventore hic quibusdam expedita.', 315, 'R'),
(90, 'Serrano y Mendoza y Asociados', 'Odio libero quibusdam quidem provident delectus repudiandae. Tempora nesciunt quaerat ipsum blanditiis aliquam maiores.', 110, 'J'),
(91, 'Carranza, Cardenas y Noriega', 'Dolores ratione repellat maiores a accusantium. Delectus unde assumenda laboriosam in officiis. Velit voluptates ad eveniet autem.', 170, 'X'),
(92, 'Quiroz-de la Torre', 'Unde minima aut deserunt repellat occaecati harum. Minus ea quos perferendis. Aperiam explicabo totam sapiente alias minima.', 222, 'J'),
(93, 'Corporacin Jimínez, Rentería y Jurado', 'Expedita molestiae saepe deserunt labore porro minima. Iste aliquam occaecati dicta non ea.\nNeque aperiam doloremque laborum odit recusandae. Et ipsum optio rerum tempora id assumenda distinctio.', 285, 'S'),
(94, 'González e Hijos', 'Repellat rerum at. Minus fugiat iure sit reiciendis. Illum rem totam dolore facilis.\nDolorum voluptatum tenetur quisquam voluptas. Accusantium commodi reprehenderit repellat veritatis.', 256, 'M'),
(95, 'Industrias Cervántez-Zaragoza', 'Nisi accusamus recusandae mollitia cum.\nRepellendus facere sunt expedita. Eum esse consequuntur aperiam eum tenetur. At occaecati tempora odit.', 145, 'Q'),
(96, 'Grupo Tapia-Cazares', 'Et fuga amet veniam. Possimus dignissimos ipsa.\nDolorem qui rem eligendi praesentium rerum. Ea unde incidunt rem hic. Quia reprehenderit odit repellat pariatur in. Beatae amet incidunt placeat.', 330, 'N'),
(97, 'Naranjo y Bueno S.C.', 'Facilis dolore a inventore porro doloribus ad. Modi libero aliquam nulla. Est deleniti voluptatum soluta.\nAt dicta vel illo sapiente tenetur assumenda. Ex placeat numquam maxime explicabo.', 151, 'J'),
(98, 'Montoya-Alcala', 'Sapiente eaque aut quia amet reiciendis. Voluptatem doloribus suscipit exercitationem qui. Esse animi eos reprehenderit voluptatum.', 302, 'Q'),
(99, 'Club Beltrán y Sarabia', 'Repellat eligendi reprehenderit at ab sint rem ab. Dolorum eum ab doloremque.\nIncidunt nihil atque. Esse officia numquam repellendus minus.\nAdipisci nemo ipsum.', 335, 'N'),
(100, 'Contreras-de la Garza S.C.', 'Porro inventore accusantium fugiat. Provident explicabo vitae aliquam itaque quia voluptates. Laudantium corrupti ipsa quisquam iusto.\nFacilis veritatis laudantium laborum expedita voluptate.', 224, 'S');

-- --------------------------------------------------------

--
-- Estructura de tabla para la tabla `direccion`
--

CREATE TABLE `direccion` (
  `ID_Direccion` int(11) NOT NULL,
  `NoControl_Alumno` varchar(8) NOT NULL,
  `CP` smallint(6) NOT NULL,
  `Estado` varchar(50) NOT NULL,
  `Municipio` varchar(50) NOT NULL,
  `Colonia` varchar(50) NOT NULL,
  `Calle` varchar(50) NOT NULL,
  `NoExt` smallint(6) NOT NULL,
  `NoInt` varchar(5) DEFAULT NULL
) ENGINE=InnoDB DEFAULT CHARSET=utf8mb4 COLLATE=utf8mb4_general_ci;

--
-- Volcado de datos para la tabla `direccion`
--

INSERT INTO `direccion` (`ID_Direccion`, `NoControl_Alumno`, `CP`, `Estado`, `Municipio`, `Colonia`, `Calle`, `NoExt`, `NoInt`) VALUES
(1, '09FA1846', 32767, 'Guerrero', 'San Luz los bajos', 'de la Montaña', 'Continuación Sur Luna', 469, NULL),
(2, '13GX6573', 32767, 'Durango', 'San Inés los bajos', 'los altos', 'Periférico Dueñas', 905, NULL),
(3, '04MB8674', 19270, 'Sinaloa', 'San Noemí de la Montaña', 'los bajos', 'Avenida Armenia', 163, NULL),
(4, '22NZ7522', 32767, 'Baja California', 'Vieja Camboya', 'de la Montaña', 'Corredor Congo', 650, '752'),
(5, '32CH7787', 32767, 'Zacatecas', 'San Horacio de la Montaña', 'los bajos', 'Viaducto Montoya', 669, '331'),
(6, '46XK7304', 32767, 'Baja California Sur', 'San Gregorio los bajos', 'los altos', 'Calle Avilés', 236, '386'),
(7, '86QL8367', 31020, 'Colima', 'Vieja Sudáfrica', 'los altos', 'Continuación Burkina Faso', 433, NULL),
(8, '77BF8449', 32767, 'Jalisco', 'Vieja Venezuela', 'los bajos', 'Calle Sur Roldán', 564, '831'),
(9, '89LS8809', 32767, 'Sinaloa', 'San Eric de la Montaña', 'los bajos', 'Viaducto Sur Almaraz', 408, '837'),
(10, '25MC3793', 32767, 'San Luis Potosí', 'San Porfirio de la Montaña', 'de la Montaña', 'Circuito Yucatán', 787, NULL),
(11, '34HX2371', 32767, 'San Luis Potosí', 'Nueva Tailandia', 'los altos', 'Calle España', 86, '377'),
(12, '86BJ1221', 32767, 'Querétaro', 'Vieja Saint Kitts y Nevis', 'los altos', 'Cerrada Santacruz', 881, '640'),
(13, '52GN0915', 18100, 'Hidalgo', 'Vieja República Centroafricana', 'de la Montaña', 'Circunvalación San Luis Potosí', 783, NULL),
(14, '01BD4854', 22033, 'México', 'Nueva Timor-Leste', 'de la Montaña', 'Privada Serbia', 281, NULL),
(15, '84ND3934', 17713, 'Querétaro', 'San Gabriela los altos', 'los altos', 'Calzada Michoacán de Ocampo', 904, '907'),
(16, '77BF8449', 31559, 'Veracruz de Ignacio de la Llave', 'Nueva Venezuela', 'de la Montaña', 'Avenida Macías', 433, '81'),
(17, '89LS8809', 32767, 'Hidalgo', 'Vieja República Popular Democrática de Corea', 'de la Montaña', 'Corredor San Luis Potosí', 240, NULL),
(18, '40HL1594', 32767, 'Oaxaca', 'Vieja República Checa', 'de la Montaña', 'Boulevard Palau', 69, '474'),
(19, '84ND3934', 32767, 'Coahuila de Zaragoza', 'Vieja Jordania', 'los bajos', 'Retorno Sinaloa', 601, '703'),
(20, '04MB8674', 32767, 'Michoacán de Ocampo', 'San Luis Miguel los altos', 'de la Montaña', 'Andador Sur Arevalo', 670, '479'),
(21, '99UX8447', 32767, 'Baja California Sur', 'Vieja Paraguay', 'de la Montaña', 'Retorno San Vicente y las Granadinas', 860, '327'),
(22, '50PP4370', 32767, 'San Luis Potosí', 'San Aldonza de la Montaña', 'de la Montaña', 'Privada Maya', 203, NULL),
(23, '03RC0143', 18927, 'Chihuahua', 'Vieja Papua Nueva Guinea', 'de la Montaña', 'Retorno Distrito Federal', 537, NULL),
(24, '55SF0908', 32767, 'Hidalgo', 'Nueva México', 'los bajos', 'Ampliación Morelos', 151, NULL),
(25, '25NS5411', 32767, 'Chiapas', 'San Jaqueline los bajos', 'de la Montaña', 'Boulevard Bahena', 862, NULL),
(26, '89LS8809', 29260, 'Distrito Federal', 'Vieja Honduras', 'los bajos', 'Corredor Sur Salcedo', 434, NULL),
(27, '41UC2231', 32767, 'Tabasco', 'San Pascual los altos', 'de la Montaña', 'Viaducto Iraq', 286, '839'),
(28, '22NZ7522', 32767, 'Oaxaca', 'Vieja India', 'los bajos', 'Circuito Badillo', 360, '870'),
(29, '90TZ2502', 32767, 'Jalisco', 'San Jorge Luis los bajos', 'de la Montaña', 'Circunvalación Norte Montaño', 350, NULL),
(30, '45RV9629', 32767, 'Aguascalientes', 'Nueva Canadá', 'los altos', 'Peatonal Santo Tomé y Príncipe', 393, '474'),
(31, '68PQ8052', 21497, 'Tabasco', 'Vieja Kenya', 'los bajos', 'Viaducto Nayarit', 663, '451'),
(32, '48FL0018', 17279, 'Aguascalientes', 'San Sandra los bajos', 'los altos', 'Cerrada Omán', 244, NULL),
(33, '25MC3793', 32767, 'Campeche', 'San José Carlos de la Montaña', 'los altos', 'Eje vial Norte Niño', 667, NULL),
(34, '28IR2408', 32767, 'Chihuahua', 'San Soledad los altos', 'los bajos', 'Ampliación Somalia', 344, '869'),
(35, '31OZ9989', 20366, 'Puebla', 'Nueva Cabo Verde', 'los bajos', 'Calzada Peres', 360, NULL),
(36, '43AK4528', 28065, 'Tabasco', 'San Esperanza los altos', 'los bajos', 'Corredor Santo Tomé y Príncipe', 440, '344'),
(37, '42TI9379', 32767, 'Nuevo León', 'San Clara los altos', 'de la Montaña', 'Pasaje Norte Lemus', 353, '379'),
(38, '28IR2408', 32767, 'México', 'San Isaac los altos', 'de la Montaña', 'Eje vial Argentina', 365, '427'),
(39, '60PI4188', 32767, 'Baja California Sur', 'San Federico los bajos', 'de la Montaña', 'Ampliación Gamez', 936, NULL),
(40, '25MC3793', 32767, 'Jalisco', 'Vieja Fiji', 'de la Montaña', 'Periférico Sur Pichardo', 196, NULL),
(41, '43UN7413', 32767, 'Campeche', 'San Karina los bajos', 'los bajos', 'Privada Botswana', 929, NULL),
(42, '02DS0458', 32767, 'Chiapas', 'Nueva Libia', 'los altos', 'Cerrada Ballesteros', 318, NULL),
(43, '28IR2408', 32767, 'Quintana Roo', 'San Lorena los altos', 'los altos', 'Circunvalación Hidalgo', 946, '898'),
(44, '10BM0122', 13174, 'Guanajuato', 'Vieja Eslovaquia', 'los altos', 'Andador Oquendo', 143, NULL),
(45, '82RC4556', 32767, 'Morelos', 'Nueva Ecuador', 'los altos', 'Peatonal Norte Romo', 191, '592'),
(46, '59RL9112', 32767, 'México', 'San Gerónimo los altos', 'los bajos', 'Eje vial Morelos', 721, NULL),
(47, '01BD4854', 19032, 'Aguascalientes', 'Vieja Singapur', 'los altos', 'Cerrada Swazilandia', 451, '606'),
(48, '09KG7755', 32767, 'México', 'Nueva España', 'los altos', 'Viaducto Kazajstán', 635, '977'),
(49, '18DF2919', 32767, 'Nuevo León', 'Vieja Venezuela', 'los bajos', 'Diagonal Sur Negrete', 75, '893'),
(50, '97MY7903', 32767, 'Baja California Sur', 'San Israel de la Montaña', 'de la Montaña', 'Boulevard Distrito Federal', 732, '863'),
(51, '89FW4755', 11532, 'Yucatán', 'Nueva Polonia', 'los bajos', 'Periférico Zambia', 664, '280'),
(52, '53RF3860', 32767, 'Baja California Sur', 'Nueva Liberia', 'los bajos', 'Diagonal Carbajal', 447, '907'),
(53, '31OZ9989', 32767, 'Chiapas', 'San Josefina los bajos', 'los altos', 'Calle Madera', 35, '569'),
(54, '14ET6753', 32767, 'Tlaxcala', 'Vieja Botswana', 'de la Montaña', 'Callejón Avilés', 937, '142'),
(55, '10BM0122', 32767, 'Baja California Sur', 'Nueva República de Corea', 'los bajos', 'Peatonal Tlaxcala', 181, NULL),
(56, '09KG7755', 32767, 'Oaxaca', 'Vieja República Democrática Popular Lao', 'de la Montaña', 'Cerrada Nuevo León', 53, NULL),
(57, '32GT2424', 18137, 'Jalisco', 'San Zoé los altos', 'de la Montaña', 'Eje vial Mondragón', 774, NULL),
(58, '43MG9667', 32767, 'Puebla', 'Nueva Somalia', 'los altos', 'Pasaje Guanajuato', 543, NULL),
(59, '78NW4307', 32767, 'Distrito Federal', 'San Leticia los altos', 'los altos', 'Viaducto Corrales', 885, '897'),
(60, '20JH1744', 15973, 'Guanajuato', 'San Alberto los bajos', 'los altos', 'Privada Morelos', 286, NULL),
(61, '43UN7413', 32767, 'Zacatecas', 'San Magdalena de la Montaña', 'los altos', 'Corredor Godínez', 517, NULL),
(62, '02DS0458', 23745, 'Veracruz de Ignacio de la Llave', 'Nueva Colombia', 'los altos', 'Eje vial Nayarit', 1, NULL),
(63, '04TD9565', 32767, 'Baja California Sur', 'San Frida de la Montaña', 'de la Montaña', 'Corredor Luxemburgo', 446, '88'),
(64, '02DS0458', 32767, 'Sonora', 'San Citlali los bajos', 'de la Montaña', 'Circunvalación Norte Lucio', 446, '292'),
(65, '54FB7283', 32767, 'Tlaxcala', 'San Wendolin de la Montaña', 'los altos', 'Calzada Norte Nava', 209, '832'),
(66, '83XK1745', 26802, 'Nayarit', 'San Lucas los bajos', 'los bajos', 'Viaducto Norte Baca', 904, NULL),
(67, '18DF2919', 32767, 'Morelos', 'Vieja República de Macedonia del Norte', 'de la Montaña', 'Circuito Pakistán', 236, '199'),
(68, '86BJ1221', 32125, 'San Luis Potosí', 'San Luis Manuel de la Montaña', 'los bajos', 'Pasaje Sur Escamilla', 730, NULL),
(69, '89FW4755', 32767, 'Oaxaca', 'San Mercedes de la Montaña', 'los bajos', 'Retorno Norte Castillo', 883, '562'),
(70, '53RF3860', 14475, 'Campeche', 'Nueva Ecuador', 'los bajos', 'Cerrada Norte Venegas', 18, NULL),
(71, '45RV9629', 32767, 'Hidalgo', 'San Débora los bajos', 'los bajos', 'Corredor Letonia', 876, '540'),
(72, '84ND3934', 32767, 'Yucatán', 'San Raquel de la Montaña', 'los altos', 'Avenida Sur Córdova', 864, NULL),
(73, '90TZ2502', 32767, 'México', 'Vieja Indonesia', 'de la Montaña', 'Eje vial Sur Martínez', 179, '247'),
(74, '06TG5783', 32767, 'Colima', 'San Frida los altos', 'de la Montaña', 'Corredor Estados Unidos de América', 548, NULL),
(75, '90GI3829', 29840, 'Veracruz de Ignacio de la Llave', 'San Carla los altos', 'los bajos', 'Circuito Cadena', 809, NULL),
(76, '83XK1745', 32767, 'Morelos', 'San Noemí de la Montaña', 'los bajos', 'Boulevard Grecia', 937, '682'),
(77, '84ND3934', 32767, 'Coahuila de Zaragoza', 'Vieja Malawi', 'los altos', 'Avenida Marroquín', 382, NULL),
(78, '40GT4434', 32767, 'Quintana Roo', 'San María Cristina los bajos', 'los bajos', 'Continuación Sur Gallegos', 73, '445'),
(79, '33QB2164', 27605, 'Campeche', 'San Jesús los bajos', 'los altos', 'Avenida República Democrática del Congo', 803, '325'),
(80, '98YS9997', 32767, 'Michoacán de Ocampo', 'San Micaela de la Montaña', 'los altos', 'Avenida Veracruz de Ignacio de la Llave', 689, '276'),
(81, '09KG7755', 32767, 'Querétaro', 'San Raquel los altos', 'de la Montaña', 'Calzada Quezada', 655, '227'),
(82, '50PP4370', 25367, 'Yucatán', 'San Elena de la Montaña', 'los bajos', 'Prolongación Guillen', 893, '46'),
(83, '27ZU1389', 32767, 'Veracruz de Ignacio de la Llave', 'Vieja Pakistán', 'los bajos', 'Calle Campeche', 772, NULL),
(84, '60LF3292', 32767, 'Hidalgo', 'Nueva Islas Marshall', 'de la Montaña', 'Callejón Coahuila de Zaragoza', 193, '404'),
(85, '35KN2523', 32767, 'Michoacán de Ocampo', 'San José de la Montaña', 'los altos', 'Privada Sur Osorio', 968, NULL),
(86, '29LY5279', 13701, 'Coahuila de Zaragoza', 'Vieja Islandia', 'los altos', 'Viaducto Querétaro', 151, NULL),
(87, '50PP4370', 27978, 'Morelos', 'Vieja República Democrática del Congo', 'de la Montaña', 'Retorno Menchaca', 831, '831'),
(88, '34HX2371', 32767, 'Guerrero', 'Nueva Granada', 'los bajos', 'Corredor República Democrática del Congo', 731, NULL),
(89, '61WG4586', 31316, 'Michoacán de Ocampo', 'Vieja Noruega', 'de la Montaña', 'Privada Suecia', 241, NULL),
(90, '31RC5702', 23203, 'Guanajuato', 'San Óliver los altos', 'de la Montaña', 'Callejón Australia', 130, NULL),
(91, '29LY5279', 32767, 'Durango', 'Nueva Venezuela', 'de la Montaña', 'Periférico Tamaulipas', 51, NULL),
(92, '99UX8447', 32767, 'Baja California', 'San Lucas los bajos', 'de la Montaña', 'Viaducto Rubio', 70, NULL),
(93, '19TN4271', 32767, 'Baja California', 'Nueva Grecia', 'los altos', 'Corredor Coahuila de Zaragoza', 751, '710'),
(94, '80QE2191', 12487, 'Jalisco', 'San Nayeli los altos', 'los bajos', 'Continuación Norte Navarrete', 116, '16'),
(95, '25NS5411', 32767, 'Zacatecas', 'Vieja Argentina', 'de la Montaña', 'Callejón Nicaragua', 84, NULL),
(96, '53RF3860', 32767, 'San Luis Potosí', 'Vieja Angola', 'los bajos', 'Peatonal Molina', 894, NULL),
(97, '80QE2191', 32767, 'Sinaloa', 'San Judith de la Montaña', 'de la Montaña', 'Cerrada Guanajuato', 573, NULL),
(98, '89FW4755', 32767, 'Sonora', 'San Óscar de la Montaña', 'de la Montaña', 'Boulevard Norte Gaytán', 728, '155'),
(99, '68PQ8052', 32767, 'Chiapas', 'San Cornelio los bajos', 'los altos', 'Continuación Afganistán', 997, NULL),
(100, '28IR2408', 32767, 'Tlaxcala', 'San Roberto los altos', 'los bajos', 'Avenida Sur Orta', 134, NULL),
(101, '95DH5376', 32767, 'Puebla', 'Nueva San Marino', 'de la Montaña', 'Viaducto Guyana', 916, '65');

-- --------------------------------------------------------

--
-- Estructura de tabla para la tabla `docente`
--

CREATE TABLE `docente` (
  `ID_Empleado` int(11) NOT NULL,
  `TipoContrato` tinyint(1) NOT NULL,
  `AreaConocimiento` varchar(50) NOT NULL,
  `Experiencia` tinyint(2) NOT NULL
) ENGINE=InnoDB DEFAULT CHARSET=utf8mb4 COLLATE=utf8mb4_general_ci;

--
-- Volcado de datos para la tabla `docente`
--

INSERT INTO `docente` (`ID_Empleado`, `TipoContrato`, `AreaConocimiento`, `Experiencia`) VALUES
(1, 1, 'Director de producción agropecuaria y silvicultura', 13),
(2, 0, 'Ensamblador de maquinaria mecánica', 9),
(3, 1, 'Operador de máquinas para fabricar productos de pa', 5),
(4, 0, 'Peón de pesca y acuicultura', 12),
(5, 1, 'Operador de grúas y aparatos elevadores', 24),
(6, 0, 'Operador de máquinas para fabricar productos fotog', 17),
(7, 0, 'Operario de la conservación de frutas, legumbres y', 11),
(8, 0, 'Gerente general', 8),
(9, 0, 'Barnizador', 15),
(10, 0, 'Zoólogo', 18),
(11, 1, 'Aparejador', 4),
(12, 0, 'Minero', 5),
(13, 1, 'Trabajador de cuidados personales en instituciones', 19),
(14, 1, 'Operario de la conservación de frutas, legumbres y', 20),
(15, 1, 'Operador de máquinas para fabricar productos de ma', 1),
(16, 1, 'Impresor', 26),
(17, 0, 'Profesor de universidades y de la enseñanza superi', 4),
(18, 0, 'Zoólogo', 5),
(19, 0, 'Peón de la construcción de edificios', 16),
(20, 0, 'Empleado de centro de llamadas', 14),
(21, 1, 'Avicultor', 7),
(22, 0, 'Conductor de camiones pesados', 30),
(23, 1, 'Panaderos, pasteleros y confiteros', 2),
(24, 1, 'Demostrador de tiendas', 29),
(25, 0, 'Vendedor por teléfono', 1),
(26, 0, 'Técnico en redes y sistemas de computadores', 28),
(27, 0, 'Ayudante de ambulancia', 2),
(28, 0, 'Conductor de vehículos accionados a pedal o a braz', 18),
(29, 1, 'Pintor y empapelador', 5),
(30, 0, 'Gestor de aduana', 8);

-- --------------------------------------------------------

--
-- Estructura de tabla para la tabla `documento`
--

CREATE TABLE `documento` (
  `ID_Documento` int(11) NOT NULL,
  `Nombre` varchar(50) NOT NULL,
  `Descripcion` text NOT NULL,
  `Ejemplo` blob NOT NULL,
  `RequisitosAdicionales` text DEFAULT NULL
) ENGINE=InnoDB DEFAULT CHARSET=utf8mb4 COLLATE=utf8mb4_general_ci;

--
-- Volcado de datos para la tabla `documento`
--

INSERT INTO `documento` (`ID_Documento`, `Nombre`, `Descripcion`, `Ejemplo`, `RequisitosAdicionales`) VALUES
(1, 'omnis.pdf', 'Sed sit tempora commodi consectetur recusandae. Deserunt odio quidem deleniti. Maxime laudantium repudiandae accusamus nihil.', 0x5258687762476c6a59574a7649484e70626e51675957516759574e6a64584e68626e52706457307549454669494846316157526c6253426b6232787663694268626d6c7461534270626e5a6c626e5276636d5575, 'Voluptatibus pariatur cupiditate cumque quaerat. Animi voluptatibus veniam ipsa sunt assumenda consectetur. Tempora veritatis accusamus explicabo labore id.'),
(2, 'assumenda.pdf', 'Ut enim sequi qui delectus officia. Labore eaque quis quas facilis debitis itaque.\nQuidem libero ipsum sapiente tempora. Ea rem vitae eveniet. Debitis rem facilis.', 0x556d56775a5778735a57356b64584d676158427a64573067635856705a47567449485a706447466c49484276636e4a764947396a5932466c593246306153426b61584e306157356a64476c764c6942555a57317762334a6849475276624739794948463159584d67593239756332567864574630645849675a47397362334975436b5a315a32456762476c695a584a7649475a6859326c7361584d675a47397362334a6c625846315a5342755a5846315a533467543252706443423262327831634852686379426b62327876636d6c6964584d6763326c74615778706358566c49474e76636e4a3163485270494846316157526c6253343d, 'Illo illo facilis exercitationem architecto quia rem magnam. Nihil exercitationem occaecati suscipit accusantium beatae sapiente. Dolores labore sit recusandae dolorum incidunt vel nostrum.'),
(3, 'odio.pdf', 'Perspiciatis inventore quis aut. Et at tenetur culpa cumque eveniet assumenda.\nSunt eaque occaecati ad assumenda quidem quasi. Saepe necessitatibus harum dolorum nostrum ipsum.', 0x5447466962334a31625342756457317864574674494842795957567a5a573530615856744947396b615851754945357063326b67615778736279426c62334d675a476c6e626d6c7a63326c7462334d7549464e31626e51676158567a6447386759574967615856795a53344b5357516763326c3049473531624778684947466b49484e76624856305953426b62327876636e56744c69425162334a796279427663485270627942706447467864575567646d56796279343d, NULL),
(4, 'temporibus.pdf', 'Mollitia dolorem quisquam totam animi. Vitae ea molestias dolorum.\nNostrum cum vel. Minus nulla tenetur.', 0x546d3975494746316443426c62476c6e5a57356b6153344b524756735a57357064476b676247466962334a6c4947357061476c7349484e3163324e7063476c304947466a5933567a59573131637942305a57317762334a6c4c69424462334a79645842306153427359574a76636e56744948463159584e70494746775a584a7059573067646d6c30595755675932397563325678645856756448567949476c7362473875, NULL),
(5, 'ad.pdf', 'Labore unde reiciendis itaque similique natus. Repudiandae libero porro accusamus perferendis. Ad aperiam quidem.', 0x526d466a6157787063794277636d466c6332567564476c316253426a62334a7762334a706379427459576475595730675a584a796233497549464a6864476c76626d55676358567063334631595730676332567864576b67633239736458526849476c73624738676332566b49485a6c636d38675a58517549456c746347566b61585167646d3973645842305958526c6379427361574a6c636d38675a58687762476c6a59574a764948463159584d675a473973623349676232317561584d75, NULL),
(6, 'ex.pdf', 'Magni explicabo expedita possimus iusto autem. Temporibus voluptatem porro voluptates necessitatibus. Officiis suscipit eos recusandae delectus dolorem consequatur earum.', 0x526e566e6157463049484e31626e51675957496763585676637934675358567a6447386763484a76646d6c6b5a57353049476c776332467449475a6859326c7361584d67593239746257396b615342706258426c5a476c304c69425762327831634852686379427359574a76636e56744947467a63475679626d463064584967646d3973645842305958526c637942746157353163794232623278316348526864476c6964584d67625739735a584e306157466c49476c7763324575, 'Error illo dolor natus aspernatur. Ea optio esse labore quos quasi. Esse quasi doloremque.\nIllo in autem ex. Dignissimos quis nemo numquam. Ea saepe atque minima quidem.'),
(7, 'voluptatem.pdf', 'Molestiae voluptate maiores aspernatur nemo asperiores quo rem. Hic veniam ab blanditiis. Ea quam quos.\nPlaceat deserunt quis fugit ipsum explicabo nemo. Incidunt eius nihil beatae sint sequi non.', 0x5157357062576b675a6e566e6157463049474e76625731765a476b67646d6c30595755754945467361584631595730675932397563325678645856756448567949474673615846316157516762325a6d61574e7061584d67615852686358566c4c694244645842705a476c305958526c49474673615846316157516763477868593256686443426862476c7864576c6b49474e3163476c6b61585268644755754945467a63475679615739795a584d67626d56786457556764475674634739795a5342786457467449476c736248567449473168615739795a584d75, 'Qui et dolorum accusamus fugit voluptas. Eveniet nam aliquam voluptatibus commodi rerum dolores eius. Voluptas repellendus quo explicabo.'),
(8, 'blanditiis.pdf', 'Quibusdam ex beatae suscipit doloremque sunt cumque molestiae. Dolore dolores nemo quae blanditiis voluptatibus ratione.', 0x555856706333463159573067626d463064584d67626d396961584d754945687059794275645731786457467449476c7362473867625739735a584e306157466c49474567626e567362474575494546775a584a70595730676457356b5a53426b64574e706258567a4947396a5932466c59324630615342305a57317762334a684c6770426443426b5a584e6c636e5675644342786457467a49485276644746744c6942555a57356c644856794947466b4947357061476c734947466b49484631595755676158567a644738675a47397362334a316253343d, NULL),
(9, 'doloribus.pdf', 'Reiciendis nulla tempora nulla qui autem. Enim occaecati inventore ullam temporibus similique voluptates.\nLaboriosam corporis nostrum maxime. Modi exercitationem impedit architecto non consectetur.', 0x56473930595730675a4739736233496762325a6d61574e7061584d67646d56756157467449474631644342795a58426c6247786c626d52316379426a6232357a5a574e305a585231636942326232783163485268644856744c69424e595764755957306763484a76646d6c6b5a57353049476c31636d55676158427a59534274595868706257557549464631595756795958516762324e6a5957566a5958527049473568625342325a57357059573067635856685a53427a595842705a5735305a53426b623278766369343d, NULL),
(10, 'magnam.pdf', 'Harum doloribus doloremque praesentium eveniet sed. Expedita necessitatibus officiis ut. Est adipisci ut.\nSequi sed corrupti sed. Dolores voluptatum optio illo. Odio qui sunt ipsam maiores iste.', 0x566d3973645842305958526c6253426b61584e306157356a64476c7649484631623251676158427a595730754946526c62584276636d6c6964584d676358566863794275623234675a47397362334967646d6c3059575575, NULL),
(11, 'nisi.mp4', 'Expedita dicta quam sequi eius cum veniam ipsa. Et non laudantium sit porro explicabo. Tempore cum odit nesciunt architecto vel. Dignissimos occaecati commodi quisquam.', 0x535856795a534270626942765a6d5a7059326c684947467a633356745a57356b5953426f59584a316253427864576c7a49485a6c636d38754945357063326b675a5868775a575270644745676257397362476c3061574567625739735a584e306157466c494756766379426b6157647561584e7a615731766379346752574679645730675953426c6548426c5a476c30595342786457397a494746316447567449474e76626e4e6c6358566864485679494756736157646c626d527049475668636e56744c673d3d, 'Ipsum dolore nam eum nemo. Nihil quod atque earum hic ullam doloremque. Eligendi in repellat dolorem.'),
(12, 'provident.pdf', 'Cupiditate molestias error fugit. Id tempora ipsa voluptatem numquam ipsam dignissimos.\nIncidunt voluptates reprehenderit. Iusto doloribus nam dolor officia. Ut suscipit at animi distinctio cumque.', 0x5247397362334a70596e567a494846316153427864576c68494746775a584a7059573067593356746358566c4c6942426458526c6253427864576c6b5a5730675a6e566e6157463049484e31626e5167634746796157463064584967626d5678645755676257466e626d6b75, NULL),
(13, 'soluta.jpeg', 'Distinctio recusandae quae exercitationem doloribus. Architecto non molestias quis.\nTempora adipisci exercitationem reiciendis dolorem odit. Nostrum debitis facilis eligendi fuga.', 0x546d566a5a584e7a6158526864476c6964584d67636d566a64584e68626d52685a5342786457397a494746694948426c636d5a6c636d56755a476c7a49475a315a3245754945357063326b67646d39736458423059584d67635856685a53426b61584e306157356a64476c764c67704659584a316253426a6232357a5a584631595852316369426a645842705a476c305958526c49484e766248563059534268644846315a53426c6158567a4c673d3d, 'Velit accusamus eius. Corrupti possimus ipsam minima suscipit quia et.'),
(14, 'facere.ppt', 'Sunt rerum eius soluta repellendus eaque porro. Laudantium harum vitae.\nFacere quo nihil cumque.\nModi accusamus consequatur nulla error tempore sint.', 0x52584a79623349676158427a645730675933567449485a6c62476c304c69424e6232527049475679636d397949475276624739795a573178645755675a574679645730676247466962334a7062334e686253426d59574e7062476c7a494752705a32357063334e706257397a49474e76626e4e6c63585631626e52316369343d, 'Fugiat illum voluptatem perspiciatis quasi ex. Incidunt unde sed vitae quam repellendus voluptates. Aspernatur aut dolorem itaque.'),
(15, 'blanditiis.mov', 'Voluptas dolor eaque odit consectetur veniam distinctio magni. Vitae quam exercitationem.', 0x5257467964573067636d5677645752705957356b59575567593356746358566c4947466b6158427063324e7049475634593256776448567961533467546d397a64484a316253426d6457646849484a6864476c76626d5567635856764c67705462327831644745676147467964573067593239796347397961584d6763585670596e567a5a4746744c69424f62334e30636e56744948463161584e786457467449484a6c63475673624756755a48567a49474e76625731765a476b75, NULL),
(16, 'blanditiis.avi', 'Voluptate at molestiae sed laboriosam commodi nisi. A mollitia pariatur soluta praesentium.', 0x546e567362474567646d39736458423059585270596e567a4947467a63475679615739795a584d675a574679645730675a586767625746346157316c4c69424a6333526c49484276636e4a76494756345a584a6a6158526864476c76626d5674494756346347566b6158526849474e76625731765a476b75, NULL),
(17, 'quo.bmp', 'Sapiente asperiores accusantium beatae quibusdam beatae ad eaque. Facere placeat tenetur.\nVoluptatem nisi illum repellat nesciunt deserunt. Quia dicta quasi.', 0x546d6c7a6153423164434231626d526c49476c6b4c694244645778775953427562323467593239746257396b6153426859324e316332467564476c31625342706247787649484a6c63475673624756755a48567a4c67704a6333526c49474631644342305a57317762334a70596e567a494756756157307549464e766248563059534275645778735953426d6457646849475276624739795a584d6762325270627934675247567a5a584a31626e5167626d396961584d67646d6c3059575567595749676233423061573875, 'Harum expedita totam alias. Eius minima vel quo accusamus error.\nDicta minima animi enim mollitia porro. Commodi nesciunt illum beatae autem aspernatur.\nVeritatis at nobis quos fugit.'),
(18, 'repudiandae.webm', 'Molestiae corrupti porro placeat voluptatum molestias. Perferendis necessitatibus id pariatur unde. Dolorum fugit qui impedit ea eveniet enim.', 0x546d46744947567a633255675a57397a4948427359574e6c59585167623252706443423262327831634852686447567a494746745a585175494531766247787064476c68494756325a5735705a5851675957787059584d67615778736279427762334a796279426f61574d7549454e76626e4e6c5933526c6448567949473170626e567a4947397764476c764948427663334e706258567a49476c776333567449484a6864476c76626d5575, NULL),
(19, 'voluptatem.html', 'Eaque ducimus ea laborum blanditiis perspiciatis. Voluptatem reprehenderit quisquam sunt ratione. Commodi ea quas quam ducimus porro laudantium.', 0x543342306157386763484a76646d6c6b5a57353049485673624746744947316865476c745a5334675558566863326b67636d566a64584e68626d52685a5342706333526c49485a6c636d6c30595852706379427a6157353049475a68593256795a5334675133567761575270644746305a53426b5a57786c626d6c3061534231644342686458526c625342795a576c6a615756755a476c7a494846315957567959585175, 'Itaque sapiente temporibus doloremque vero aperiam at. Eaque sed minima sit. Ratione explicabo molestiae.\nOfficia iste non sequi.\nPraesentium cum delectus commodi excepturi.'),
(20, 'voluptate.xlsx', 'Esse quod odit doloremque. Quo odio sapiente nostrum at iusto dolorum.', 0x556d567059326c6c626d52706379423262327831634852686379427a5a575167615856795a533467515342786457467449476c77633356744947527063335270626d4e30615738675a57467964573075436c4e7062576c73615846315a53426c65434268625756304948463161584e78645746744c6942435a5746305957556762576c756157316849475276624739794947397764476c76494756736157646c626d527049484a6864476c76626d556761573475494531685a3235704947567a6443427561584e704947396b61585175, NULL),
(21, 'explicabo.key', 'Aliquid laboriosam ut dolor pariatur repellat eligendi. Doloribus magni possimus nulla eaque perspiciatis veritatis pariatur. Natus numquam hic suscipit. Nihil nam possimus aliquam.', 0x513239746257396b6153426b62327876636d5567636d5679645730675a57467864575567646d5673615851676157787364573067636d56775a5778735a57356b64584d75494552705a32357063334e706257397a49485a6c624342755a5846315a53426b62327876636d6c6964584d75, 'Odio odit animi tempore. Recusandae sunt laboriosam. Perferendis repudiandae est dicta voluptatibus.\nLaudantium facilis vel numquam atque maiores. Tenetur atque eveniet libero ratione quo.'),
(22, 'consequatur.wav', 'Tenetur veniam sapiente nobis tempora porro. Aut quibusdam corrupti distinctio sed aspernatur enim.', 0x52574567626d6c7a6153426d6457647059585167625739735a584e306157466c4947396b6158517549455276624739795a57317864575567624746315a47467564476c316253426c65474e6c63485231636d6b675a5746786457557549465673624746744947466a5933567a59573131637942786457396b4c67704a626d4e705a4856756443427663485270627942686443426b62327876636e56744c69424764576470644342685a434279595852706232356c4c67704a6258426c5a476c3049474a735957356b6158527061584d675957316c644342795a574e31633246755a47466c4c6942535a58426c6247786864434232615852685a53426c646d5675615756304c673d3d, 'Dolor natus facilis sequi. Praesentium error dicta mollitia illo. Enim doloremque ullam ipsum.\nExercitationem ratione minus enim iusto. Eaque minima facilis.'),
(23, 'nam.jpeg', 'Deserunt quasi deleniti officia eius.', 0x525778705a3256755a476b6763326c74615778706358566c49484e3163324e7063476c3049484a6c61574e705a57356b61584d676247466962334a6c494746306358566c494746736158463161575175494642795957567a5a5735306158567449484a6864476c76626d55675a4756735a574e3064584d675a47397362334a70596e567a494731766247567a64476c686379346755335675644342685a43426d64576468494746316447567449484e6863476c6c626e526c49485a76624856776447463064573067636d566a64584e68626d52685a53343d, 'Libero nesciunt ut nobis fuga laboriosam accusamus. Deleniti impedit sequi sit reprehenderit molestiae illo. Voluptas facilis ut quasi ipsa facilis et.'),
(24, 'ratione.mp4', 'Vitae voluptates unde distinctio doloribus harum. Molestiae facere error vero exercitationem eveniet. Possimus delectus ducimus veniam in porro.', 0x5432317561584d6759584e7a6457316c626d526849473974626d6c7a4948526c62584276636d6c6964584d676332567864576b7549454e76625731765a476b676457356b5a534270626942755958523163794275595730675a57397a49475668636e5674494756756157307549455276624739795a5730675a584a7962334967625739735a584e306157466c49474e31625846315a5342685a43426b62327876636e567449485673624746744c673d3d, 'Amet enim praesentium aspernatur ducimus. Asperiores nulla cumque aut aperiam.\nOfficia numquam minima distinctio. Minus alias dolorum commodi. Temporibus labore saepe.'),
(25, 'veritatis.gif', 'Molestias dolorem quod sequi repellat. Repudiandae ad itaque nemo quos illo. Unde commodi rem quo dolore nemo ipsam.', 0x566d56796158526864476c7a49475276624739795a573067615778736457306761575167635856686379427359574a76636e567449473974626d6c7a4c694243624746755a476c3061576c7a49484e7064434279595852706232356c4947567064584d67626d6c6f61577767593239746257396b6153346751577870635856705a4342746232787361585270595342795a5842315a476c68626d52685a53427462327873615852705953427864573867636d56775a5778735958516763484a76646d6c6b5a5735304c673d3d, 'Magnam quos incidunt praesentium facere aspernatur. Possimus magni exercitationem aut doloremque cupiditate assumenda libero.\nOdit sit iusto et.'),
(26, 'iusto.gif', 'Adipisci quasi illum inventore officiis ratione. Repudiandae aliquid blanditiis aliquid perferendis error. Nam minima beatae placeat.', 0x5247397362334a6c625846315a53426b62327876636e567449476c77633245675a58686c636d4e7064474630615739755a57307549464e6c5a43423262327831634852686448567449477870596d56796279426f61574d67646d56796279344b51584e7a6457316c626d5268494756304947396a5932466c5932463061534270626d4e705a4856756443427864576b67626d6c6f615777676257467062334a6c63793467555856685a53426862476c686379426c6548427361574e68596d3867593239796347397961584d67626d5678645755676332566b4c673d3d, NULL),
(27, 'deserunt.png', 'Iste fuga eaque nihil laudantium adipisci nihil. Dolorem incidunt enim quas. Quibusdam assumenda aliquid.\nCum nam architecto enim minus. A repudiandae asperiores deleniti.', 0x56473930595730676257396b6153427462327873615852705953427659324e685a574e6864476b675a6e566e59534232615852685a533467545746346157316c49473576596d6c7a49485a6c636d6c3059585270637942795a5842795a57686c626d526c636d6c3049476c6b49485a706447466c4947357063326b75436b7870596d567962794270624778316253423062335268625342746232786c6333527059575567595334675157316c6443427359574a76636e567449474e76625731765a476b675a5868775a57527064474567626d566a5a584e7a6158526864476c6964584d75, NULL),
(28, 'voluptatibus.mp3', 'Neque laboriosam commodi debitis animi expedita. Nemo illo ipsa est hic sunt vel. Dolores doloribus delectus.', 0x526e566e6157463049475276624739795a57317864575567635856766379427762334a79627942305a57317762334a68494846316157526c62533467526d466a6157787063794275615768706243426c595846315a5342305a57317762334a6c49476c31633352764947356c5932567a63326c3059585270596e567a4948427962335a705a47567564433467566d5673615851676257466e626d4674494746694947526c6247566a6448567a49484a6c63475673624756755a48567a494746694c673d3d, NULL),
(29, 'natus.wav', 'Eveniet vero dolore earum aliquam cupiditate. Facere aperiam maxime praesentium velit at cumque.', 0x525851675a5735706253427662573570637942755a574e6c63334e706447463061574a316379427561584e7049484e706443346751323979636e567764476b676157356a61575231626e5167636d5677636d566f5a57356b5a584a70644342786457396b4948426c636e4e7761574e70595852706379426c62476c6e5a57356b615334675358427a64573067646d5673615851675a48566a615731316379343d, 'Blanditiis minus cupiditate rerum. Maiores similique iste beatae.\nDicta voluptatem quis sed. Pariatur tenetur quibusdam inventore quam.'),
(30, 'consequuntur.numbers', 'Sit iusto repellendus at tempora corporis magnam. Adipisci sapiente perspiciatis.\nTempora aperiam unde nulla. Excepturi blanditiis excepturi id.', 0x5447466962334a316253427864573867626d566a5a584e7a6158526864476c6964584d675a47397362334a6c62534268494746736158463159573067635856705a475674494731765a476b754945567a63325567624746315a47467564476c316253427062477876494846316157526c6253343d, 'Eius ipsam ex autem ex alias. Vitae soluta quisquam debitis magnam adipisci eum.'),
(31, 'dolore.odp', 'Voluptatem sequi nemo ullam voluptas ipsa excepturi quod. Nulla quis harum labore. Consequatur occaecati sint.', 0x5257467864575567646d6c30595755675a47397362334a31625342316443426a645842705a476c305958526c49473168615739795a584d67635856705a4756744c6942455a574a7064476c7a49475a68593256795a53426b62327876636d6c6964584d67593239796347397961584d67625739735a584e306157466c49484e76624856305953426a62334a7762334a706379344b5532567864576b675a574679645730675957316c644342786457467a615342786457466c4c69424d59574a76636d6c766332467449485a7662485677644746306457306759323979636e567764476b676157787362794232615852685a53427864576c7a635856686253343d, 'Quia voluptate exercitationem aperiam id odit. Sunt ab recusandae voluptas.\nEarum labore minus in ullam. Odit sit ad deleniti odio cumque voluptates. Error repudiandae fugiat porro.'),
(32, 'quis.flac', 'Non quis enim mollitia repellat a. Odit cumque eaque quia voluptatum. Id perspiciatis enim accusamus.\nSaepe delectus similique recusandae quae dicta. Quis ex ut id tempora itaque.', 0x566d5679627942755a574e6c63334e706447463061574a316379426a6232357a5a5846315958523163694231644342795a58426c624778686443426b61574e305953426b5a57786c59335231637934675357346759574e6a64584e68626e5270645730675957527063476c7a59326b67636d56775a5778735a57356b64584d6763473979636d387549454e76626e4e6c63585668644856794947467a63475679615739795a584d67646d397364584230595852316253427864576c7a635856686253423262327831634852686448567449485a6c636d6c3059585270637942325a584a706447463061584d75, 'Corrupti quidem tempore voluptatibus odit saepe autem. Commodi velit officia assumenda eos culpa. Dignissimos est libero laborum.\nEst rerum ad exercitationem saepe consequatur.'),
(33, 'deserunt.avi', 'Dolores cum aut libero. Fugiat nostrum sunt dolorem. Alias laudantium voluptates in optio. Dignissimos porro ab vitae vero reprehenderit alias.', 0x566d397364584230595852316253426a645778775953426c6548427361574e68596d38675a6e566e61585167644756755a5852316369427759584a7059585231636942685a476c7761584e6a6153344b555856765a43427064474678645755676257466e626d6b67626d397a64484a316253344b546e5673624745675a585a6c626d6c6c644342755958523163794274595764756153427063484e6849484e7064433467513239746257396b61534275615768706243426c65474e6c63485231636d6b67646d56796158526864476c7a49484e6c5a434268634756796157467449476c77633356744c673d3d, 'Architecto molestiae esse. Iure fuga facilis. Facere nemo perspiciatis voluptate itaque nemo.\nQuaerat voluptates optio fugit aspernatur distinctio id earum. Iure molestias dolore culpa rem.'),
(34, 'cumque.wav', 'Voluptatem aspernatur vel id veniam officia veniam. Fugiat eum voluptatibus cupiditate. Perferendis ducimus officia.\nEos quo saepe quo ipsam rem.', 0x55473979636d3867646d397364584230595852316253423262327831634852686448567449476c6b4948463159573067646d56734948463161584e786457467449475a315a326c686443346753476c6a4947466a5933567a5957353061585674494731766247787064476c684947357063326b7549464a6c63475673624756755a48567a494846316157526c62534277636d39326157526c626e51676247466962334a6c49475a315a326c304c673d3d, NULL),
(35, 'quidem.gif', 'Magnam rem magni quis accusantium. Aspernatur quaerat magnam voluptatum minus aliquam sunt molestiae. Aspernatur quod dolor quae reprehenderit maxime.', 0x535856795a53427762334e7a61573131637942755a574e6c63334e706447463061574a3163793467554756796333427059326c6864476c7a49484a6c5933567a5957356b59575567615734675a585a6c626d6c6c6443426b61574e305953344b566d3973645842305958526c625342735958566b595735306158567449484631595755676333567a59326c776158516763335675644342765a6d5a7059326c7063794270626d4e705a4856756443427063484e3162533467555856705a4756744947466b49485a76624856776447463061574a316379343d, 'Harum ipsam eos. Quasi sit exercitationem cumque corrupti.\nQuisquam aut tempore corporis. Ab voluptate fugiat quidem maiores accusamus non pariatur. Possimus natus laudantium vel.'),
(36, 'quod.mov', 'Quis quaerat reprehenderit assumenda repudiandae voluptate numquam maxime. Vero eaque repudiandae optio nihil tempora. Tenetur rem voluptate illum.', 0x556d56775a5778735a57356b64584d67646d5673615851675958426c636d6c686253426c65474e6c63485231636d6b67644756746347397961574a316379426b62327876636d56746358566c4c69424f61584e70494735316247786849484a6c5933567a5957356b595755676158427a595342795a573075, NULL),
(37, 'animi.mov', 'Sit at minus repellendus. Nobis ipsa quis eveniet beatae.\nQuasi laudantium adipisci quod. Error sint vero dolore.', 0x5248566a615731316379426b62327876636d5567626d6c7a6153426c6158567a49476c7549484a6c5933567a5957356b59575567593239746257396b6153346755585670596e567a5a47467449475a6859326c7361584d6764475674634739795953426862476c7864576c6b4c69424462323174623252704948526c62584276636d556763326c3049474e76626e4e6c63585668644856794948427359574e6c595851676457356b5a5342325a584a764c673d3d, 'Maiores culpa mollitia. Perferendis minima explicabo dolore repudiandae. Non illum numquam non ipsum tenetur odit.'),
(38, 'et.mp4', 'Ab incidunt velit minima. Provident sed quibusdam adipisci.\nQuis placeat beatae. Maxime dolor earum reprehenderit.\nVitae placeat non adipisci odit. Dignissimos mollitia facilis numquam.', 0x5358427a595342316443426a6232357a5a58463164573530645849675a476c6a644745675957357062576b675a57357062533467556d5677636d566f5a57356b5a584a706443427063484e68625342755a574e6c63334e706447463061574a316379426a6232357a5a584631595852316369426d59574e7062476c7a4c69424759574e7062476c7a49484268636d6c686448567949484276636e4a764c6942575a577767646d39736458423059585231625342795a5730675933567449475276624739795a5730675933567363474575, 'Dolorem impedit eveniet laborum ut mollitia.'),
(39, 'expedita.numbers', 'Eos molestias natus possimus doloremque magnam nostrum voluptate. Quas dicta sapiente provident.\nQuas aspernatur ad ut consequuntur ex. Vero ducimus odio porro quasi dolore.', 0x5532397364585268494756766379426c62476c6e5a57356b6153426b5a584e6c636e567564433467564756746347397961574a316379427759584a70595852316369426b61574e30595342325a5735705957306763585676637942776247466a5a5746304c6942535a574e31633246755a47466c49485a7662485677644746306457306762476c695a584a764948526c62584276636d4567646d56796158526864476c7a4947523159326c7464584d67615735325a57353062334a6c4c673d3d, NULL),
(40, 'totam.avi', 'Voluptatum optio animi consectetur beatae. Id unde totam architecto. Suscipit iste ea mollitia nemo.\nQuaerat distinctio ut dolorem soluta. Soluta in sit sequi adipisci iusto.', 0x51584e775a584a7062334a6c637942795a584a3162534279595852706232356c49474e31625846315a53423262327831634852686448567449475a315a3245675a585a6c626d6c6c6443344b556d567059326c6c626d527063794268626d6c74615342746232527049474a6c595852685a533467513356746358566c49475276624739795a53427064584a6c49474e316253426b62327876636d5567646d397364584230595852316253427063484e684c673d3d, 'Quisquam incidunt magni similique praesentium sapiente. Consectetur totam omnis quasi ipsum impedit sint quia.\nAb quisquam quasi culpa.'),
(41, 'quibusdam.css', 'Beatae est culpa delectus aliquam reprehenderit. Harum pariatur at quibusdam itaque.\nNesciunt dolor fuga asperiores molestias facere dolor.\nEligendi quibusdam eaque accusantium deserunt.', 0x525867676247466962334a6c4947396a5932466c59324630615342786457397a494756344c694246646d56756157563049473168615739795a584d67626d6c6f6157777549456c7559326c6b64573530494756766379426859324e316332467564476c31625342786457397a49474e76636e4276636d6c7a4948427359574e6c59585175436b35686253427a62327831644745676257466e626d467449476c75646d5675644739795a5342786457396b4948463161584d754946426c636e4e7761574e70595852706379426862476c78645746744948526c626d56306458496759585175, 'Excepturi eaque a inventore corporis. Optio impedit non architecto labore maxime. Et itaque omnis est laborum eaque reprehenderit.'),
(42, 'dolorem.html', 'Nihil culpa facere rem.\nQuae sapiente dolorum eum a repellat quam. Ab impedit molestiae laborum. Facilis soluta corporis consectetur.', 0x546d397549475276624739795a57317864575567635856764948526c62584276636d4567615734676257397362476c3061574567593356744c6942526457396b494842795957567a5a573530615856744947466949484e685a58426c494746775a584a7059573075494531766247567a64476c685a5342795a58426c6247786c626d5231637942786457467a6153426c65474e6c63485231636d6b675a48566a615731316379426b62327876636d56744c673d3d, NULL),
(43, 'facilis.tiff', 'Explicabo corrupti sint libero beatae praesentium. Ex illum fugit culpa nulla vero. Nihil ea sapiente.\nEarum sapiente repudiandae ipsam dolore. Quia ipsam ea fugiat ut vero necessitatibus.', 0x52476c6a644745675a473973623349675a584e7a5a5342795a574e31633246755a47466c4c694242644342706258426c5a476c3049484268636d6c68644856794c67704462323174623252704948526c62584276636d4567636d567059326c6c626d5270637942786457466c4947567561573075494556346347566b615852684947467a63475679615739795a584d675a6d466a61577870637942795a574e31633246755a47466c49476c7763335674494756684947466b6158427063324e704c69425159584a70595852316369426a6232357a5a58463159585231636942305a57356c64485679494756736157646c626d52704c673d3d, NULL),
(44, 'pariatur.mp3', 'Animi vel explicabo ratione. Sapiente magni repudiandae ut officiis sint.\nCulpa optio blanditiis ad praesentium vitae temporibus. Pariatur temporibus illum ut quisquam.', 0x516d56686447466c49476c77633246744947396b615851676447567463473979595342706258426c5a476c304c67704562327876636d55676332466c634755675a6e566e595342795a58426c6247786c626d52316379426a62323174623252704c6942535a58426c62477868644342685969427864576c6b5a5730675a57397a494731765a476b75436b356c62573867646d3973645842305958523162534232623278316348526864475567636d56744947316865476c745a53346756475674634739795a53426b62327876636d5567635856685a584a6864433467566d567361585167646d3973645842305958526c494756684948463161574575, 'Porro commodi consequuntur dolor nam. Dolorum impedit deleniti minus accusantium eum.'),
(45, 'necessitatibus.js', 'Doloremque veritatis veniam molestiae. Nemo enim modi dolorem odit dolor quaerat.\nEos dolorum reiciendis in. Tempore aspernatur accusamus quaerat. Ex alias magnam dolor.', 0x555856685a584a68644342685969426c646d56756157563049473576596d6c7a49485a7662485677644746305a534276634852706279426d645764706443426c646d5675615756304c677050625735706379426c6548426c5a476c305953426b6157647561584e7a6157317663793467525745675a6d466a5a584a6c4947466b6158427063324e704948463161574a31633252686253344b555856765a434278645746744948463159573067646d39736458423059585270596e567a4c673d3d, 'Expedita ea accusantium asperiores ea quis facere non. Numquam in ipsa nulla commodi.'),
(46, 'fugit.odt', 'Aliquid maxime repellendus perspiciatis dicta minima magni. Alias nesciunt officiis adipisci deleniti suscipit eaque. Voluptates ipsam adipisci eligendi.', 0x5247397362334a70596e567a49476c6b4948563049476c75646d5675644739795a53426a645730675933567761575270644746305a533467556d56775a577873595851676358567059534275615768706243426b62327876636e56744948463161534232623278316348526864476c6964584d75, 'Officia officiis quam molestias soluta perferendis. Quis atque pariatur hic odio quasi illum labore.\nConsequatur ea quas omnis.'),
(47, 'cumque.gif', 'Iste vero facilis possimus. Quaerat nesciunt fugiat facere. Harum alias magni deserunt minima.\nConsequuntur placeat nemo maxime sunt praesentium est.', 0x52585a6c626d6c6c644342765a476c764947466b6158427063324e704c69424a626d4e705a4856756443423262327831634852686447556763477868593256686443427a595842705a5735305a5342705a434275595852316379426a623231746232527049485a6c636d38754946567362474674494746306358566c494856755a47556763585670596e567a5a4746744947563162534270626e5a6c626e5276636d5575, NULL),
(48, 'tenetur.webm', 'Itaque veniam accusamus nesciunt. Provident necessitatibus maiores corporis.\nOfficiis ullam repellat nobis quam ea. Ipsa nam recusandae esse amet eveniet voluptas.', 0x5157527063476c7a59326b676157356a61575231626e51675958426c636d6c68625342786457387549464e70626e51675a57467964573067626d6c6f615777675a6d466a615778706379423262327831634852686447567a49484a6c61574e705a57356b61584d67596d7868626d527064476c706379344b54325a6d61574e70595342706333526c494731766247567a64476c685a53427a595842705a5735305a5342305a57356c644856794c69424a626942746232786c63335270595755675957787063585668625342765a6d5a7059326c684c673d3d, 'Iure quaerat aliquam nulla. Hic hic dicta commodi deleniti molestias autem. Facilis occaecati minima laudantium neque alias.\nFugit magnam perferendis voluptate repellat.'),
(49, 'corrupti.wav', 'Veniam maxime a dolorum voluptate excepturi explicabo. Numquam quaerat ipsum. Accusamus quisquam magni aliquid fugit asperiores tempora.', 0x5457467062334a6c637942795a5842315a476c68626d52685a534278645738676457356b5a53346754334230615738675a57467864575567626d5678645755675a58686c636d4e7064474630615739755a5730675a6e566e615746304c673d3d, 'Porro ducimus dolores perspiciatis totam. Voluptatum aut recusandae dolore. Error ipsa quia architecto voluptatum.'),
(50, 'maiores.mp3', 'Blanditiis voluptatum voluptatum unde recusandae. Eum temporibus facilis minima distinctio. Doloribus ipsa possimus accusamus optio.\nImpedit vel blanditiis molestiae animi unde.', 0x555856704947353162584631595730675a47397362334a6c6379426859694274595868706257557549454669494856304948526c62584276636d6c6964584d67615778736279426b62327876636d5567635856705a47567449476c31636d55675a476c7a64476c75593352706279344b534746796457306763585670595342706333526c494756346347787059324669627942786457467a615334675158516759323979636e567764476b67626d6c6f6157776761476c6a49474575, NULL);

-- --------------------------------------------------------

--
-- Estructura de tabla para la tabla `documento_alumno`
--

CREATE TABLE `documento_alumno` (
  `ID_Documento_Alumno` int(11) NOT NULL,
  `ID_Documento` int(11) NOT NULL,
  `NoControl_Alumno` varchar(8) NOT NULL,
  `Archivo` blob NOT NULL,
  `FechaPresentacion` date NOT NULL,
  `FechaVencimiento` date DEFAULT NULL,
  `Observaciones` text DEFAULT NULL,
  `Estado` varchar(10) NOT NULL
) ENGINE=InnoDB DEFAULT CHARSET=utf8mb4 COLLATE=utf8mb4_general_ci;

--
-- Volcado de datos para la tabla `documento_alumno`
--

INSERT INTO `documento_alumno` (`ID_Documento_Alumno`, `ID_Documento`, `NoControl_Alumno`, `Archivo`, `FechaPresentacion`, `FechaVencimiento`, `Observaciones`, `Estado`) VALUES
(1, 47, '55SF0908', 0x5157527063476c7a59326b675a5735706253426b6157647561584e7a61573176637942325a5777754946427962335a705a475675644342705a43427a6457353049477868596d3979645730676257396b6153346755335675644342776247466a5a57463049473974626d6c7a4c673d3d, '2023-05-03', '2024-03-16', NULL, 'Pendiente'),
(2, 42, '89MG6962', 0x544746315a47467564476c31625342795a58426c624778686443426859324e316332467464584d754945467a63475679615739795a584d67635856706379426862476c786457467449474675615731704947563459325677644856796153344b5247397362334a6c62534277636d39326157526c626e516763484a685a584e6c626e52706457306759574e6a64584e68626e5270645730676333567a59326c776158516762576c75615731684c69424562327876636d567449475679636d39794948427359574e6c595851676332566b49475a315a326c68644342706258426c5a476c304c673d3d, '2021-08-24', '2023-04-16', NULL, 'Aprobado'),
(3, 21, '46XK7304', 0x5532567864576b67626d6c7a6153426863475679615746744948426c636e4e7761574e7059585270637934675357356a61575231626e5167646d5673615851675a47397362334967593239796347397961584d754946463159584d67596d56686447466c49476c31636d556763585670596e567a5a4746744c6770426333426c636d6c76636d567a494846316157526c625342706247787649484e31626e51675a57467964573067626d567a59326c31626e5167595856305a57307549456c77633245676247466962334a6c49485a6c626d6c6862534279595852706232356c49474631644756744947466b4c673d3d, '2022-02-13', NULL, 'Sed iure nobis voluptate aperiam. Exercitationem quasi ab fugiat. Impedit alias praesentium expedita quod.', 'Aprobado'),
(4, 39, '61WG4586', 0x5358427a5953426c6548427361574e68596d386762325a6d61574e7059534268644846315a53426b5a584e6c636e56756443427762334e7a615731316379346754325a6d61574e705953427864576c7a494746756157317049485a6c6243344b5157787059584d676247466962334a6c49477868596d39795a5342786457466c494756686358566c4c694244645842705a476c305958526c4947467a633356745a57356b595342305a57317762334a70596e567a49475276624739795a5730676158427a59573075436c4e31626e51676457356b5a5342706258426c5a476c304c673d3d, '2023-06-04', '2024-08-02', NULL, 'Pendiente'),
(5, 44, '34MC4909', 0x52585167646d3973645842305958526c637942755a5731764c69424f645731786457467449484e6c5a43427a5a5846316153426d64576470595851675a6e566e6158516761575175436b5a315a326c3049476c73624738675a6e566e61585167646d56734c69424a624778316253426c59584a31625342686257563049476c7559326c6b645735304947467a63475679626d4630645849675a576c3163793467546d397549474567626d6c6f61577767624746315a47467564476c31625342795a574e31633246755a47466c49476c6b494746736157467a4947466b6158427063324e704c673d3d, '2021-04-08', NULL, 'Veniam repellat assumenda. Accusantium laboriosam atque enim itaque amet quas. Nulla dignissimos aut quos.', 'Pendiente'),
(6, 30, '90UZ5358', 0x566d56796158526864476c7a49477870596d5679627942685a476c7761584e6a6153426859324e316332467464584d675a57397a49475a6859326c7361584d754945526c6247566a6448567a49473576596d6c7a49476c754948526c62584276636d55675a4739736233496763484a685a584e6c626e527064573067615731775a575270644342786457396b4c69424a6247787649484a6c63475673624756755a48567a4947356c62573875, '2021-12-10', NULL, NULL, 'Pendiente'),
(7, 29, '27ZU1389', 0x555856765a4342686443426b62327876636d6c6964584d675a585a6c626d6c6c6443426c644342786457396b49475276624739795a533467546d463064584d675a476c6e626d6c7a63326c7462334d675933567363474567635856705953426b62327876636d5674494756325a5735705a5851675a5868775a57527064474575, '2021-03-13', '2025-01-04', 'Nemo quos facere dignissimos. Sed ratione reiciendis quia impedit atque ipsum. Dolorem distinctio accusantium repudiandae placeat assumenda.', 'Pendiente'),
(8, 10, '34MC4909', 0x54324e6a5957566a595852704948426c636d5a6c636d56755a476c7a49474631644334675248566a615731316379426c626d6c7449474e31625846315a53427562334e30636e5674494746316443427a5a5846316153427562324a70637942325a584a764c69424a626942305a57317762334a6849474e76636e4276636d6c7a49484e6863476c6c626e526c49475276624739795a57317864575575436c5a76624856776447467a494746306358566c4947356c6358566c49474e3163476c6b615852686447556761584e305a5334675247397362334a316253427a645735304947467a633356745a57356b5953427564573178645746744c673d3d, '2021-02-14', NULL, NULL, 'Pendiente'),
(9, 18, '20JH1744', 0x516d7868626d527064476c706379423262327831634852686448567449474679593268706447566a644738675a586767626d397549485a6c636d3875494535766333527964573067634746796157463064584967644756746347397961574a316379426862476c7864576c6b4c69424a5a43426b62327876636d6c6964584d67595856305a573067626d56786457557549465a6c636d6c30595852706379426b5a584e6c636e56756443427063484e316253426b5a57786c626d6c306153426c6443343d, '2021-09-14', '2023-12-31', NULL, 'Rechazado'),
(10, 19, '06TG5783', 0x524756735a57357064476b676358567063334631595730676358566863326b7549464e685a58426c4947397764476c7649476c7362473867634756796333427059326c6864476c7a494756345a584a6a6158526864476c76626d567449473168615739795a584d67625746346157316c4c6942466333516763585670596e567a5a47467449485a6c6243343d, '2023-12-26', NULL, NULL, 'Rechazado'),
(11, 5, '25MC3793', 0x54325a6d61574e70595342735958566b59573530615856744947356c6358566c49476870597942325a5777675933567761575270644746305a53346755473979636d38675a47397362334a6c6253426a645842705a476c305958526c49477868596d39796157397a595730675932397563325678645746306458497549465a6c624342305a57317762334a70596e567a4948463159573067633246776157567564475567626d6c6f61577767636d4630615739755a534277636d39326157526c626e5167626d566a5a584e7a6158526864476c6964584d75, '2024-01-30', '2024-05-07', NULL, 'Rechazado'),
(12, 48, '55SF0908', 0x5247397362334a6c625342765a6d5a7059326c706379427063484e316253426862476c686379426b62327876636d567a49484a6c634756736247463049484a6c636e567449474e3162533467535735325a57353062334a6c49484268636d6c686448567949476c77633246744c69424d61574a6c636d38676347786859325668644342745958687062575567636d5677636d566f5a57356b5a584a706443427864573867596d7868626d527064476c706379344b566d39736458423059584d67624746315a47467564476c316253426c65474e6c63485231636d6b67626d396961584d67626d6c6f615777676358567063794279595852706232356c4c673d3d, '2021-07-12', '2021-09-20', 'Molestiae tenetur laboriosam inventore ut. Reprehenderit velit impedit.', 'Aprobado'),
(13, 23, '19TQ5831', 0x5347467964573067626d397a64484a316253426f61574d675a574567636d5679645730675a4756735a57357064476b67625739735a584e306157466c4c69424562327876636d56744947466b49475a315a326c30494846316153346751574e6a64584e68626e52706457306763326c74615778706358566c4947527059335268494735686253426862476c686379343d, '2021-04-07', NULL, 'Porro sit ipsam commodi impedit dolores. Minus modi id atque distinctio eligendi.\nLabore laboriosam provident officia ex beatae. Odio voluptas minus tempore perferendis.', 'Aprobado'),
(14, 16, '43MG9667', 0x5647567463473979595342706269427a62327831644745676332466c634755675a4756735a574e3064584d67646d3973645842305958526c4948463159584d75494556345a584a6a6158526864476c76626d56744948526c626d563064584967636d5677645752705957356b595755675957787063585668625342795a576c6a615756755a476c7a4948463161584e78645746744c673d3d, '2023-11-14', '2024-12-04', 'Quam maiores saepe quis. Nam consequuntur eveniet est aspernatur.\nUllam vitae quibusdam ipsam. Aut hic dicta. Animi qui corrupti repellendus quidem officiis dicta officia.', 'Rechazado'),
(15, 24, '04TD9565', 0x52584e3049484a6c63484a6c614756755a47567961585167635856765a434268634756796157467449484e7662485630595342795a576c6a615756755a476c7a4c69424f5a5846315a53427864576c7a63585668625342686333426c636d356864485679494731685a3235704c6942546457353049473576596d6c7a49484e7062576c73615846315a53427a645735304948426c636e4e7761574e70595852706379343d, '2022-03-21', NULL, NULL, 'Aprobado'),
(16, 26, '54HS4839', 0x5457466e626d4674494856755a4755675a584a7962334975436c463162334d675957357062576b6762325270627942685a476c7761584e6a6153427864576c6b5a57306762325a6d61574e7059533467546e567463585668625342786457466c636d4630494731766247567a64476c686379426c6158567a4c673d3d, '2022-04-26', NULL, 'Omnis maiores optio facilis inventore veritatis ab optio. Nihil dolores possimus repudiandae.\nAmet deleniti sit culpa iure nulla temporibus. Dolorum hic laboriosam nihil rerum iure.', 'Rechazado'),
(17, 46, '01BD4854', 0x56475674634739795a53426a645842705a476c305958526c49474e76636e4a316348527049484e70626e51675a57357062533467513239756332567864585675644856794947567663794268636d4e6f6158526c593352764947356c6358566c49485a6c626d6c68625334675157357062576b67644756746347397961574a3163794268644846315a53426f59584a316253343d, '2021-05-10', NULL, NULL, 'Aprobado'),
(18, 18, '99UX8447', 0x556d566a64584e68626d52685a53427864576c6b5a5730676332566b4947527662473979645730675a47397362334a6c625846315a5342786457396b49484e6c5a43344b546d463064584d67626d46744947396d5a6d6c6a61576c7a494731766247567a64476c686379427864576c7a63585668625334675558567649475668636e567449475276624739795a53426b62327876636d56746358566c4947356c6257386763326c3049484a6c5933567a5957356b595755675a47397362334a6c6253343d, '2023-11-10', NULL, NULL, 'Pendiente'),
(19, 4, '35KN2523', 0x55323973645852684947467a63475679615739795a584d675957787059584d67593356746358566c4948527664474674494731766247787064476c68494756325a5735705a58517549465a6c636d3867626d5674627942776247466a5a57463049484e6c635856704947356c5932567a63326c3059585270596e567a49485a76624856776447467a49484276636e4a764c673d3d, '2022-05-07', NULL, 'Nihil ratione atque fugiat. Dignissimos occaecati nostrum a inventore.\nAliquid nisi asperiores odio unde illum animi quisquam. Tempore laborum sunt voluptatum rem optio nemo.', 'Pendiente'),
(20, 4, '31RC5702', 0x54324e6a5957566a5958527049473170626d6c745953426b62327876636d6c6964584d6764475674634739795a534231644342325a5735705957306763585670633346315957307549464e7062576c73615846315a5342686458526c62534268626d6c746153426b62327876636d567a4c67705762327831634852686447567a4947527063335270626d4e306157386763585670637942795a58426c6247786c626d5231637934675153426859324e316332467564476c316253426b5a57786c59335231637942326232783163485268644756744c677042626d6c746153426d59574e7062476c7a4947466a5933567a59573131637942706333526c4c673d3d, '2021-09-27', '2023-07-31', NULL, 'Pendiente'),
(21, 29, '89MG6962', 0x5447466962334a6c49485a7662485677644746305a53426c595846315a5342795a576c6a615756755a476c7a49484e70626e516759584e775a584a7062334a6c6379426863334e31625756755a47457549464e6c6358567049484e6c5a43426b623278766369426c6547567959326c30595852706232356c62533467556d5677636d566f5a57356b5a584a706443423262327831634852686448567449484e6c5a434268634756796157467449473531624778684c69425159584a7059585231636942706269426a62334a79645842306153426c62476c6e5a57356b615342325a5778706443343d, '2023-09-20', '2024-09-09', NULL, 'Aprobado'),
(22, 22, '65PJ8580', 0x51323975633256786457463064584967644739305957306763473979636d38675a584a79623349675957787059584d7549455276624739795a584d67646d5673615851676358567663794268645851676332566b494852766447467449476c75646d5675644739795a53344b52476c7a64476c7559335270627942755a574e6c63334e706447463061574a31637942326232783163485268644756744948427359574e6c595851675957357062576b67626d567a59326c31626e5175494531765a476b67596d56686447466c49485a6c626d6c686253343d, '2021-08-01', '2024-01-22', 'Doloremque tempore officiis nam quia odit. Sed aspernatur maxime esse saepe.\nLabore architecto aut voluptate maxime.', 'Aprobado'),
(23, 28, '01BD4854', 0x515749675a47397362334a6c625846315a534231624778686253427762334a796279346751574e6a64584e68626e527064573067615751675957787059584d675a58676759574e6a64584e68626e5270645730675a57456759584e775a584a75595852316369427a5a57517549455a6859326c7361584d67634778685932566864434270626942305a57356c644856794c673d3d, '2021-08-29', NULL, 'Eius voluptatum iure iusto quis. Ipsum atque quibusdam aspernatur illo nihil aliquam. Libero inventore a ipsum eveniet incidunt rerum.\nBlanditiis illo iste ab quasi. Iure quod sed libero.', 'Rechazado'),
(24, 25, '35LR5617', 0x5358427a59573067615734675a6e566e61585167626d6c6f61577775494556345932567764485679615342755a574e6c63334e706447463061574a316379426c595846315a53426863334e31625756755a47456762576c7564584d675a4756696158527063793467546d397549474e31624842684947357061476c734948463161584e78645746744948426c636e4e7761574e7059585270637942776247466a5a5746304947567a6443426a6457317864575575, '2023-03-29', NULL, NULL, 'Rechazado'),
(25, 15, '34MC4909', 0x566d567349474a6c595852685a53426c62476c6e5a57356b6153426c5953426c62476c6e5a57356b6153426b62327876636d56746358566c4c69425464584e6a615842706443426b62327876636e56744947316865476c745a53426c6158567a494746775a584a7059573075436c463161584d67626d4674494846315957306759584e7a6457316c626d52684947356c6358566c4c69424a626e5a6c626e5276636d5567595852786457556763324677615756756447556759574e6a64584e68626e527064573067626e5674635856686253427063484e686253343d, '2023-04-13', NULL, NULL, 'Rechazado'),
(26, 9, '95DH5376', 0x5257467964573067636d4630615739755a53426a62334a7762334a706379426d59574e6c636d5575494546736158463159573067626d567864575567626d567a59326c31626e516761584e305a534274595764756153427a6157317062476c78645755675a57457549465a76624856776447463064573067626d4674494731766247567a64476c68637942325a584a764c6770576232783163485268644856744947467a633356745a57356b5953426b62327876636934675357356a61575231626e5167626d397a64484a3162534270626934675247397362334a6c4947396b615851675a6e566e615851676457787359573067646d567561574674494756766379343d, '2023-12-12', '2024-05-25', NULL, 'Aprobado'),
(27, 38, '35KN2523', 0x546d56746279426a6232357a5a584631595852316369427a595756775a5342786457467a615342766348527062793467546d3975494735766269426849476c77633246744c677046626d6c7449475276624739795a53427562324a706379426c59533467566d3973645842305958526c637942795a576c6a615756755a476c7a49476c7a644755676232317561584d6761577873645730676157356a61575231626e51676332567864576b754945526c62475675615852704947467361584631615751675a585a6c626d6c6c644342765a476c304947396b61573875, '2022-11-20', '2023-12-25', NULL, 'Pendiente'),
(28, 5, '25NS5411', 0x5247397362334a316253426c595846315a53426b6157647561584e7a615731766379427a61585167633356756443427a6157317062476c78645755675958426c636d6c68625334675358427a595342685a476c7761584e6a6153427064584e3062794268626d6c746153426a6232357a5a584631595852316369343d, '2021-06-22', '2023-07-13', NULL, 'Rechazado'),
(29, 6, '39VP9278', 0x5532566b494746306358566c4947356c63324e70645735304947316865476c745a5342305a57356c6448567949475a6859326c7361584d67626d463064584d67635856766379344b564756755a585231636942305a57317762334a6c49484e6863476c6c626e526c49484e76624856305953427562323467646d3973645842305958526c4947457549464e7064434270624778316253427564577873595342786457467a6153426c6158567a494746694c69425264576c7a49477868596d39796457306762576c756157316849484e7062576c73615846315a53346755585670595342795a58426c62477868644342706447467864575575, '2023-07-29', '2023-11-13', 'Quae est explicabo aut accusantium aliquam. Nam corporis delectus laudantium. Blanditiis ipsam mollitia dolorum.', 'Pendiente'),
(30, 2, '89MG6962', 0x556d4630615739755a5342706258426c5a476c3049485a6c636d6c305958527063793467546e56736247456763473979636d3867646d567361585167636d56744948526c62584276636d556762476c695a584a7649475a315a326c304c69424a6247783162534270624778764947687059794270626e5a6c626e5276636d5567646d39736458423059584d75, '2023-06-01', NULL, NULL, 'Aprobado'),
(31, 21, '82RC4556', 0x55473979636d3867593239756332566a64475630645849676158427a59573067646d5673615851754945467a63475679615739795a584d6763484a685a584e6c626e5270645730676257466e626d467449475679636d397949475276624739795a5731786457556761476c6a4c673d3d, '2023-01-05', NULL, NULL, 'Rechazado'),
(32, 14, '31OZ9989', 0x55326c756443426b62327876636e56744947467a633356745a57356b5953426c636e4a766369427a595756775a53426a645778775953426a6457787759533467525735706253423262327831634852686447567449475a315a326c68644334675157787059584d675a5778705a3256755a476b675957357062576b67646d39736458423059585270596e567a4c6770505a476c3049476c30595846315a53427459576475615342755a584e6a615856756443426864433467546d56746279426b62327876636d56746358566c4947356c5932567a63326c3059585270596e567a49477870596d56796279427063484e6849475276624739794948427962335a705a4756756443343d, '2021-07-15', NULL, 'Nisi totam nam. Itaque itaque voluptatibus. Vel voluptates possimus deserunt.\nVeniam error porro qui. Facilis voluptate ipsum quia illum facere. Eius sequi nemo tenetur error fugit.', 'Rechazado'),
(33, 2, '95XO6978', 0x56475674634739795953426b5a57786c626d6c306153427063484e68625342325a584a76494756686358566c49473170626e567a4c6942526457396b494746745a585167646d56796158526864476c7a49484e70626e516759577870635856705a433467545739735a584e306157467a49473170626e567a49485a7662485677644746305a5730676457356b5a53427459576c76636d567a49475276624739795a573075, '2023-09-10', NULL, 'Est numquam molestiae ad placeat doloremque exercitationem. Nihil assumenda assumenda corporis ipsa.', 'Aprobado'),
(34, 46, '34EF1483', 0x556d56775a577873595851675a584a79623349676158427a5957306763326c304c69425264576c6964584e6b595730676333567a59326c7761585167615852686358566c49474e76636e4276636d6c7a4c6942555a57317762334a6849484a6c63484a6c614756755a4756796158516764473930595730676257467062334a6c637942756457317864574674494752766247397961574a31637942325a577767623252706443346752574678645755676158567a644738675a4756735a574e3064584d67636d56775a5778735a57356b64584d75, '2021-09-05', '2022-11-16', 'Hic vitae officia blanditiis a nam fuga. Nulla maxime eaque assumenda eum. Dignissimos voluptate saepe saepe.', 'Pendiente'),
(35, 14, '53RF3860', 0x5357356a61575231626e51675a47397362334a6c6379427864576c6849484e70626e5175494546736157467a494756316253426c6158567a494735686448567a49475276624739795a584d67635856765a434275615768706243344b5133567761575270644746305a53426c63335167626e567463585668625342686333426c636d6c76636d567a4947466b6158427063324e704947467361584631595730675a5745754945463164475674494846316157526c625342795a5730675a5868775a5752706447457549456c7763324567646d3973645842305958526c6379427864573867635856685a53426a6232357a5a584631595852316369426c6548426c5a476c305953343d, '2021-12-05', '2022-11-19', 'Impedit hic sapiente atque eveniet. Illum ratione rerum iure totam deleniti. Voluptatibus sed esse recusandae rerum fugiat.', 'Pendiente'),
(36, 16, '45RV9629', 0x566d3973645842305958526c6379427864576b67626d566a5a584e7a6158526864476c6964584d675a6e566e59534268634756796157467449485a6c626d6c68625334675153427864576b6761584e305a53426c62476c6e5a57356b6153426c636e4a766369427864576c7a4c67704562327876636e567449484e70626e51675a4756696158527063793467553239736458526849474e31625846315a5342325a5735705957307549455270593352684947567064584d676332566b4c673d3d, '2023-08-27', NULL, NULL, 'Aprobado'),
(37, 49, '98YS9997', 0x556d56775a5778735958516759577870635856705a4342746232787361585270595342305a57317762334a70596e567a49485a76624856776447467a49473576596d6c7a494856304c67704f623234675a5778705a3256755a476b675a475669615852706379426b5a584e6c636e567564433467555856766379423062335268625342765a476c76494746316443426859324e316332467464584d6764585167646d39736458423059584d7549464e6c5a43426c626d6c7449485a76624856776447463064573067626d6c6f61577767646d3973645842305958526c4947466949485a76624856776447467a4c673d3d, '2022-03-25', NULL, 'Molestiae rerum ipsum sapiente voluptate.\nNostrum eaque cum ipsam minima. Doloribus animi possimus inventore ducimus.', 'Aprobado'),
(38, 48, '97MY7903', 0x5447466962334a6c4947466b6158427063324e704947456762324e6a5957566a5958527049484e7662485630595342786457467a6153426a6232357a5a58463164573530645849754945356c625738676257396b61534275595852316379427864576c6849475a315a326c3049473168615739795a584d75436c4a6c63484a6c614756755a475679615851675957787059584d67595851675a58686c636d4e7064474630615739755a57307549464a6c61574e705a57356b61584d67615751675a5778705a3256755a476b6763585676637942795a574e31633246755a47466c49474575, '2023-04-23', '2023-09-09', NULL, 'Pendiente'),
(39, 16, '55SF0908', 0x566d39736458423059585270596e567a49477868596d397964573067626d6c6f615777675a47567a5a584a31626e5167626d6c6f615777676157356a61575231626e51675a48566a615731316379346755326c30494731685a323568625342706447467864575567625746346157316c49485a76624856776447463061574a31637942305a57317762334a6c494745675a584e7a5a53344b535778736279426863334e31625756755a474567635856705a47567449485a6c636d6c30595852706379426a645842705a476c305958526c49476c75646d5675644739795a53343d, '2021-11-28', '2023-01-16', NULL, 'Pendiente'),
(40, 17, '20JH1744', 0x546e5674635856686253426b5a574a7064476c7a494846316153426c6543426c6158567a49485a6c626d6c686253343d, '2021-04-05', '2024-06-25', 'Rem est porro impedit voluptates omnis nobis assumenda. Ad a odit cum vitae. Dolorem asperiores atque labore.\nMollitia velit quis vitae. Suscipit tenetur porro.', 'Aprobado'),
(41, 21, '46VM3561', 0x5247397362334a316253427864576c6849475a68593256795a53423262327831634852686447567a49484e31626e5167596d7868626d527064476c7063793467566d5673615851675a58687762476c6a59574a764948426c636d5a6c636d56755a476c7a4c677054615735304948463161584e786457467449477868596d39795a5342765a6d5a7059326c706379427064584e30627934675133567761575270644746305a53426c6548427361574e68596d38675a47397362334a6c6253426a6232357a5a574e305a5852316369427a595842705a5735305a53343d, '2022-05-28', '2023-06-04', NULL, 'Aprobado'),
(42, 29, '42TI9379', 0x5657787359573067626d396961584d675958426c636d6c686253427864576c7a635856686253426c64434230623352686253426c63334e6c4c6942535a58426c624778686443426c6548427361574e68596d3867625746346157316c49474567626d39754c6770575a57787064434274595764756153426a64573178645755675a6e566e615851754946463159584e7049474679593268706447566a644738675a473973623349675a4756735a57357064476b675a574575, '2023-10-26', NULL, 'Provident numquam aut error molestiae consectetur. Ea ratione quos recusandae maiores.', 'Rechazado'),
(43, 7, '25NS5411', 0x566d3973645842305958526c6379427562324a7063794270626e5a6c626e5276636d55675a47566961585270637942786457466c636d46304c673d3d, '2021-03-04', '2023-07-07', 'Expedita cupiditate vitae enim fugit cum quas. Hic sint ipsam nostrum eligendi. Voluptatibus laudantium mollitia eveniet et quisquam.', 'Aprobado'),
(44, 50, '83NH1424', 0x556d5677645752705957356b59575567623252706443426c646d567561575630494756736157646c626d52704947356c63324e70645735304c69425762327831634852686448567449476868636e56744947467a63475679615739795a584d67615731775a5752706443346755484a685a584e6c626e52706457306762325a6d61574e7061584d6763326c3049485a7662485677644746305a573067596d56686447466c4947396a5932466c593246306153343d, '2021-08-05', NULL, NULL, 'Rechazado'),
(45, 17, '63AS9071', 0x55477868593256686443427759584a7059585231636942686333426c636d6c76636d567a49485a6c62476c3049473170626e567a4c69424665434275645731786457467449474e316248426849485a76624856776447463064573067626d56746279426a6232357a5a58463164573530645849676158427a5953426c6547567959326c30595852706232356c62533467535731775a57527064434268596942305a57317762334a6c49474575, '2022-12-07', '2023-01-15', 'Minus veniam et minus veniam. Maiores eveniet consequuntur unde nemo. Ipsum ex deserunt officiis adipisci.\nSint odit suscipit unde quis occaecati.', 'Aprobado'),
(46, 14, '35KN2523', 0x545746346157316c494735686448567a4948463161584e7864574674494731685a3235686253346753476c6a49484e7062576c73615846315a53426b5a584e6c636e567564434270626d4e705a4856756443344b5357356a61575231626e5167646d3973645842305958526c6253427561584e704947396a5932466c593246306153427864576c684947526c596d6c3061584d676332566b4c69424959584a316253426b62327876636d6c6964584d67645851675a58567449475634634778705932466962793467513239746257396b6153427a595756775a534276634852706279426b5a574a7064476c7a49473170626d6c7459534232615852685a53343d, '2023-08-12', NULL, NULL, 'Pendiente'),
(47, 1, '89LS8809', 0x52584e3049474e31625342786457396b49476c7a644755676158567a6447386759585278645755675a6e566e615851754946463162794274595764756153426b62327876636d567449474631644342795a58426c62477868644342326232783163485268644856744c67705264576c7a635856686253427064584a6c49484a6864476c76626d5567595856304c6942455a584e6c636e5675644342795a58426c624778686443426849484e31626e5167626d39754948526c62584276636d6c6964584d6761573475, '2022-08-24', NULL, 'Culpa aperiam distinctio nostrum quaerat facere omnis. Voluptatem enim itaque blanditiis numquam harum.', 'Rechazado'),
(48, 17, '02DS0458', 0x52574679645730676158427a645730676157356a61575231626e5167634756796333427059326c6864476c7a4c67704d59574a76636d55675957787059584d67615735325a57353062334a6c49476c75646d5675644739795a5334675247397362334a6c6253427359574a76636e567449484a6c6347567362474630494846316157526c6253344b55585670596e567a5a4746744947356c5932567a63326c3059585270596e567a49476c30595846315a53426b62327876636d56744c673d3d, '2023-11-14', NULL, 'Quidem hic repellendus corrupti enim amet. Velit veniam quae harum occaecati deleniti nobis.\nIpsum neque aspernatur adipisci officiis quo ipsam. Amet saepe facere quisquam dolore ad excepturi.', 'Pendiente'),
(49, 24, '40GT4434', 0x5447466962334a316253427762334e7a615731316379426859324e316332467464584d676158427a64573067615778736279427562324a706379427561584e704c69424e615735706257456762324e6a5957566a595852704948463162334d67624746315a47467564476c316253346751577870635856686253426a64577877595342795a574e31633246755a47466c494756346347566b615852684947396d5a6d6c6a615745675a6e566e61574630494746304c69425264576c6964584e6b5957306761474679645730675958426c636d6c68625342305a57356c6448567949484a6c636e56744c673d3d, '2022-01-30', NULL, 'Exercitationem veniam perspiciatis nisi accusamus nihil mollitia. Voluptas modi eligendi sapiente.\nUllam sint dolorem. Provident quis fugit ratione fuga incidunt deserunt.', 'Pendiente'),
(50, 11, '83NH1424', 0x54576c7564584d67635856766379426b62327876636d567a4947396b615738675953426a645778775953426b61584e306157356a64476c764c6942546158516762325a6d61574e7059534268626d6c746153426859324e316332467564476c31625342746232786c6333527059584d75494646315957567959585167646d3973645842305958526c6379426862476c686379427864576c7a49473531624778684c6942466548426c5a476c30595342755a574e6c63334e706447463061574a316379426862476c786457467449477868596d39796157397a59573075, '2023-12-24', NULL, NULL, 'Aprobado'),
(51, 38, '58OE2832', 0x5157316c6443426c65474e6c63485231636d6b675a476c6e626d6c7a63326c7462334d6763585670596e567a5a4746744947396b61585175494556346347566b61585268494752705933526849484e3163324e7063476c30494752766247397949484e7662485630595342795a574e31633246755a47466c4947526c596d6c3061584d75, '2021-07-03', NULL, 'Accusantium accusantium esse. Inventore alias placeat.\nFugit vel perspiciatis.\nAccusamus harum adipisci reprehenderit. Eligendi ipsa et nihil.', 'Rechazado'),
(52, 12, '94UI0330', 0x52574567646d397364584230595852316253427a595756775a53427864576b6763585670595342795a576c6a615756755a476c7a4947526c63325679645735304c69424764576470595851675a4756735a574e3064584d6762325a6d61574e70595342765a476c304c6942426333426c636d356864485679494856755a4755675a47397362334967626d397549474e31625846315a534232623278316348526864476c6964584d75, '2023-09-08', NULL, NULL, 'Rechazado'),
(53, 41, '30HA9209', 0x52585a6c626d6c6c6443426f61574d6763484a76646d6c6b5a57353049485a6c636d3867636d567059326c6c626d5270637942746232786c6333527059584d7549465a706447466c4947563449474e76626e4e6c6358566864485679494756325a5735705a5851676232527062794268596942325a584a706447463061584d75436b5a68593256795a534274595764756153426c5953426c63335175436b56345a584a6a6158526864476c76626d567449484e70644342765a6d5a7059326c70637942756232347549464e3163324e7063476c304948463161574567636d567059326c6c626d52706379427562324a706379427a61585175, '2022-07-20', NULL, 'Quo maxime dolore velit. Sed quisquam nemo autem suscipit temporibus.', 'Aprobado'),
(54, 22, '83XK1745', 0x5447466962334a7062334e686253426b5a57786c593352316379426862476c7864576c6b4c694242636d4e6f6158526c59335276494852766447467449484a6c6253426c595342755a5846315a53427864576c6964584e6b595730675958516761584e305a53346754324e6a5957566a5958527049474e76636e4276636d6c7a49475a315a326c686443426a645778775953427a64584e6a6158427064434268644846315a53343d, '2021-03-12', '2022-04-20', NULL, 'Aprobado'),
(55, 23, '60PI4188', 0x5247397362334a6c625846315a5342735958566b595735306158567449477868596d39795a53426b62327876636d55675a58517549454e76626e4e6c5933526c64485679494746756157317049484276636e4a76494731765a476b675a58516759584a6a61476c305a574e306279346754334230615738675a585674494846316157526c6253426a645778775953344b54325a6d61574e7061584d676358567049484268636d6c68644856794c673d3d, '2023-10-03', NULL, 'Voluptatibus inventore ipsum qui. Quibusdam quibusdam magnam. Nisi nobis dolor occaecati sunt. Perferendis harum corrupti.\nCommodi facilis ducimus dignissimos modi vitae. Iure labore pariatur.', 'Rechazado'),
(56, 27, '04MB8674', 0x555856705a4756744948527664474674494756325a5735705a585167634756795a6d56795a57356b61584d67595342786457467a4c6942505a476c7649476c7559326c6b6457353049474a735957356b6158527061584d6759577870635856705a4342746157353163794230623352686253426c646d5675615756304c6942465953426a62334a7964584230615342786457396b494756736157646c626d52704c673d3d, '2023-02-16', '2023-12-07', 'Perspiciatis placeat optio quam architecto dolores odit iste. Delectus delectus fugiat excepturi reprehenderit.', 'Pendiente'),
(57, 17, '61BE3603', 0x546d567a59326c31626e51675a6d466a5a584a6c49476c7559326c6b6457353049474a6c595852685a53426a6232357a5a58463164573530645849675957787059584d67645851754945567a633255675a47397362334a6c494856304948426c636d5a6c636d56755a476c7a4c6942535a5842795a57686c626d526c636d6c3049474e3163476c6b61585268644755675a476c6e626d6c7a63326c7462334d675933567449475a6859326c7361584d67633246776157567564475575, '2021-11-24', '2022-05-03', 'Perspiciatis recusandae debitis explicabo. Quibusdam aliquid nesciunt excepturi.', 'Pendiente'),
(58, 34, '86QL8367', 0x5547397a63326c7464584d67626e5674635856686253427a615851675a584e304947396b61573867624746315a47467564476c31625342746232786c6333527059584d7549453170626e567a49484e76624856305953427a595756775a5342786457467449477868596d3979645730754945467361584631615751676247466962334a6c4947523159326c7464584d675958426c636d6c686253427359574a76636d556759323975633256786457463064584975, '2021-03-11', NULL, NULL, 'Pendiente'),
(59, 22, '06TG5783', 0x553246776157567564475567593356746358566c494746745a58516759574e6a64584e68626e527064573067635856766379426b5a574a7064476c7a494756345a584a6a6158526864476c76626d56744c69424259324e316332467464584d6762476c695a584a76494746756157317049474e316253344b535778736279427561584e7049484276636e4a7649485a7662485677644746306457307549455276624739796457306763473979636d3867615778736279426c646d5675615756304c69425264576c6964584e6b59573067635856706379426c5953427063484e684948526c62584276636d4575, '2022-06-15', NULL, 'Accusantium magnam quisquam tenetur corporis. Repellat reprehenderit modi fugit itaque enim placeat.', 'Rechazado'),
(60, 12, '63FX5143', 0x526d466a61577870637942775a584a6d5a584a6c626d52706379427a64573530494756756157306759574e6a64584e68626e5270645730675933567761575270644746305a5342686333426c636d3568644856794c69424961574d67646d56756157467449475634593256776448567961534268644846315a5342795a574e31633246755a47466c4947357061476c734c677057623278316348526864485674494756344947567a6443427a615735304c6942466158567a4947526c62475675615852704947466a5933567a59573131637942746232786c6333527059584d75, '2023-08-28', NULL, 'Libero ratione minus dolor vitae. Itaque ab impedit architecto.\nPariatur fugit officia aspernatur odio aperiam minus. Assumenda neque occaecati. Nam recusandae rem porro modi.', 'Rechazado'),
(61, 2, '99JX5897', 0x555856705a4756744947467a63475679626d463064584967646d6c3059575567593239756332566a6447563064584967646d6c30595755675957497549455a68593256795a5342765a476c304947567064584d675a48566a615731316379427a6157317062476c78645755676358566863326b67644756755a585231636934675358567a64473867625739735a584e306157466c494746304948463159584d67635856765a4342786457467a4c6942426443427864576c6964584e6b5957306763326c74615778706358566c4947466b6158427063324e7049484e70626e5167646d567361585175, '2023-11-20', '2024-11-05', 'Sit repellendus reprehenderit inventore voluptas ratione. Quibusdam iure alias atque animi temporibus consequatur excepturi. Dicta temporibus consequatur quo praesentium culpa totam cumque.', 'Rechazado'),
(62, 42, '86QL8367', 0x5432317561584d675933567761575270644746305a5342756457787359533467524756696158527063794232615852685a5342795a58426c6247786c626d5231637942765a476c764947397764476c764c67704e595764755957306759323979636e567764476b6759585278645755675a6e566e6158517549465a76624856776447463061574a316379427864576c6b5a57306762576c75615731684948526c62584276636d45754945466a5933567a595735306158567449484e6c6358567049475276624739795a5730676358566863326b67625746346157316c4947396b6157386759335674494756345a584a6a6158526864476c76626d56744c673d3d, '2023-11-12', '2024-01-25', NULL, 'Pendiente'),
(63, 14, '43MG9667', 0x51323979636e567764476b676332567864576b675a476c6a6447456764475674634739795a53426b5a57786c593352316379427a595842705a5735305a53344b5532566b494746775a584a70595730675a58687762476c6a59574a76494746775a584a705957306759335673634745676332566b4948463161584d67636d567059326c6c626d5270637934675132397563325678645856756448567949474a735957356b6158527061584d675958426c636d6c686253426b61574e30595342775a584a6d5a584a6c626d5270637942776247466a5a5746304947567a633255675a6e566e61585175, '2023-12-19', NULL, NULL, 'Aprobado'),
(64, 28, '28IR2408', 0x555856686379427359574a76636d6c76633246744947467a633356745a57356b5953426d59574e7062476c7a49484e7662485630595342765a476c764948526c62584276636d4567646d56796279346754325270644342795a5730675a6d466a5a584a6c494731766247787064476c684c69424f64573178645746744948526c626d56306458496763473979636d386763585670596e567a5a47467449474e31625846315a53426862476c78645746744c673d3d, '2024-01-04', '2025-01-19', 'Neque sunt error soluta commodi nisi porro. Asperiores perferendis repellendus distinctio incidunt explicabo. Pariatur voluptatem totam.', 'Pendiente'),
(65, 27, '49CF4395', 0x556d56796457306759585278645755675a47397362334a70596e567a49473568625342755a574e6c63334e706447463061574a316379426c636e4a766369344b5247397362334a6c625846315a53426d59574e6c636d556763473979636d3867625746346157316c49476c77633246744947397764476c764c69424562327876636d567449484268636d6c68644856794948463162334d67626d566a5a584e7a6158526864476c6964584d67646d5675615746744c6942466547567959326c30595852706232356c6253427a615851675a47397362334a6c4948463159573075, '2021-10-03', '2023-08-17', 'Eius necessitatibus aliquid repudiandae hic sunt. Explicabo modi iure quam.\nQuisquam delectus eveniet. Aperiam nesciunt mollitia omnis ut assumenda ducimus. Ea ullam odit fugit dolore.', 'Aprobado'),
(66, 13, '59RL9112', 0x556d4630615739755a5342755a5846315a53426c6547567959326c30595852706232356c625342706269427063484e68494756345932567764485679615342755a5731764c694243624746755a476c3061576c7a49476c7549474a6c595852685a5342765a476c764948463162325175494556766379426a645730676358567063334631595730675a476c7a64476c7559335270627934675133567363474567615852686358566c49476c7362485674494756325a5735705a585175, '2022-10-23', NULL, 'Quia distinctio aut dolores. Vitae recusandae iste velit.\nMolestiae voluptatem amet voluptates incidunt consequuntur earum quod. Rerum omnis incidunt nostrum. Voluptas ipsa eveniet.', 'Rechazado'),
(67, 13, '53RF3860', 0x555856686379426b6232787663694274595868706257556759575167595856305a5730675a584e7a5a5342795a58426c62477868644334675547786859325668644342695a574630595755675a576c316379426b62327876636d567449474e76636e4276636d6c7a49485a7662485677644746305a573075, '2022-06-25', '2024-06-12', 'Voluptates architecto ut voluptates quis esse. Aperiam molestiae aperiam aliquam eaque cum.\nPerspiciatis accusantium voluptates laboriosam. Porro animi voluptatum illo neque.', 'Rechazado'),
(68, 4, '90GI3829', 0x546d397a64484a316253427562334e30636e56744947396b6157386759584e7a6457316c626d526849484a6c6348566b615746755a47466c49484e6863476c6c626e526c49485a7662485677644746305a5730754946463161574a316332526862534277636d39326157526c626e51675a585167635856764c69424a64584a6c494756684947466a5933567a595731316379427a64584e6a6158427064434278645746744c69424e6232786c633352705957556762325a6d61574e705953426a623231746232527049484631623251675957316c644342325a584a764c673d3d, '2022-04-13', '2022-06-14', 'Incidunt voluptatem unde accusantium corporis facilis. Porro minus nostrum sit. Quidem iure nobis delectus libero inventore. Iure dolor est voluptates maxime quas quia.', 'Pendiente'),
(69, 10, '78NW4307', 0x546e5673624745675a4756735a57357064476b6763585670595342776247466a5a574630494746306358566c49474e3163476c6b6158526864475567646d3973645842305958526c6253346752574679645730675a47397362334a6c625846315a5342765a6d5a7059326c68494735316247786849484a6c6348566b615746755a47466c494731685a3235686253426d645764706443343d, '2022-08-01', '2023-01-04', 'Libero sint et ducimus. Odio temporibus quos officiis blanditiis nesciunt iusto. Soluta ex at neque fugiat illum. Sunt suscipit blanditiis iure voluptate ab doloremque.', 'Aprobado'),
(70, 16, '95DH5376', 0x5558567059534268626d6c746153427361574a6c636d3875494531765a476b6759323979636e567764476b676247466962334a316253426a64573075436c563049484a6c6253427462327873615852705953423262327831634852686447567a494756736157646c626d52704c69424262476c686379427361574a6c636d3867644756746347397961574a316379427864576c7a494735316258463159573067635856766379426b5a584e6c636e567564433467566d3973645842305958526c4948526c62584276636d45676257396b615342786457467a6153426c6158567a4c673d3d, '2021-06-22', NULL, 'Impedit maxime doloribus eos illum ea dolores. Vero a necessitatibus nemo suscipit voluptatibus. Autem unde eaque.', 'Pendiente'),
(71, 24, '09FA1846', 0x516d56686447466c49485a76624856776447463061574a316379426c62476c6e5a57356b615342706333526c4947567064584d754945563449476c7362473867633239736458526849476c7559326c6b6457353049475a68593256795a5342305a57317762334a70596e567a4948526c62584276636d557549453974626d6c7a494846315957556761575175, '2022-06-01', NULL, NULL, 'Rechazado'),
(72, 38, '06TG5783', 0x53584e305a53427562324a706379427a6157353049473170626d6c74595342786457467a4c69424249473168615739795a584d67593239796347397961584d7549455676637942685a4342795a576c6a615756755a476c7a494746694c677056624778686253427561584e704947786864575268626e5270645730675a6e566e5953427a5a5751754945567663794270624778316253426c6548427361574e68596d38675a58677549454a735957356b6158527061584d676247466962334a316253427561584e7049485a6c636d38754945567a63325567626d397549485a6c6243426a645730675957316c6443343d, '2023-02-15', NULL, NULL, 'Aprobado'),
(73, 42, '40YR2349', 0x526e566e6158516762325a6d61574e705953426b62327876636d567a4948463162794276625735706379427759584a70595852316369427a5a575167646d56796158526864476c7a4c69424e59576c76636d567a49474679593268706447566a6447386763323973645852684948526c626d563064584967644756746347397961574a316379344b5457396b615342746232786c63335270595755675a586767646d567361585167596d7868626d527064476c706379426a62323174623252704c67704662476c6e5a57356b6153426b5a584e6c636e56756443426a6457317864575575, '2022-09-17', NULL, NULL, 'Pendiente'),
(74, 31, '43UN7413', 0x5247397362334a6c6253426b62327876636d56744947467a63475679615739795a584d676332567864576b6759323975633256786457463064584967645851675a47397362334a6c625846315a534278645746744c69424f5a574e6c63334e706447463061574a316379427a5a5846316153426b62327876636d56746358566c4c673d3d, '2023-12-29', NULL, NULL, 'Aprobado'),
(75, 11, '50PP4370', 0x546d567a59326c31626e51675a47397362334a70596e567a49485a6c626d6c68625342795a584a316253344b546e567362474567644756755a5852316369427562334e30636e56744c69424562327876636d556763326c3049484a6c63475673624756755a48567a4948427359574e6c59585167626d6c7a615342706447467864575575436b56346347566b6158526849476c7559326c6b64573530494756756157307549454e76636e4276636d6c7a49474e3162484268494746306358566c4c6942526457396b4947466a5933567a5957353061585674494756684947357063326b67593239796347397961584d67635856685a53343d, '2021-11-01', '2022-02-26', 'Dolorem nihil voluptatibus eum. Expedita suscipit cupiditate non labore magni.\nPorro similique at nulla. Perspiciatis doloremque magni.', 'Aprobado'),
(76, 3, '34HX2371', 0x5532566b49474679593268706447566a644738675a576c316379426c62476c6e5a57356b61533467546d6c6f6157776763326c74615778706358566c494752705a32357063334e706257397a49475a315a326c686443344b564756755a585231636942786457466c636d46304947357063326b67636d56775a5778735a57356b64584d6762576c7564584d67646d39736458423059585270596e567a49485a6c626d6c6862533467556d56775a57787359585167636d56775a5778735a57356b64584d67636d567964573067596d7868626d527064476c706379346752576c31637942795a58426c624778686443426c626d6c744948427663334e706258567a4948463159584d75, '2022-01-07', NULL, 'Quae culpa repudiandae voluptate quas.\nVitae ab aliquam suscipit aliquam. Explicabo omnis ducimus architecto. Cupiditate at porro dolorem quaerat necessitatibus voluptatem.', 'Aprobado'),
(77, 13, '83NH1424', 0x54334230615738675933567449476c7362473867635856686253427864576c6849473974626d6c7a4947356c5932567a63326c3059585270596e567a494731765a476b7549455a6859326c7361584d67623252706279426859324e316332467564476c31625342735958566b595735306158567449474e76636e4a31634852704948427962335a705a4756756443426c5953343d, '2023-02-12', '2023-03-17', NULL, 'Rechazado'),
(78, 6, '84ND3934', 0x566d56736158516763326c74615778706358566c49484276636e4a7649477868596d39796157397a59573075436b31766247567a64476c685a5342305a57317762334a6c49475276624739795a584d67626d567462793467555856765a43426a62334a7762334a70637942305a57317762334a70596e567a49475270593352684947353162584631595730675a47397362334a6c625846315a53343d, '2022-08-30', '2023-03-16', NULL, 'Rechazado'),
(79, 11, '78NW4307', 0x5157316c644342755a5731764947526c596d6c3061584d6762325a6d61574e7061584d675a47567a5a584a31626e5175494556684948427663334e706258567a494731685a3235704c67704562327876636942685969426b62327876636d567a494731685a323568625342795a576c6a615756755a476c7a49474e76636e4276636d6c7a4947457549455276624739795a57317864575567623252706443426a62334a796458423061534277636d466c6332567564476c316253423262327831634852686447567a49474e76626e4e6c5933526c64485679494752766247397964573075, '2022-08-23', '2024-03-25', NULL, 'Rechazado'),
(80, 45, '54FB7283', 0x566d56756157467449476c7763324674494735686253426a645842705a476c305958526c49476c7a6447557549455631625342786457466c4948463161574567626d56746279426c636e4a766369344b55326c74615778706358566c494746756157317049484e6c635856704947357061476c73494846316153427a64584e6a6158427064434270626d4e705a4856756443427864576c6964584e6b59573075494546316443427a5a5846316153427063484e68625342685a434275595730675a58686a5a58423064584a70494735766333527964573075, '2021-07-05', '2021-09-18', 'Eaque maiores accusamus mollitia porro optio.\nRecusandae ipsa unde. Voluptates doloribus incidunt. Saepe voluptates iure ex error.\nAliquam quia porro delectus. Quos optio minus quod quas sequi.', 'Rechazado'),
(81, 30, '42TI9379', 0x516d7868626d527064476c706379427a645735304947467a63475679626d4630645849675a585a6c626d6c6c644334675247397362334a6c625846315a534269624746755a476c3061576c7a4947397764476c7649476c746347566b615851675a4756696158527063794274623252704c69424462334a7762334a706379427459576c76636d567a49485a6c62476c3049485a706447466c49484631615334675447466962334a7062334e686253426c626d6c744947466949473170626e567a49484e70626e5175, '2023-05-01', '2023-07-19', 'Ducimus corrupti esse ea sapiente. Modi repellendus iure accusamus minus eaque soluta.\nTotam neque culpa. Ad unde quos minus dolor. Libero praesentium provident id.', 'Rechazado'),
(82, 15, '60PI4188', 0x546d396961584d676358567063334631595730675a47397362334a3162534279595852706232356c4c694256624778686253426b5a57786c593352316379426c646d56756157563049484e6c5a434268644846315a534270624778764c69424a63484e6849476c77633356744947396b61585167635856685a584a68644342795a574e31633246755a47466c4c6770505a476c304947396b615851675958426c636d6c686253426c644342765a476c304947353162584631595730676158567a6447387549454e76636e4276636d6c7a4948526c62584276636d556762325270627942685969343d, '2022-04-13', '2024-02-15', NULL, 'Pendiente'),
(83, 8, '61WG4586', 0x5457466e626d467449474e316253426c595846315a53426a645778775953426859324e316332467564476c316253426b64574e706258567a4948463161584d75494546306358566c4947466b4948463159584d6759574e6a64584e686258567a49484268636d6c68644856794947356c5932567a63326c3059585270596e567a4947396b61573875436c5a76624856776447463064573067646d567561574674494746775a584a7059573067595856305a57306762576c75615731684947396d5a6d6c6a61576c7a4c6942426333426c636d6c76636d567a49485a6c636d6c3059585270637942325a57787064434278645738676257467062334a6c6379426c64573075, '2021-11-10', '2022-08-11', NULL, 'Pendiente'),
(84, 21, '80QE2191', 0x5347467964573067626d6c7a6153426a64573067623252706279427864576c7a635856686253346752476c6e626d6c7a63326c7462334d67646d56796279426a645778775953426c646d5675615756304948463162334d67646d56734c69424f6457787359534232623278316348526864476c6964584d67615735325a57353062334a6c4c673d3d, '2021-05-08', NULL, NULL, 'Aprobado'),
(85, 25, '49CF4395', 0x524756735a574e3064584d676457356b5a53427a615735304947526c6247566a6448567a49484e3163324e7063476c3049474e316248426849484268636d6c686448567949485a706447466c4c69424562327876636e567449476c7559326c6b645735304948463159575679595851676257396b6153427759584a705958523163693467566d6c3059575567633356756443426a6232357a5a5846315958523163694277636d466c6332567564476c316253426b5a584e6c636e5675644342735958566b59573530615856744948427962335a705a4756756443426c6548427361574e68596d3875, '2022-10-21', NULL, NULL, 'Pendiente'),
(86, 31, '60PI4188', 0x5158516763484a685a584e6c626e5270645730675a48566a615731316379426b6157647561584e7a615731766379426c6548427361574e68596d3867645778735957307549454e76636e4a316348527049484e6863476c6c626e526c494852766447467449474669494731766247567a64476c685a534231626d526c4c6942535a584a31625342795a58426c62477868644342746232786c6333527059584d67635856685a5342765a476c7649476c7362473867626e5674635856686253346755326c75644342795a584a3162534276625735706379343d, '2022-03-27', '2024-10-08', 'Quisquam consectetur error eum eveniet. Deserunt debitis corporis quam temporibus debitis blanditiis natus. Ea ducimus eligendi at.', 'Pendiente'),
(87, 24, '43AK4528', 0x52585a6c626d6c6c644342795a58426c624778686443427864576c7a4947356c625738675a58687762476c6a59574a7649474567623252706279346751584a6a61476c305a574e306279427a6157317062476c7864575567646d567361585175, '2022-03-20', NULL, 'Adipisci error alias sunt perferendis cumque velit. Rerum voluptatem corporis quaerat modi atque. Officia sed commodi.', 'Pendiente'),
(88, 42, '09KG7755', 0x545739735a584e306157466c49473168615739795a584d676147467964573067626d397a64484a316253426b62327876636d6c6964584d75494531766247567a64476c68637942325a5778706443426b61574e30595342706447467864575567646d3973645842305958526c6379426a62323174623252704c673d3d, '2022-01-24', '2023-12-01', NULL, 'Aprobado'),
(89, 44, '34EF1483', 0x54325270644342706247783162534268636d4e6f6158526c593352764947467361584631595730675a6e566e5953427562324a7063794268626d6c74615334675358427a5953426a645730675a47397362334a3162534274595764756153426862476c7864576c6b49474e76626e4e6c63585631626e52316369427359574a76636d5575436c4a6c625342746232527049485a6c626d6c686253346752574678645755675a47397362334a6c625846315a5342685a476c7761584e6a6153426c6548426c5a476c305953343d, '2021-11-21', NULL, 'Dolores suscipit delectus voluptatem architecto nesciunt doloribus. Tempora et atque molestiae nam veniam minima laborum.', 'Rechazado'),
(90, 45, '60PI4188', 0x546d566a5a584e7a6158526864476c6964584d67615856795a53426a645778775953426a6457307549455276624739795a584d6763585670595342686333426c636d35686448567949485a76624856776447467a494746316447567449474e76626e4e6c5933526c64485679494756686358566c4c69424a6269426c626d6c74494735686253426c63334e6c4c69424e595764756153427a6157317062476c786457556764475674634739795953426b62327876636d56746358566c4c673d3d, '2023-11-08', NULL, NULL, 'Rechazado'),
(91, 18, '44FU0399', 0x566d397364584230595852316253427462327873615852705953426b623278766369346752584e7a5a53426862476c7864576c6b49475a315a326c304947467a63475679615739795a584d67615751675a585a6c626d6c6c6443427a5a584631615342795a5842795a57686c626d526c636d6c304c69424a626e5a6c626e5276636d55676332466c6347556759323979636e567764476b75, '2021-10-06', NULL, 'Error vel eum eaque voluptate eius aspernatur. In quia aperiam minus unde laboriosam. Architecto quis ad voluptatum excepturi facere.', 'Pendiente'),
(92, 10, '80QE2191', 0x52476c7a64476c7559335270627942305a57317762334a6849476c77633246744c6942446232357a5a584631595852316369426b62327876636d56746358566c494756766379426c63334e6c4c694250625735706379426b62327876636d556762576c756157316849474679593268706447566a644738675a57397a4c677042634756796157467449475a315a326c6864434277636d466c6332567564476c3162534275645778735953426b5a57786c593352316379343d, '2022-03-28', '2023-08-15', NULL, 'Aprobado'),
(93, 33, '59RL9112', 0x566d5673615851676257467062334a6c63794274595764755957306761476c6a4947356c5932567a63326c3059585270596e567a4c6942425a476c7761584e6a6153426b64574e706258567a49477868596d397964573067615735325a57353062334a6c49484276636e4a764c67705159584a70595852316369426859324e316332467564476c316253427559585231637942746232787361585270595342745958687062575575, '2022-11-23', '2023-01-22', 'Quis pariatur aliquam aut ratione reiciendis tenetur. Tempore quibusdam eius nulla impedit voluptatibus. Rem harum temporibus eius itaque reiciendis ea error.', 'Pendiente'),
(94, 47, '19TN4271', 0x55585670596e567a5a4746744947356c62573867646d3973645842305958526c494746745a5851675a57467864575567596d56686447466c494731766247787064476c684c69424e59586870625755675a58686a5a58423064584a70494752766247397961574a316379427064584e306279427a5a58463161534274623252704c694252645738676358566863326b67646d56796158526864476c7a4947567561573075, '2021-12-28', NULL, NULL, 'Aprobado'),
(95, 15, '43AK4528', 0x566d3973645842305958526c63794279595852706232356c49484268636d6c686448567949476c7559326c6b645735304947563463477870593246696279427562324a706379346751584a6a61476c305a574e30627942706333526c4947526c63325679645735304c6942546157353049474e76636e4a316348527049473531624778684948463162334d675a475669615852706379427359574a76636d55676247466962334a316253344b524756735a574e3064584d675a47397362334a6c6253426d59574e6c636d55675a47397362334a31625342786457467a49485a706447466c4c673d3d, '2022-12-18', '2023-09-03', NULL, 'Rechazado');
INSERT INTO `documento_alumno` (`ID_Documento_Alumno`, `ID_Documento`, `NoControl_Alumno`, `Archivo`, `FechaPresentacion`, `FechaVencimiento`, `Observaciones`, `Estado`) VALUES
(96, 10, '99JX5897', 0x5258686c636d4e7064474630615739755a5730676257397362476c30615745676457356b5a533467566d567349474a6c595852685a53426c626d6c7449474e3163476c6b61585268644755754945353162477868494752705933526849475a68593256795a53344b554756796333427059326c6864476c7a49477868596d39795a53426f59584a31625342685a476c7761584e6a6153426d645764706443427864576c7a635856686253426c63334e6c4c69425264576c7a63585668625342305a57317762334a6849474e31625342305a57356c6448567949474e76636e4a31634852704947396d5a6d6c6a61574567593239756332566a6447563064584975, '2022-03-30', NULL, NULL, 'Rechazado'),
(97, 23, '20JH1744', 0x5247397362334967646d3973645842305958526c6379427a595756775a5342305a57317762334a68494731685a323570494846316157526c625342705a4334675158426c636d6c686253427459576c76636d567a494731766247567a64476c6863794268626d6c746153426c636e4a766369343d, '2023-04-04', '2023-05-28', NULL, 'Aprobado'),
(98, 41, '31OZ9989', 0x55585670596e567a5a4746744947356c6358566c4948426c636d5a6c636d56755a476c7a4947316865476c745a5342786457397a4947527662473979494752766247397961574a3163793467543252706443426f59584a316253427459576c76636d567a4947397764476c7649484a6c6348566b615746755a47466c49476c73624738754946526c62584276636d45675a47397362334a6c4948463161584d6763326c3049473168615739795a584d75, '2021-08-29', NULL, NULL, 'Aprobado'),
(99, 25, '65PJ8580', 0x544746315a47467564476c316253426f61574d675a47397362334a70596e567a494856755a47556762325a6d61574e705953346751335673634745675a5735706253426d645764706443346752584e7a5a5342325a5778706443426b5a57786c626d6c3061534268644846315a53344b513239756332567864574630645849675a6d466a615778706379426863334e31625756755a4745675a584e7a5a53426b62327876636d567a494746775a584a7059573067646d56796158526864476c7a4c673d3d, '2023-11-08', '2024-12-17', 'Natus reiciendis dolor corporis ea. Deserunt ut nobis dolor facilis.\nUnde ipsa voluptatum tempora. Aliquam quis culpa dolore sequi. Laboriosam dicta molestiae cumque.', 'Aprobado'),
(100, 10, '43AK4528', 0x564756755a5852316369426863475679615746744947396b615738675a47397362334a6c62534277636d39326157526c626e516763585668637934675532466c6347556759335673634745675957357062576b675a6e566e595342765a476c764947357061476c7349484a6c625334675358427a5953423262327831634852686447567a49476c7763335674494752766247397961574a316379344b516d7868626d527064476c70637942756457787359534275615768706243426b62327876636d56744947567663794268634756796157467449475a6859326c7361584d7549465a6c636d38675a475669615852706379427864576c6849475276624739795a57317864575575, '2023-11-28', NULL, NULL, 'Pendiente'),
(101, 2, '94UI0330', 0x52586767635856685a584a68644342326232783163485268637942686443426c65474e6c63485231636d6b754946427663334e706258567a4947466a5933567a59573530615856744947356862534275595852316379426849475a68593256795a5334675547397a63326c7464584d67646d567349484631615342775a584a7a63476c6a6157463061584d67626d566a5a584e7a6158526864476c6964584d675a58686a5a58423064584a70494756344c673d3d, '2022-06-28', NULL, 'Vel dolore nisi alias. Beatae quae iste quae doloremque sapiente voluptatem voluptates. Ipsum excepturi eos totam ullam inventore tempora.', 'Aprobado'),
(102, 27, '10BM0122', 0x513356746358566c49484631623251676158427a59534275645731786457467449476c746347566b61585175494531766247567a64476c685a53426b62327876636d56746358566c4947396b61585167646d39736458423059585270596e567a49484631595730676457787359573075494531766247567a64476c686379427659324e685a574e6864476b67626d567a59326c31626e51675958527864575575, '2023-12-12', '2024-02-07', 'Debitis beatae amet amet. Dolore excepturi possimus accusamus dignissimos saepe facilis cupiditate. Molestias molestias sunt quam aspernatur quis explicabo.', 'Aprobado'),
(103, 24, '28IR2408', 0x5157357062576b675a5745675a48566a615731316379426a6232357a5a574e305a5852316369426c59584a31625342706333526c4c69424a63484e6849473576626942795a58426c62477868644334675357356a61575231626e5167635856685a584a6864434277636d466c6332567564476c316253426a64573067635856706379344b5358567a644738676257397362476c306157456763326c3049474e316248426849485a7662485677644746305a584d67626d5678645755676257466e626d46744c694257623278316348526864475674494746304947397764476c7649484e6c5a43427864576b67635856705a47567449476c746347566b61585175, '2021-08-26', NULL, NULL, 'Rechazado'),
(104, 39, '89MG6962', 0x5158527864575567636d566a64584e68626d52685a5342786457467a4947316865476c745a5342685a476c7761584e6a61533467556d56775a577873595851675a476c6a64474567626e567463585668625342795a5842315a476c68626d52685a53426c65474e6c63485231636d6b676158567a644738676257466e626d46744c67704e59576475615342686458526c6253427459576c76636d567a4947457549454a735957356b6158527061584d67625746346157316c49485a6c636d6c3059585270637942786457466c636d4630494846316279343d, '2023-09-15', '2023-10-08', NULL, 'Rechazado'),
(105, 5, '04TD9565', 0x555856705a47567449475676637942755a574e6c63334e706447463061574a31637942745957647559573067635856705a475674494731766247787064476c684947356c63324e706457353049473170626e567a4c69424e59576475595730676158427a59573067626d567a59326c31626e5167635856685a534277636d466c6332567564476c316253344b55484a685a584e6c626e527064573067595856305a573067644756746347397961574a316379426c6543426a645730675a476c6e626d6c7a63326c7462334d67646d3973645842305958526c6253346754576c75615731684948463162334d67625739735a584e306157466c49484e7062576c73615846315a53343d, '2022-05-11', '2023-07-19', 'Deserunt natus doloremque voluptatum. Iste quae vero reiciendis nam officia. Minima aspernatur eius modi iusto. Voluptate dolores nobis possimus accusamus veritatis.', 'Aprobado'),
(106, 1, '52GN0915', 0x5457466e626d467449476c7559326c6b645735304947526c62475675615852704948526c62584276636d6c6964584d675a584a7962334967646d5675615746744947467a63475679626d463064584975494568705979427359574a76636d6c7663324674494752766247397949484e7062576c73615846315a5342786457397a49484631595730675a5735706253343d, '2023-03-07', NULL, 'Nostrum ab cumque quas. Magnam laboriosam corrupti blanditiis inventore.\nRecusandae eum alias. Ut delectus fugit mollitia aperiam quasi aliquid.', 'Rechazado'),
(107, 41, '82JP7480', 0x5133567761575270644746305a5342765a6d5a7059326c706379427064584e306279427359574a76636e567449477870596d56796279426b62327876636d5567646d3973645842305958523162534268625756304c69424a624778316253426a62334a7964584230615342765a6d5a7059326c684947463049473531624778684c6942426458526c6253427361574a6c636d3867646d56736158516762476c695a584a7649474e31625342765a6d5a7059326c684c6770535a5842315a476c68626d52685a53426a623231746232527049485a706447466c4947526c63325679645735304c673d3d, '2022-12-11', '2022-12-29', 'Quibusdam mollitia deleniti. Commodi recusandae nihil tenetur. Ad nulla voluptatem. Tempora temporibus occaecati adipisci minus.\nEum itaque vitae natus. Sequi perferendis dolorem tempora.', 'Rechazado'),
(108, 35, '50QI9918', 0x55484a685a584e6c626e527064573067636d5679645730675a47567a5a584a31626e51675a58516763326c74615778706358566c4948463162794278645746744c6942535a5842795a57686c626d526c636d6c304947396b615851676257467062334a6c63794232623278316348526864476c6964584d675a47397362334a6c6253427359574a76636d5575, '2023-10-25', '2023-10-29', 'Commodi corrupti facere rem cupiditate. Dolore illo at at eum odio quas.\nItaque deleniti eveniet. Officia ipsam corrupti iure. Fuga eos tempore nesciunt vero.', 'Aprobado'),
(109, 4, '82JP7480', 0x5432317561584d67644756755a5852316369427461573531637942795a574e31633246755a47466c494735686448567a49484268636d6c6864485679494735316247786849474e76626e4e6c5933526c644856794c69424562327876636d6c6964584d67636d567059326c6c626d5270637942795a584a316253426b5a574a7064476c7a49474631644342305a57317762334a70596e567a4c673d3d, '2021-09-21', NULL, NULL, 'Pendiente'),
(110, 28, '30HA9209', 0x566d39736458423059585270596e567a49476c736248567449476c736247387549456c7549484631595756795958516763585676637942706247787649484a6c63475673624756755a48567a49475679636d39794947357662693467546d6c7a61534269624746755a476c3061576c7a494735686448567a49474675615731704c6942456157647561584e7a61573176637942795a576c6a615756755a476c7a4947356c5932567a63326c3059585270596e567a4947356c5932567a63326c3059585270596e567a49474567646d56734c673d3d, '2022-01-07', '2024-09-19', 'Animi facere quidem harum modi. Cupiditate odio quae sit. Officia a enim voluptate debitis.\nDebitis nemo quod. Mollitia error molestiae rem aperiam facere ut iusto.', 'Aprobado');

-- --------------------------------------------------------

--
-- Estructura de tabla para la tabla `edificio`
--

CREATE TABLE `edificio` (
  `ID_Edificio` varchar(1) NOT NULL,
  `Nombre` varchar(50) NOT NULL,
  `FechaConstruccion` date NOT NULL,
  `Pisos` tinyint(1) NOT NULL,
  `Proposito` text NOT NULL
) ENGINE=InnoDB DEFAULT CHARSET=utf8mb4 COLLATE=utf8mb4_general_ci;

--
-- Volcado de datos para la tabla `edificio`
--

INSERT INTO `edificio` (`ID_Edificio`, `Nombre`, `FechaConstruccion`, `Pisos`, `Proposito`) VALUES
('J', 'Grupo Rolón, Ceja y Lovato', '2023-11-07', 3, 'Assumenda eum nulla fugiat pariatur. Quo cum quod cumque.'),
('L', 'Industrias Toro-Lemus', '2002-07-29', 3, 'Omnis maxime nostrum adipisci officia officia illo.'),
('M', 'Cervántez S.A.', '2001-07-24', 2, 'Tempore nulla perferendis quos. Aspernatur omnis maxime ab officiis quam.'),
('N', 'Coronado-de Anda e Hijos', '2001-02-19', 1, 'Ipsum assumenda incidunt iusto nisi repellendus reiciendis. Ipsum a sequi omnis dolore.'),
('Q', 'Gaytán, Carrión y Páez', '1994-03-04', 3, 'Quibusdam ad quas sequi. Molestiae cum quia dolore aperiam rem minus.'),
('R', 'Despacho Olivo, Vigil y Roybal', '2013-03-22', 2, 'Nihil ducimus commodi. Sapiente eveniet at ratione suscipit quae debitis.'),
('S', 'Narváez, Figueroa y Cotto', '2018-10-03', 3, 'Maiores quasi esse numquam eius deserunt. Ipsam doloremque perspiciatis quis.'),
('W', 'Proyectos Canales-Piña', '2021-01-24', 1, 'Voluptatibus natus minima doloribus. Illum repudiandae voluptate dolores vel.'),
('X', 'Club Márquez y Alba', '2008-11-20', 3, 'Et soluta tenetur adipisci nulla.'),
('Z', 'Laboratorios Ávalos y Rocha', '2012-09-14', 1, 'Harum beatae voluptatibus ipsa itaque earum consequuntur. Itaque iste adipisci recusandae.');

-- --------------------------------------------------------

--
-- Estructura de tabla para la tabla `empleado`
--

CREATE TABLE `empleado` (
  `ID_Empleado` int(11) NOT NULL,
  `PrimerNombre` varchar(50) NOT NULL,
  `SegundoNombre` varchar(50) DEFAULT NULL,
  `ApellidoPaterno` varchar(50) NOT NULL,
  `ApellidoMaterno` varchar(50) NOT NULL,
  `CURP` varchar(18) NOT NULL,
  `NSS` mediumtext NOT NULL,
  `Antiguedad` tinyint(4) NOT NULL,
  `Division` varchar(50) DEFAULT NULL,
  `Ocupacion` varchar(50) DEFAULT NULL,
  `GradoEscolar` varchar(100) NOT NULL,
  `FechaContratacion` date NOT NULL,
  `DiasVacaciones` tinyint(4) NOT NULL,
  `Fecha_Jubilacion` date DEFAULT NULL
) ENGINE=InnoDB DEFAULT CHARSET=utf8mb4 COLLATE=utf8mb4_general_ci;

--
-- Volcado de datos para la tabla `empleado`
--

INSERT INTO `empleado` (`ID_Empleado`, `PrimerNombre`, `SegundoNombre`, `ApellidoPaterno`, `ApellidoMaterno`, `CURP`, `NSS`, `Antiguedad`, `Division`, `Ocupacion`, `GradoEscolar`, `FechaContratacion`, `DiasVacaciones`, `Fecha_Jubilacion`) VALUES
(1, 'Irene', NULL, 'Fonseca', 'Menéndez', 'QUIR458171COHCLF07', '1052484648', 1, 'Artes Digitales', NULL, 'Maestría', '1997-01-03', 28, NULL),
(2, 'Conchita', 'Liliana', 'Rangel', 'Camacho', 'OOCP410331CISPLE50', '3139362267', 16, 'Gestión', NULL, 'Doctorado', '2020-12-17', 20, NULL),
(3, 'Octavio', NULL, 'Escamilla', 'Chacón', 'TVVK475689QAZUVZ74', '8865817869', 14, NULL, 'Cocinero', 'Secundaria', '1998-11-19', 14, NULL),
(4, 'Esperanza', NULL, 'Olivares', 'Nieto', 'DGKR214801VKBTTW78', '2235009708', 36, 'Informática', 'Tutor', 'Licenciatura', '1998-06-06', 22, '2023-06-07'),
(5, 'Celia', 'Amador', 'Camacho', 'Olivárez', 'XZGG326272WNDKLD86', '4503083473', 17, 'Informática', NULL, 'Licenciatura', '2014-09-11', 13, NULL),
(6, 'Modesto', NULL, 'Cotto', 'Serna', 'ADVM859364IIYQUD81', '9195239372', 20, NULL, 'Cocinero', 'Secundaria', '2014-01-29', 16, '2046-05-02'),
(7, 'Carmen', 'Mateo', 'Caraballo', 'Gaitán', 'TWTV816092YUBSCI64', '5328381112', 27, NULL, NULL, 'Licenciatura', '2001-06-24', 8, '2036-10-17'),
(8, 'Israel', 'Nayeli', 'Santiago', 'Abrego', 'JVDQ603950UUIPQB11', '3914515475', 22, 'Sistemas', NULL, 'Primaria', '2007-08-19', 25, '2037-12-25'),
(9, 'Silvano', 'Cornelio', 'Castañeda', 'Báez', 'LTCM649233SXKPNW36', '2699456445', 27, NULL, NULL, 'Maestría', '1999-01-11', 26, '2023-12-11'),
(10, 'Irma', NULL, 'Mireles', 'Briones', 'CAEO304001WOAZDY54', '2315294587', 29, NULL, NULL, 'Secundaria', '1999-11-08', 19, '2022-10-27'),
(11, 'Clemente', 'Germán', 'Mora', 'Márquez', 'ESCJ164280ALBKFL98', '2006115670', 20, 'Artes Digitales', NULL, 'Primaria', '2019-04-17', 23, '2053-07-31'),
(12, 'Angélica', 'Santiago', 'Armenta', 'Ruiz', 'MEGQ864504RRZDAH51', '7560587929', 40, NULL, 'Limpieza', 'Preparatoria', '2016-12-07', 23, '2048-03-26'),
(13, 'Emilia', 'Rubén', 'Tejeda', 'Casas', 'LYIB765721BCLLLK38', '9342849208', 27, 'Turismo', 'Limpieza', 'Secundaria', '1999-07-30', 11, '2024-08-09'),
(14, 'Javier', 'Pascual', 'Barrios', 'Escobedo', 'FRCF255472WEQKOH16', '2119618638', 38, NULL, 'Cocinero', 'Doctorado', '2016-01-02', 5, '2048-02-28'),
(15, 'Mariano', 'Perla', 'Marroquín', 'Saiz', 'XJHK794506ZIZOPT53', '6023602451', 12, NULL, NULL, 'Doctorado', '2008-02-11', 26, NULL),
(16, 'Amelia', 'Gabriela', 'Elizondo', 'Muñoz', 'AVRN443728LXEHVN22', '3463929806', 36, NULL, 'Tutor', 'Preparatoria', '2022-12-23', 22, '2052-01-23'),
(17, 'Jos', 'Antonia', 'Pacheco', 'Aparicio', 'QSYJ688563AEGQJC02', '3023531709', 19, 'Artes Digitales', NULL, 'Secundaria', '2014-03-06', 28, NULL),
(18, 'René', NULL, 'Jaimes', 'Melgar', 'JCUY353052TRPPYE77', '1123040161', 21, 'Turismo', 'oficinista', 'Secundaria', '2023-01-25', 22, '2047-08-24'),
(19, 'Martín', 'Florencia', 'Rascón', 'Ocampo', 'VEIU868023RZFYMB95', '2975685448', 13, 'Turismo', 'oficinista', 'Maestría', '2022-06-21', 13, NULL),
(20, 'Rufino', NULL, 'Maldonado', 'Serna', 'ODBO264480DZWYDU37', '8089814322', 29, NULL, 'oficinista', 'Licenciatura', '1998-07-17', 18, '2019-02-13'),
(21, 'Jacinto', NULL, 'Méndez', 'Barela', 'KYJH076067LEOZMV31', '1443670648', 4, 'Turismo', 'oficinista', 'Licenciatura', '2015-02-28', 9, NULL),
(22, 'Leonardo', 'Angélica', 'Lerma', 'Aguilar', 'VTPC891087FOPKCB77', '675075448', 17, NULL, 'Limpieza', 'Doctorado', '1996-02-09', 21, NULL),
(23, 'Rufino', NULL, 'Granados', 'Ochoa', 'CDAH979903UIDPTO94', '5658139518', 24, NULL, NULL, 'Doctorado', '2004-02-10', 13, '2031-10-24'),
(24, 'Ariadna', 'Yeni', 'Leal', 'Cervántez', 'JJGM958282ZLPKSV12', '2492575160', 21, 'Gestión', 'Cocinero', 'Maestría', '2017-05-31', 23, '2041-02-15'),
(25, 'Pedro', 'Sandra', 'Téllez', 'Carrasco', 'FOZH109496UJDFND73', '4321026914', 26, 'Sistemas', NULL, 'Primaria', '2023-04-10', 14, '2059-08-01'),
(26, 'Jesús', NULL, 'Cornejo', 'Guerrero', 'FYZQ271789DAHGAO55', '1637567394', 17, NULL, NULL, 'Licenciatura', '1999-10-31', 17, NULL),
(27, 'Iván', 'Yuridia', 'Zaragoza', 'Vergara', 'GSSK913180RKJKMR37', '6431353386', 10, 'Informática', 'Limpieza', 'Maestría', '2019-01-29', 24, NULL),
(28, 'Elias', 'Elias', 'Linares', 'Rincón', 'SXNI071701SGFGKK07', '4764401603', 12, NULL, NULL, 'Secundaria', '1997-01-01', 6, NULL),
(29, 'María Elena', 'María Eugenia', 'Llamas', 'Villarreal', 'AJVM946092HWZBUO24', '2996810785', 30, 'Industrial', NULL, 'Primaria', '1998-11-28', 15, '2031-03-24'),
(30, 'Rosalia', NULL, 'Viera', 'Amaya', 'YDOS605789TKZQKY22', '9242546461', 21, 'Turismo', 'Cocinero', 'Primaria', '2000-12-06', 26, '2037-01-22'),
(31, 'Antonia', 'Anabel', 'de la O', 'Gaitán', 'UYNI092032CARBOB81', '1022756726', 7, 'Informática', NULL, 'Secundaria', '2004-01-16', 19, NULL),
(32, 'Jaqueline', 'Elias', 'Garibay', 'Munguía', 'NTGK776061VDCVRW31', '4862159905', 24, NULL, NULL, 'Preparatoria', '2010-01-31', 13, '2046-02-18'),
(33, 'Leonel', 'Clemente', 'Aparicio', 'Ruelas', 'IPLY528491RSARIN52', '7120422259', 37, 'Sistemas', 'oficinista', 'Preparatoria', '2023-08-29', 28, '2047-11-10'),
(34, 'Amelia', 'Dulce', 'Esquibel', 'Aguilar', 'MSQN257038DZEDJO14', '1875591331', 34, 'Informática', 'Cocinero', 'Preparatoria', '2018-08-27', 11, '2055-06-11'),
(35, 'Adela', 'Elsa', 'Valdés', 'Salgado', 'YTKN904009EYGWSS37', '9181383816', 13, NULL, 'Limpieza', 'Preparatoria', '2006-02-19', 17, NULL),
(36, 'Rebeca', 'Margarita', 'Córdova', 'Gutiérrez', 'YOWJ385825VWJVZP80', '8686546590', 2, 'Turismo', NULL, 'Primaria', '2011-01-21', 12, NULL),
(37, 'María Luisa', NULL, 'Cantú', 'Núñez', 'WNTW980733KHWIYN04', '887273331', 11, 'Sistemas', 'oficinista', 'Licenciatura', '1997-05-24', 20, NULL),
(38, 'Ángela', 'Esteban', 'Morales', 'Terrazas', 'OBKQ007004TMOCQT21', '2717487827', 8, 'Sistemas', 'Tutor', 'Preparatoria', '2018-08-19', 18, NULL),
(39, 'Bernardo', NULL, 'Orosco', 'Curiel', 'ULZK535185BVBVLR76', '9634937825', 13, NULL, 'Limpieza', 'Maestría', '2016-09-21', 26, NULL),
(40, 'Eva', 'Rebeca', 'Anguiano', 'Vallejo', 'WIDV318022MWWWDT79', '9823293473', 16, NULL, NULL, 'Licenciatura', '2000-07-10', 24, NULL),
(41, 'David', 'Fabiola', 'Miranda', 'Granados', 'CBSD410595WKSGRV39', '4708612423', 31, NULL, 'Limpieza', 'Doctorado', '2013-09-11', 26, '2046-09-19'),
(42, 'Óscar', NULL, 'Mayorga', 'Gonzales', 'YFWJ022339CGYKGG91', '5499329794', 31, NULL, NULL, 'Doctorado', '2009-07-12', 13, '2045-02-06'),
(43, 'Hermelinda', 'Andrea', 'Ornelas', 'Sisneros', 'HVXW618011JCLLHV80', '7611655330', 1, NULL, NULL, 'Maestría', '2014-11-16', 22, NULL),
(44, 'Tania', NULL, 'Montalvo', 'Ulloa', 'JUXG614013YKBODZ19', '3824449768', 2, NULL, 'Tutor', 'Licenciatura', '2014-09-14', 21, NULL),
(45, 'Isabela', 'Carmen', 'Peña', 'Sánchez', 'SJRL836912HVKWMX21', '9399546683', 38, NULL, 'Limpieza', 'Primaria', '2003-07-27', 12, '2031-05-19'),
(46, 'Olivia', 'Tomás', 'Montenegro', 'Ruelas', 'EFBV810131RJZSVF69', '8226913033', 9, NULL, NULL, 'Secundaria', '1996-09-05', 20, NULL),
(47, 'José Eduardo', NULL, 'Holguín', 'Galván', 'GAGF435221GRNOPY00', '9934051650', 22, NULL, NULL, 'Maestría', '2001-10-08', 21, '2039-02-11'),
(48, 'Mariano', 'Ángela', 'Ballesteros', 'Jurado', 'ETBO948104NNNESN14', '729999743', 16, NULL, 'Cocinero', 'Preparatoria', '1998-07-31', 28, NULL),
(49, 'Martha', 'Adalberto', 'Arroyo', 'Ochoa', 'ZEBY726412FXFLYL92', '2447741766', 34, 'Gestión', NULL, 'Preparatoria', '2017-05-09', 16, '2044-11-19'),
(50, 'Augusto', NULL, 'Bétancourt', 'Pantoja', 'LPTV631871PCIWAF49', '132101603', 17, 'Sistemas', NULL, 'Maestría', '2004-02-19', 9, NULL),
(51, 'Reynaldo', NULL, 'Monroy', 'Salcido', 'SMTI395636HAZRRK75', '9526790819', 32, NULL, 'Tutor', 'Secundaria', '2003-05-01', 11, '2029-07-04'),
(52, 'Bruno', 'Zeferino', 'Nieves', 'Durán', 'DBDF313059VTCGNH21', '8465623970', 36, 'Sistemas', 'Limpieza', 'Secundaria', '2015-11-09', 14, '2055-06-05'),
(53, 'Judith', 'Celia', 'Alcántar', 'Mayorga', 'RGYT061576ZBZIWE36', '7399531499', 6, 'Gestión', NULL, 'Secundaria', '2010-04-01', 11, NULL),
(54, 'Gloria', 'Reynaldo', 'Pérez', 'Maldonado', 'BLGW795717INKTRH19', '9375727144', 37, 'Informática', 'oficinista', 'Licenciatura', '2007-10-22', 5, '2028-12-06'),
(55, 'Marcos', NULL, 'Valdés', 'Pacheco', 'WHGT562454YVQZOH95', '6546683001', 8, 'Informática', NULL, 'Doctorado', '2002-11-05', 14, NULL),
(56, 'Mario', NULL, 'Salgado', 'Miramontes', 'IYEA404428LJROTE95', '3371955561', 9, NULL, 'Limpieza', 'Primaria', '1998-01-13', 17, NULL),
(57, 'Arturo', NULL, 'Ceballos', 'Holguín', 'TZQJ765158KUAUKT74', '1363765398', 38, 'Informática', 'oficinista', 'Maestría', '2003-07-17', 14, '2034-03-30'),
(58, 'Jos', NULL, 'Macías', 'Meraz', 'QNRG612152PUBDGN25', '7869143298', 24, NULL, NULL, 'Secundaria', '2013-04-17', 7, '2048-04-11'),
(59, 'Iván', 'Lourdes', 'Rico', 'Canales', 'PNTH566761JPFYRD64', '8235314065', 19, NULL, 'Limpieza', 'Secundaria', '1999-04-12', 30, NULL),
(60, 'José Emilio', NULL, 'Oquendo', 'Tello', 'ULPL162636XPANQQ92', '4893471054', 6, NULL, 'Tutor', 'Secundaria', '2023-06-06', 25, NULL),
(61, 'Trinidad', NULL, 'Mireles', 'Tamayo', 'NCZC045493BOIKFC41', '8293826847', 32, NULL, 'Limpieza', 'Secundaria', '2015-07-11', 8, '2036-10-28'),
(62, 'Itzel', NULL, 'Serna', 'Caballero', 'CBHF683497NDRCFM45', '7059194982', 25, 'Turismo', NULL, 'Licenciatura', '2018-05-01', 16, '2047-11-23'),
(63, 'Antonio', 'Eric', 'Uribe', 'Mena', 'ZIVS520242LCVLOQ01', '5654129029', 32, 'Gestión', 'Limpieza', 'Doctorado', '2010-02-15', 28, '2035-04-19'),
(64, 'Leonel', NULL, 'Cornejo', 'Ocampo', 'TOCD866868YQYENR70', '334199794', 39, 'Industrial', NULL, 'Primaria', '2020-08-07', 28, '2050-04-24'),
(65, 'Tomás', NULL, 'Quesada', 'Zepeda', 'LTJZ609184YFRJQZ05', '8920957543', 29, NULL, NULL, 'Preparatoria', '1995-09-15', 29, '2029-09-07'),
(66, 'Víctor', NULL, 'Barela', 'Urrutia', 'IEUW842991MEANTG78', '8009787861', 12, NULL, 'Limpieza', 'Doctorado', '2019-07-15', 29, NULL),
(67, 'Anel', NULL, 'Chacón', 'Sanches', 'RONK443968GFPWYK41', '1163213875', 35, 'Turismo', NULL, 'Primaria', '2012-10-13', 24, '2043-12-31'),
(68, 'María del Carmen', NULL, 'Nieto', 'Vergara', 'MWJW735199QUXLZA39', '4481527393', 35, NULL, 'Limpieza', 'Maestría', '2019-11-11', 18, '2058-10-19'),
(69, 'Camilo', NULL, 'Sosa', 'Laboy', 'CIYQ210672FEBJWW36', '3623699747', 24, 'Informática', NULL, 'Primaria', '1997-06-10', 25, '2030-11-13'),
(70, 'Jorge', 'Carlos', 'Leyva', 'Rojo', 'VAEU129713RNFFZO28', '2691080602', 17, 'Industrial', 'oficinista', 'Primaria', '1995-07-12', 17, NULL),
(71, 'Miriam', NULL, 'Cadena', 'Vergara', 'ZEJU070913DZDDET85', '8520010244', 20, 'Artes Digitales', NULL, 'Primaria', '2012-05-13', 12, '2036-02-20'),
(72, 'Miguel', 'Gonzalo', 'Tamez', 'Vera', 'LDUH311251LZCJJD62', '9935033119', 27, 'Turismo', NULL, 'Preparatoria', '2022-02-25', 15, '2051-04-24'),
(73, 'Diego', 'Yuridia', 'Chapa', 'Narváez', 'OWUB965846QLTZFW73', '3812983101', 8, 'Artes Digitales', NULL, 'Maestría', '2019-03-07', 21, NULL),
(74, 'José Carlos', NULL, 'Terán', 'de León', 'FMWD887507BNBVHB13', '1614559114', 0, NULL, NULL, 'Maestría', '2013-09-01', 25, NULL),
(75, 'Rubén', NULL, 'Ojeda', 'Madera', 'VWYV296875FJPDCB02', '4265006921', 28, NULL, 'Limpieza', 'Primaria', '1994-06-09', 17, '2033-09-01'),
(76, 'Jos', NULL, 'Granados', 'Collado', 'SEMH525113SQVLOS27', '1317664069', 33, 'Industrial', NULL, 'Doctorado', '2007-08-07', 30, '2028-07-16'),
(77, 'Cornelio', 'Pilar', 'Almanza', 'Prieto', 'PCCZ387244MUYABI42', '4524006211', 0, 'Industrial', NULL, 'Secundaria', '2020-07-02', 20, NULL),
(78, 'Olivia', 'Serafín', 'Garrido', 'Mercado', 'ZMJV545295BELOTY44', '5862187722', 13, NULL, NULL, 'Maestría', '2014-12-04', 14, NULL),
(79, 'Israel', 'Agustín', 'Carranza', 'Godínez', 'YNQJ908996YDPFNT52', '3450405656', 25, NULL, NULL, 'Primaria', '2014-05-09', 26, '2037-02-15'),
(80, 'Verónica', NULL, 'Cabán', 'Godínez', 'THPB415316QDTIMR45', '2136807516', 33, 'Sistemas', 'Cocinero', 'Licenciatura', '1998-10-19', 14, '2025-06-16'),
(81, 'Vicente', NULL, 'Bustos', 'Pérez', 'KUKH457093WRRLAW45', '6508444291', 19, NULL, NULL, 'Doctorado', '2022-09-01', 23, NULL),
(82, 'Ofelia', NULL, 'Altamirano', 'Escalante', 'EOHG859865LTYHXS00', '1952557405', 10, 'Gestión', NULL, 'Maestría', '2001-08-05', 25, NULL),
(83, 'Antonio', NULL, 'Altamirano', 'Carreón', 'WLYI067223RTSXHQ01', '6360409564', 33, 'Artes Digitales', NULL, 'Primaria', '2014-07-06', 5, '2040-03-09'),
(84, 'Verónica', 'Yuridia', 'de la Torre', 'Paz', 'LHUC286045RAULPF31', '6072596364', 40, 'Sistemas', NULL, 'Maestría', '1999-08-12', 25, '2030-11-29'),
(85, 'Cynthia', 'Elvira', 'de la O', 'Cisneros', 'XPRQ773611SLEVCV36', '2520717469', 15, 'Sistemas', NULL, 'Maestría', '2019-04-17', 29, NULL),
(86, 'Benjamín', 'Jonás', 'Griego', 'Luevano', 'JJGE309509GZWFQG47', '541547722', 4, 'Turismo', NULL, 'Doctorado', '2008-08-23', 16, NULL),
(87, 'Lorenzo', 'Felipe', 'Casas', 'Brito', 'AMBN709415KCLTUJ00', '9186719609', 40, 'Artes Digitales', 'Limpieza', 'Doctorado', '2006-03-13', 28, '2036-04-02'),
(88, 'Ignacio', NULL, 'Sepúlveda', 'Escobedo', 'YMXW010158ZTDHWA87', '2010099669', 16, 'Sistemas', 'Tutor', 'Doctorado', '2001-03-23', 8, NULL),
(89, 'Iván', NULL, 'Rendón', 'Montalvo', 'BORA478752USBTZW55', '2034871752', 38, NULL, 'Tutor', 'Preparatoria', '2000-03-20', 8, '2027-10-25'),
(90, 'Esmeralda', 'Estela', 'Serrano', 'Cintrón', 'LZGA643479JUGILG24', '9700965289', 33, 'Sistemas', 'oficinista', 'Licenciatura', '2009-06-13', 26, '2046-05-11'),
(91, 'Barbara', NULL, 'Figueroa', 'Colón', 'LWED591614VFWYER06', '368347414', 5, NULL, 'oficinista', 'Licenciatura', '2013-11-07', 7, NULL),
(92, 'Guadalupe', NULL, 'Quiroz', 'Tello', 'FJZZ211640WWYKVE17', '7107636179', 25, 'Informática', 'oficinista', 'Secundaria', '2007-06-26', 18, '2035-12-06'),
(93, 'Pascual', NULL, 'Armas', 'Serrato', 'XYQR526437TVVBZB36', '4373614683', 38, 'Artes Digitales', NULL, 'Preparatoria', '2020-09-12', 25, '2050-05-23'),
(94, 'Elvira', NULL, 'Montenegro', 'Quezada', 'EHJF638607KXNLFD69', '7901300077', 0, NULL, NULL, 'Secundaria', '2009-01-04', 21, NULL),
(95, 'María', NULL, 'Meraz', 'Valentín', 'YKOW238544DMSDVC93', '8723783350', 38, NULL, 'oficinista', 'Secundaria', '2000-03-19', 30, '2032-07-07'),
(96, 'Ángela', 'Carlota', 'Ceja', 'Serrano', 'KGPQ572699FXPDWV30', '5722240354', 29, 'Industrial', 'Limpieza', 'Maestría', '1994-09-15', 25, '2017-07-27'),
(97, 'Claudio', NULL, 'Valles', 'Villaseñor', 'JCQA073581XFXLFN03', '2486727956', 27, NULL, NULL, 'Secundaria', '2010-10-10', 27, '2043-09-18'),
(98, 'Elvia', NULL, 'Haro', 'Aponte', 'ZWXV650581QLQUCD17', '4330752911', 18, NULL, 'Tutor', 'Maestría', '2000-10-22', 15, NULL),
(99, 'Serafín', 'Abigail', 'Riojas', 'Urbina', 'MRGR724490VUOZWN28', '5225530434', 39, NULL, NULL, 'Primaria', '2022-09-04', 11, '2048-10-01'),
(100, 'Helena', 'Marcela', 'Caldera', 'Alvarez', 'XUVS892702ADMSKP39', '2210236087', 39, 'Turismo', 'oficinista', 'Maestría', '1994-06-09', 5, '2025-08-02'),
(101, 'Omar', 'Irma', 'Vargas', 'Ramón', 'ZOHH991294XUHWEB41', '5518191563', 30, 'Turismo', 'Tutor', 'Secundaria', '2021-04-25', 29, '2050-03-11'),
(102, 'Marcos', 'Nicolás', 'Colón', 'Vela', 'QMOS613048EVGOEJ72', '8456098444', 26, NULL, 'Cocinero', 'Primaria', '2013-05-26', 15, '2036-10-29'),
(103, 'Gabriel', 'Silvano', 'Escalante', 'Camarillo', 'NZDV403425PZPHPG44', '2540525892', 8, NULL, 'Limpieza', 'Preparatoria', '1999-12-14', 29, NULL),
(104, 'Felipe', NULL, 'Porras', 'de Anda', 'APML050893KJGHGG74', '5360704035', 5, NULL, NULL, 'Maestría', '2005-12-08', 15, NULL),
(105, 'María Cristina', 'Fabiola', 'Ávalos', 'Olvera', 'VPFX912986PIUDSK36', '9108942938', 6, 'Gestión', NULL, 'Primaria', '2001-01-31', 25, NULL),
(106, 'Marisol', NULL, 'Zayas', 'Cantú', 'QCZS736735VTKAWI58', '4384659341', 26, NULL, NULL, 'Primaria', '2020-08-15', 10, '2047-03-24'),
(107, 'Berta', NULL, 'Roldán', 'Maya', 'CYQS738691QTHCIG28', '2111134382', 21, NULL, NULL, 'Preparatoria', '2015-08-10', 21, '2035-12-16'),
(108, 'Rodrigo', NULL, 'Alba', 'Serrano', 'PZUB716602JYDNNP03', '2290918389', 9, 'Turismo', NULL, 'Primaria', '1994-02-20', 10, NULL),
(109, 'Felix', NULL, 'Pedraza', 'Granado', 'CCPY702635CLAASC73', '3963032539', 0, 'Sistemas', 'Tutor', 'Primaria', '2011-10-15', 20, NULL),
(110, 'Luis Miguel', 'Elvira', 'Arredondo', 'Lomeli', 'ACER774333GBBRAW55', '4764297956', 13, NULL, NULL, 'Doctorado', '2007-05-07', 16, NULL),
(111, 'Gustavo', NULL, 'Esquivel', 'Rojo', 'XLWY168071XOJOPK23', '4019588898', 38, 'Gestión', NULL, 'Primaria', '1998-11-24', 14, '2031-05-20'),
(112, 'Ignacio', 'Mariana', 'Paz', 'Pichardo', 'GKGW813439RHTVNY44', '8464029901', 12, NULL, 'Tutor', 'Licenciatura', '2002-12-06', 12, NULL),
(113, 'Ángela', 'Alejandra', 'Gollum', 'Salas', 'XTNK118693RELJFS38', '970523550', 10, 'Gestión', NULL, 'Maestría', '1996-04-14', 27, NULL),
(114, 'Evelio', 'Julio', 'Gollum', 'Carrero', 'UBFI221834PLRXOL55', '2633794862', 32, NULL, 'oficinista', 'Secundaria', '2013-09-26', 5, '2040-05-17'),
(115, 'Sara', NULL, 'Robledo', 'Raya', 'ZMJO977373BERDQQ90', '6711913268', 14, 'Informática', NULL, 'Licenciatura', '2001-12-05', 29, NULL),
(116, 'Amalia', NULL, 'Corral', 'Corrales', 'IOCR972640PWQSTZ24', '7206012602', 20, NULL, NULL, 'Maestría', '2014-06-21', 16, '2051-07-07'),
(117, 'Rolando', 'José Manuél', 'Ceja', 'Villareal', 'MMMS366160MOCCTF92', '5803917985', 6, NULL, NULL, 'Doctorado', '2009-10-17', 18, NULL),
(118, 'Rolando', 'Blanca', 'Reynoso', 'Nieto', 'KXPL001026GWACAP41', '7480598757', 15, NULL, 'Cocinero', 'Secundaria', '1996-09-03', 21, NULL),
(119, 'Yeni', NULL, 'Saiz', 'Rivera', 'ALXH079602GLQEJB50', '2803506820', 27, NULL, NULL, 'Doctorado', '2013-09-07', 20, '2033-12-20'),
(120, 'Lucas', 'Renato', 'Palomino', 'Melgar', 'DOTT335510QRRIMF05', '6664593907', 6, 'Informática', NULL, 'Primaria', '2021-04-28', 7, NULL),
(121, 'César', 'Sessa', 'Cantú', 'Henríquez', 'QLFI439862SRVIZP62', '1013705207', 37, NULL, 'Tutor', 'Secundaria', '2001-09-26', 16, '2027-12-24'),
(122, 'Genaro', 'Dolores', 'Villareal', 'Segura', 'CGZQ219960RYYLAJ67', '4796139003', 27, 'Informática', NULL, 'Primaria', '2001-08-08', 21, '2041-07-06'),
(123, 'Guillermo', NULL, 'Regalado', 'Nieto', 'VEUV299498GECORJ54', '2745906398', 23, 'Industrial', 'oficinista', 'Licenciatura', '1997-04-05', 6, '2030-12-08'),
(124, 'Araceli', NULL, 'Juárez', 'Salinas', 'MULQ593736FDIKYZ71', '1516084874', 28, 'Gestión', 'Limpieza', 'Licenciatura', '2018-08-12', 18, '2042-12-15'),
(125, 'Mauro', NULL, 'Soliz', 'Cordero', 'GMLL499791VTEIXN13', '5921015872', 18, 'Turismo', NULL, 'Secundaria', '2021-02-06', 30, NULL),
(126, 'Hilda', NULL, 'Cardona', 'Arguello', 'NAPZ825780RZFTVO52', '7763819559', 8, 'Artes Digitales', NULL, 'Secundaria', '2003-06-17', 30, NULL),
(127, 'Guadalupe', NULL, 'Ulloa', 'Nava', 'LDUB529884WUNAEI96', '748172973', 29, NULL, 'Cocinero', 'Maestría', '2013-02-02', 15, '2050-11-01'),
(128, 'Sandra', 'Rafaél', 'Téllez', 'Cazares', 'NUXC801251EILGBT44', '174643253', 28, NULL, NULL, 'Preparatoria', '2011-07-23', 13, '2046-03-28'),
(129, 'René', 'Luz', 'Rolón', 'Reyes', 'UKKG896122GJHNIN12', '9159321352', 22, 'Sistemas', NULL, 'Maestría', '2017-04-21', 10, '2044-08-23'),
(130, 'Martín', NULL, 'Perales', 'Rascón', 'FPHO199359AGZYRT46', '8017650816', 18, 'Informática', 'Cocinero', 'Doctorado', '2021-01-07', 26, NULL),
(131, 'Georgina', 'Mauro', 'Jasso', 'Barrios', 'CUYJ176030ARDKPM76', '3593288063', 19, 'Artes Digitales', NULL, 'Doctorado', '2012-03-01', 24, NULL),
(132, 'Clara', 'Frida', 'Lucero', 'Narváez', 'HYSD782423YKEVVB67', '8028510883', 29, 'Turismo', 'Cocinero', 'Preparatoria', '1997-01-11', 16, '2022-11-21'),
(133, 'Lourdes', 'Leonor', 'Galván', 'Balderas', 'EQFF668158JXKDUI03', '8805215901', 40, 'Gestión', 'oficinista', 'Licenciatura', '2012-03-25', 15, '2042-12-25'),
(134, 'Mauro', NULL, 'Salinas', 'Olivo', 'HFDT683071XXBXMB25', '5841973300', 7, 'Turismo', NULL, 'Secundaria', '1998-03-23', 28, NULL),
(135, 'Patricia', NULL, 'Moya', 'Mercado', 'ABDH512732XOEQKZ24', '4277937535', 7, NULL, NULL, 'Maestría', '1997-09-25', 16, NULL),
(136, 'Sessa', NULL, 'Reyes', 'Ortiz', 'XEHR020754EPBDCL05', '910351851', 10, 'Gestión', 'Cocinero', 'Maestría', '2017-09-09', 19, NULL),
(137, 'Lilia', NULL, 'Orozco', 'Ávila', 'HKFS254114FPFGCR08', '718408236', 6, NULL, 'Tutor', 'Maestría', '2019-07-09', 19, NULL),
(138, 'Pilar', 'Daniel', 'Matías', 'Saavedra', 'VZGU498753JLQKVD27', '5617142575', 39, 'Industrial', 'Limpieza', 'Preparatoria', '2009-12-18', 20, '2033-02-14'),
(139, 'Claudia', 'Adalberto', 'Santacruz', 'Montez', 'YLEY681633PLADRZ15', '5283715639', 23, 'Artes Digitales', 'Cocinero', 'Doctorado', '2007-08-03', 28, '2042-06-16'),
(140, 'Humberto', 'Francisco', 'Yáñez', 'Bustos', 'UOHB884515UIENST03', '3929466570', 7, 'Gestión', NULL, 'Primaria', '2021-09-07', 26, NULL),
(141, 'Yeni', 'Fabiola', 'Armendáriz', 'Orozco', 'UTHY102224EYOHAO21', '1301913791', 28, 'Turismo', 'Cocinero', 'Secundaria', '1999-07-08', 24, '2034-02-10'),
(142, 'Cristal', 'Mario', 'Mateo', 'Bernal', 'WHXE355208PGYYHW34', '5944558336', 16, NULL, 'oficinista', 'Primaria', '1997-09-07', 23, NULL),
(143, 'Manuel', NULL, 'Barrera', 'Campos', 'IKMS181053IJYXAJ66', '6845260905', 33, NULL, NULL, 'Preparatoria', '2005-11-28', 5, '2035-11-13'),
(144, 'Luisa', NULL, 'Acevedo', 'Gálvez', 'WBVR587437OEIDGP85', '8100286751', 25, NULL, 'Limpieza', 'Primaria', '2005-02-16', 6, '2034-02-02'),
(145, 'Conchita', 'Hernán', 'Lira', 'de Anda', 'EHZA478810QDKNJM11', '5141477174', 16, NULL, NULL, 'Licenciatura', '2002-08-30', 28, NULL),
(146, 'Óscar', NULL, 'Almonte', 'Montaño', 'DFCK494082THNWPI85', '7021069602', 5, NULL, 'Limpieza', 'Doctorado', '2010-09-03', 5, NULL),
(147, 'Zacarías', 'Cynthia', 'Barrientos', 'Montaño', 'ERRI777067MUYCDQ87', '9511207786', 12, 'Industrial', 'oficinista', 'Preparatoria', '2021-11-18', 8, NULL),
(148, 'Rubén', NULL, 'Villanueva', 'Negrón', 'CUJG103573ULVVUY35', '6535524369', 26, NULL, NULL, 'Primaria', '2009-12-30', 16, '2049-10-12'),
(149, 'Anel', NULL, 'Gollum', 'Romero', 'DFCQ682107NHPWLV67', '655303126', 37, 'Turismo', 'Cocinero', 'Licenciatura', '2021-10-21', 16, '2051-07-09'),
(150, 'Maximiliano', NULL, 'Madera', 'Serrano', 'QBFV835991POMBJM52', '8748252973', 11, 'Sistemas', 'Tutor', 'Secundaria', '2013-12-18', 15, NULL),
(151, 'Mariano', 'Benito', 'Camacho', 'Canales', 'MSGC057671YGNUMM72', '4267128881', 6, NULL, NULL, 'Primaria', '1995-10-29', 29, NULL),
(152, 'Eloisa', 'Mónica', 'Valdés', 'Zambrano', 'WFVD341543QCMBSM76', '7922101357', 35, 'Sistemas', 'oficinista', 'Preparatoria', '2005-02-07', 13, '2034-02-02'),
(153, 'Esteban', 'Francisco Javier', 'Rosas', 'Cisneros', 'AACA547849HGCPGI63', '8576134498', 5, NULL, 'Tutor', 'Maestría', '2013-07-21', 24, NULL),
(154, 'Iván', NULL, 'Santiago', 'Cervantes', 'FHCS066732JJFLOR05', '5692261169', 25, 'Sistemas', NULL, 'Licenciatura', '2011-03-22', 11, '2046-03-11'),
(155, 'Eloy', 'María José', 'Abrego', 'Partida', 'XDIN754224QOVELT43', '4314904919', 29, 'Industrial', 'Limpieza', 'Preparatoria', '2017-12-26', 26, '2057-03-30'),
(156, 'Itzel', NULL, 'Estrada', 'Saiz', 'SAFI542060GJNUYJ71', '8729247386', 40, 'Industrial', 'Limpieza', 'Licenciatura', '2013-02-03', 21, '2034-04-03'),
(157, 'José Emilio', 'Rodolfo', 'Caraballo', 'Garrido', 'QRDV232375RLKYRV30', '7059080758', 9, 'Gestión', 'Tutor', 'Maestría', '2017-01-17', 24, NULL),
(158, 'Miguel Ángel', NULL, 'Montalvo', 'Luna', 'BCRR697787QEKQOU26', '2413885620', 9, 'Artes Digitales', 'Cocinero', 'Maestría', '2005-01-02', 25, NULL),
(159, 'Eduardo', 'Nicolás', 'Henríquez', 'Badillo', 'NANM843380YIQBVF44', '1867379543', 6, 'Artes Digitales', 'Tutor', 'Preparatoria', '2021-12-11', 12, NULL),
(160, 'Adalberto', NULL, 'Amaya', 'de la Rosa', 'GYNS995299JHDGSY61', '9834540101', 17, NULL, NULL, 'Primaria', '2006-05-27', 14, NULL),
(161, 'Eloy', 'Débora', 'Mendoza', 'Morales', 'QRQP497222ONPNOO72', '2768910181', 24, 'Artes Digitales', NULL, 'Licenciatura', '2016-04-13', 18, '2047-11-01'),
(162, 'Anel', 'Augusto', 'Melgar', 'Carrillo', 'IQJQ397555CYZYUV99', '1350131353', 31, 'Artes Digitales', 'Cocinero', 'Maestría', '2001-07-19', 14, '2027-03-25'),
(163, 'Agustín', 'Mayte', 'Pelayo', 'Santiago', 'AKFG249177AZXFMJ99', '6161282996', 34, NULL, 'oficinista', 'Preparatoria', '2007-02-01', 25, '2038-02-13'),
(164, 'Yuridia', 'María Eugenia', 'Acuña', 'Rojas', 'ZMZX726783AVZDQD03', '1448421863', 29, NULL, 'Limpieza', 'Secundaria', '2015-08-03', 16, '2044-02-29'),
(165, 'Zeferino', NULL, 'Cardona', 'Palacios', 'WSRN788151MNCADK19', '1877014120', 21, NULL, 'Limpieza', 'Doctorado', '2014-04-14', 19, '2051-08-18'),
(166, 'Concepción', NULL, 'Meléndez', 'Ayala', 'KIAQ098237XIGGZT42', '4742991074', 32, 'Gestión', NULL, 'Maestría', '2009-01-07', 12, '2045-06-12'),
(167, 'Sandra', 'Leticia', 'Rodrígez', 'Sauceda', 'EATH393549AKCUAV06', '3116776960', 18, NULL, NULL, 'Primaria', '2010-01-19', 6, NULL),
(168, 'Pamela', 'Cynthia', 'Jiménez', 'Guajardo', 'JEOL346548YKAKDW06', '9416124150', 9, 'Sistemas', NULL, 'Licenciatura', '2006-11-01', 21, NULL),
(169, 'Juan Carlos', NULL, 'Mayorga', 'Mercado', 'SNMD293478JLPZEZ83', '7637709066', 2, NULL, NULL, 'Preparatoria', '1996-02-27', 9, NULL),
(170, 'Daniel', NULL, 'Cazares', 'Pineda', 'PDYU239997EFUGEE92', '3118895038', 14, NULL, 'oficinista', 'Doctorado', '2012-06-05', 13, NULL),
(171, 'María José', 'María del Carmen', 'Tafoya', 'Cruz', 'XBYY391531YJOKPJ74', '7743301013', 17, 'Artes Digitales', NULL, 'Maestría', '2020-04-25', 28, NULL),
(172, 'Luis', NULL, 'Nájera', 'Terán', 'HRFY018308LNTCAY51', '6322289992', 29, 'Gestión', 'Tutor', 'Maestría', '1998-11-26', 29, '2032-08-29'),
(173, 'Adela', 'María del Carmen', 'Padilla', 'Rocha', 'KCNR498024CYMQLO16', '7068104155', 19, 'Informática', 'Limpieza', 'Primaria', '2023-05-19', 21, NULL),
(174, 'Guadalupe', 'Jaqueline', 'Montoya', 'González', 'MHEP492499MXUFQY06', '5325693829', 3, 'Artes Digitales', NULL, 'Licenciatura', '1999-08-20', 26, NULL),
(175, 'María Elena', 'Bruno', 'Ávalos', 'Vela', 'HVPC775298CPVLCC35', '3408266889', 25, 'Turismo', NULL, 'Doctorado', '2014-12-11', 26, '2041-03-21'),
(176, 'Cristobal', NULL, 'Ulloa', 'Godoy', 'KJSH848744CZPHZP19', '3999402531', 1, NULL, NULL, 'Preparatoria', '2013-09-21', 26, NULL),
(177, 'Carlota', 'Ruby', 'Montañez', 'Villareal', 'ETVP653366TYBYRE25', '7162087674', 17, 'Artes Digitales', NULL, 'Licenciatura', '2012-12-03', 6, NULL),
(178, 'Hermelinda', 'Daniel', 'Rodrígez', 'Batista', 'HAJH372973UFMASY32', '1843452512', 1, 'Industrial', 'Cocinero', 'Doctorado', '1997-03-03', 7, NULL),
(179, 'Leonel', NULL, 'Arroyo', 'Vázquez', 'ZKVQ241622HSKHUP39', '2923979833', 0, 'Artes Digitales', 'Tutor', 'Doctorado', '2010-10-14', 8, NULL),
(180, 'Rolando', NULL, 'Rosales', 'Vallejo', 'AAPR049995RZBTRY65', '9048484811', 31, NULL, 'Cocinero', 'Doctorado', '2005-05-19', 13, '2042-04-18'),
(181, 'Francisco', 'Abel', 'Gollum', 'Solorzano', 'SIZP323641EGIWGI22', '4409194034', 27, NULL, 'Limpieza', 'Primaria', '2010-04-11', 5, '2037-11-11'),
(182, 'Esmeralda', NULL, 'Jimínez', 'Bahena', 'UVDZ280136OOQQDJ78', '2512120933', 17, NULL, 'Tutor', 'Doctorado', '2002-10-14', 5, NULL),
(183, 'Timoteo', 'Hugo', 'Peres', 'Solís', 'ALZX943746JWNUVN72', '7513459460', 18, 'Sistemas', NULL, 'Doctorado', '1994-09-11', 9, NULL),
(184, 'Ángela', NULL, 'Méndez', 'Franco', 'SALL383453SAAMSZ56', '750184480', 13, 'Industrial', 'oficinista', 'Licenciatura', '2021-02-05', 21, NULL),
(185, 'Andrés', 'María Luisa', 'Jiménez', 'Arguello', 'QYWL601914ZVTUGA71', '4621915143', 34, 'Informática', NULL, 'Doctorado', '2005-05-23', 20, '2034-02-16'),
(186, 'Ramón', NULL, 'Rascón', 'Contreras', 'LTDR883347IUMNQD93', '8707571542', 39, 'Artes Digitales', 'oficinista', 'Secundaria', '2002-02-05', 30, '2036-06-29'),
(187, 'Gonzalo', NULL, 'Nieto', 'Crespo', 'QYTP210721CDKAMA38', '4610166326', 2, NULL, NULL, 'Secundaria', '2017-11-07', 26, NULL),
(188, 'Leticia', 'Alejandro', 'Limón', 'Bahena', 'TSPS696400BMXVSH10', '1442224195', 20, NULL, 'Cocinero', 'Secundaria', '2018-02-17', 7, '2050-03-29'),
(189, 'Cornelio', NULL, 'Ocampo', 'Sevilla', 'GMMC064077SUGALI21', '2681364579', 3, NULL, NULL, 'Maestría', '1997-03-24', 30, NULL),
(190, 'Sessa', 'María Eugenia', 'García', 'Soria', 'SIKZ348370LWTRCY77', '9886314008', 1, 'Artes Digitales', NULL, 'Primaria', '2006-01-04', 12, NULL),
(191, 'Óscar', NULL, 'Zúñiga', 'Cordero', 'NCJN500972XFPSCL33', '7688044960', 9, 'Turismo', 'Tutor', 'Secundaria', '2007-03-30', 25, NULL),
(192, 'Luis', 'Daniela', 'Chavarría', 'Palacios', 'GCMX692324MPRPIR73', '1509357756', 0, NULL, NULL, 'Secundaria', '2010-04-06', 13, NULL),
(193, 'Martín', NULL, 'Armenta', 'Meléndez', 'OAWE318050CYLWAT43', '9481772199', 16, 'Industrial', NULL, 'Doctorado', '2012-02-07', 8, NULL),
(194, 'Tania', 'Ramón', 'Mondragón', 'Zarate', 'OFJC454426SZUTIO62', '5869642760', 26, NULL, NULL, 'Licenciatura', '2012-11-19', 25, '2033-04-26'),
(195, 'Arturo', NULL, 'Velasco', 'Matías', 'AKAJ669804BLCJFG78', '912115027', 0, 'Sistemas', NULL, 'Primaria', '2021-01-05', 25, NULL),
(196, 'Esparta', NULL, 'Rodríguez', 'Jaimes', 'SABL810606IAGKFZ09', '5527965770', 17, NULL, 'Tutor', 'Secundaria', '2013-05-18', 17, NULL),
(197, 'Horacio', NULL, 'Pedraza', 'Alcántar', 'EGWT870338GIJLME34', '4255227857', 14, 'Sistemas', 'Cocinero', 'Preparatoria', '2011-12-23', 18, NULL),
(198, 'Delia', 'Eugenia', 'Barreto', 'Menéndez', 'IUKO723681ARWANE22', '4235250353', 29, NULL, 'oficinista', 'Primaria', '2022-10-10', 18, '2055-08-05'),
(199, 'Irene', NULL, 'Briones', 'Alfaro', 'IMVQ626100LJOQFL86', '5000601668', 8, 'Gestión', 'oficinista', 'Secundaria', '2009-06-08', 26, NULL),
(200, 'Abraham', NULL, 'Amaya', 'Marín', 'NEPB440599EQYEBK02', '4550610120', 7, 'Turismo', NULL, 'Licenciatura', '2016-08-02', 6, NULL),
(201, 'Eva', NULL, 'Anguiano', 'Jurado', 'OVPD250552UXURCK07', '4807376599', 3, 'Industrial', NULL, 'Licenciatura', '1999-06-29', 23, NULL),
(202, 'Porfirio', NULL, 'Meza', 'Barreto', 'RLUP472121VXAJJO47', '9681980046', 3, 'Artes Digitales', NULL, 'Secundaria', '2017-04-27', 5, NULL),
(203, 'Blanca', 'Gerónimo', 'Mondragón', 'Montes', 'RSIY317606DMKFRX24', '6873835489', 12, 'Gestión', NULL, 'Maestría', '2019-05-20', 16, NULL),
(204, 'Ramiro', 'Julio', 'Chavarría', 'Espinosa', 'LYLJ423004PGAXSU94', '4639431805', 10, NULL, 'Cocinero', 'Secundaria', '2006-06-26', 29, NULL),
(205, 'Daniela', 'Eloisa', 'Collado', 'Garay', 'SVTH633083NKTHVV43', '3170184404', 39, NULL, 'oficinista', 'Primaria', '2021-08-18', 13, '2053-04-04'),
(206, 'Florencia', NULL, 'Galván', 'Urbina', 'AZBH889433EBCVTF70', '2052598973', 40, 'Gestión', NULL, 'Maestría', '2019-10-11', 27, '2059-04-12'),
(207, 'Olivia', NULL, 'Jaime', 'Sosa', 'WVNM382040RLLLFS58', '6540059719', 24, NULL, 'Limpieza', 'Licenciatura', '2010-06-21', 30, '2030-08-21'),
(208, 'Gabino', NULL, 'Madera', 'Valadez', 'MGEN578416HTUBWN21', '3192538686', 12, 'Sistemas', 'Tutor', 'Maestría', '2003-01-02', 22, NULL),
(209, 'María Cristina', 'Delia', 'Carrera', 'Cano', 'MDLA199026IUPFHI35', '3852537538', 19, NULL, 'oficinista', 'Maestría', '2012-08-02', 21, NULL),
(210, 'Abigail', 'Clara', 'Rivera', 'Gaytán', 'EGXF907266BGESNX60', '9720136698', 3, NULL, 'Tutor', 'Maestría', '2000-11-24', 22, NULL),
(211, 'Clara', NULL, 'Rascón', 'Zapata', 'JWZA670741NLJNAQ34', '6918179830', 4, 'Turismo', NULL, 'Licenciatura', '2018-07-06', 20, NULL),
(212, 'José', NULL, 'Cornejo', 'Benavides', 'WMGD419911UTIAEG45', '1324040868', 13, 'Artes Digitales', 'Tutor', 'Secundaria', '2009-10-25', 12, NULL),
(213, 'Asunción', NULL, 'Galarza', 'Díaz', 'WJSK124098PHZFWM48', '9087075650', 29, NULL, 'Limpieza', 'Licenciatura', '2007-03-13', 19, '2033-02-11'),
(214, 'Cecilia', 'Javier', 'Valverde', 'Reyna', 'QQYQ062748CRCQGW05', '3456420439', 29, 'Turismo', NULL, 'Maestría', '2022-01-04', 24, '2043-03-23'),
(215, 'José Manuél', 'Elena', 'Leyva', 'Palacios', 'HXPG926897HNHWQF19', '9931168049', 12, NULL, NULL, 'Primaria', '2020-04-11', 20, NULL),
(216, 'Zoé', NULL, 'Véliz', 'Gaytán', 'UQRD776905XYMMID78', '3434291868', 19, 'Industrial', 'Cocinero', 'Maestría', '2018-09-08', 28, NULL),
(217, 'Omar', 'Francisca', 'Alba', 'Tijerina', 'SZUJ738869FTPYMG96', '3639049690', 19, NULL, 'Limpieza', 'Preparatoria', '1996-08-16', 13, NULL),
(218, 'Rosalia', NULL, 'Estévez', 'Bermúdez', 'OPYG166342ULFQAT99', '9910821620', 26, 'Turismo', NULL, 'Maestría', '2018-09-12', 8, '2050-12-21'),
(219, 'Israel', NULL, 'Ávila', 'Saiz', 'KXHX734003MBAPGO53', '5801916085', 9, NULL, 'Limpieza', 'Secundaria', '2013-03-17', 17, NULL),
(220, 'César', NULL, 'Berríos', 'Archuleta', 'NWJW338367SOIFVN12', '7246175062', 35, 'Informática', NULL, 'Preparatoria', '2023-10-07', 29, '2057-01-13'),
(221, 'Pamela', NULL, 'Lira', 'Parra', 'NGDI470524ZSEBJT97', '3974461691', 27, 'Industrial', 'Limpieza', 'Licenciatura', '2009-04-16', 14, '2032-05-04'),
(222, 'Georgina', 'Fidel', 'Villarreal', 'Ortega', 'SFTR499236LZNETK17', '278425077', 21, 'Gestión', NULL, 'Maestría', '2014-01-13', 26, '2041-06-24'),
(223, 'Sergio', NULL, 'Almanza', 'Camarillo', 'ZUAD847965CJGHMF14', '8871287321', 12, NULL, NULL, 'Licenciatura', '2003-04-03', 25, NULL),
(224, 'Natalia', NULL, 'Medina', 'Padrón', 'BECW734984CVDWCD57', '1262944214', 33, 'Gestión', NULL, 'Maestría', '2013-06-29', 18, '2037-05-29'),
(225, 'Genaro', 'Graciela', 'Reyes', 'Madera', 'FSQD958512STINVW03', '3539638387', 35, NULL, NULL, 'Maestría', '2000-04-01', 17, '2034-05-31'),
(226, 'Felix', NULL, 'Galván', 'Salcedo', 'ESVG195539NWXQQQ46', '1863889391', 11, NULL, 'oficinista', 'Doctorado', '2017-03-12', 21, NULL),
(227, 'Evelio', NULL, 'Osorio', 'Heredia', 'ZHCS099698PRDRJK19', '3870009842', 33, 'Gestión', 'Limpieza', 'Maestría', '2009-02-25', 13, '2045-02-20'),
(228, 'Óliver', NULL, 'Lira', 'Delgadillo', 'EWQD697480DQOEAQ81', '2148203298', 24, NULL, 'Limpieza', 'Maestría', '2010-06-21', 19, '2033-08-03'),
(229, 'Angélica', 'Fernando', 'Vanegas', 'Collado', 'BNUI890184ZTZLLK13', '9862868740', 6, 'Industrial', 'oficinista', 'Maestría', '2006-04-21', 15, NULL),
(230, 'Miguel', NULL, 'Rico', 'Saiz', 'AENS239076NWXAPX95', '5621905747', 6, 'Turismo', 'Cocinero', 'Secundaria', '2020-09-07', 17, NULL),
(231, 'Ofelia', NULL, 'Barela', 'Arellano', 'VLTY607973KKLFRE31', '804346256', 36, 'Industrial', NULL, 'Licenciatura', '2022-05-18', 23, '2050-12-06'),
(232, 'Fidel', 'Norma', 'Jaime', 'Cervántez', 'UYVA363643XOQPWT63', '8945975312', 8, 'Turismo', NULL, 'Doctorado', '2014-09-24', 13, NULL),
(233, 'Jonás', 'Natividad', 'Laboy', 'Cadena', 'EWID723673FBRSKO81', '454523441', 19, NULL, NULL, 'Primaria', '2008-03-10', 12, NULL),
(234, 'Débora', NULL, 'Sanches', 'Dávila', 'XHLG126039YIQJZP01', '5345302589', 37, 'Informática', NULL, 'Maestría', '2005-05-11', 5, '2028-05-13'),
(235, 'Ilse', 'Víctor', 'Cantú', 'Cotto', 'AAJW786648XZOPRF39', '7898457006', 4, 'Artes Digitales', NULL, 'Secundaria', '2011-12-10', 5, NULL),
(236, 'Bruno', NULL, 'Marrero', 'Ruiz', 'VZEZ279130YIOSFU89', '2534870585', 36, 'Turismo', NULL, 'Doctorado', '2006-03-30', 9, '2045-05-15'),
(237, 'Dalia', 'Violeta', 'Matías', 'Padilla', 'YICF649537XNYJOA15', '1253303964', 32, NULL, NULL, 'Doctorado', '2019-02-23', 23, '2058-07-05'),
(238, 'Rebeca', NULL, 'Hernández', 'Alba', 'MRXA867742AAGODT90', '810314523', 10, NULL, NULL, 'Doctorado', '2020-02-15', 14, NULL),
(239, 'Alonso', NULL, 'Orellana', 'Granado', 'OOQI510856BYXAQI48', '7536541197', 33, NULL, NULL, 'Primaria', '2004-12-18', 9, '2036-02-06'),
(240, 'Mayte', 'Norma', 'Matos', 'Varela', 'YVAE242118KYZZAX99', '2439591225', 39, NULL, NULL, 'Doctorado', '2007-07-12', 22, '2046-01-21'),
(241, 'Homero', NULL, 'Saucedo', 'Pelayo', 'CWTT176422PCHYKL56', '2636293198', 36, NULL, 'Tutor', 'Licenciatura', '2022-07-14', 21, '2049-03-21'),
(242, 'Beatriz', 'Ernesto', 'Sotelo', 'Henríquez', 'BZBX705250BEBBZR47', '8249698888', 1, NULL, NULL, 'Primaria', '2020-10-05', 27, NULL),
(243, 'Amalia', NULL, 'Montero', 'Alcántar', 'OOAK926543ZVKJJK25', '86190971', 29, NULL, 'Cocinero', 'Primaria', '2005-06-06', 27, '2037-05-27'),
(244, 'Angélica', 'Fidel', 'Parra', 'Orozco', 'XMTU456294UFGFOC28', '6365260817', 7, NULL, NULL, 'Secundaria', '2023-09-07', 14, NULL),
(245, 'Reynaldo', 'Gloria', 'Esparza', 'Orosco', 'JLBX344420NORHYG00', '3694960805', 27, 'Industrial', NULL, 'Doctorado', '2008-10-25', 26, '2040-04-03'),
(246, 'Tomás', 'Emilia', 'Esparza', 'Alcaraz', 'JJHS060593JWAERE53', '8885229426', 16, NULL, NULL, 'Primaria', '2011-12-10', 30, NULL),
(247, 'Diana', NULL, 'Alcaraz', 'Serna', 'NBGJ150083AZNIWI94', '9911687045', 13, 'Gestión', 'oficinista', 'Primaria', '2018-10-01', 21, NULL),
(248, 'Cristobal', NULL, 'Rincón', 'Rubio', 'NZNN404253SVFVRA38', '5199095773', 28, NULL, 'Cocinero', 'Doctorado', '2019-02-04', 9, '2041-10-20'),
(249, 'Alejandro', 'Raúl', 'Alva', 'Lara', 'VTOH243638KMDMJJ51', '3348742148', 36, NULL, 'oficinista', 'Primaria', '2014-06-17', 5, '2044-12-18'),
(250, 'Bianca', 'Bernabé', 'Peña', 'Caballero', 'RMLB261222ZVIADM92', '9216402088', 34, 'Turismo', 'Cocinero', 'Primaria', '2021-08-12', 18, '2054-12-17'),
(251, 'Raquel', NULL, 'Herrera', 'Covarrubias', 'JTTJ457474QAYBQC11', '1649565328', 3, 'Industrial', 'Tutor', 'Secundaria', '2002-09-06', 18, NULL),
(252, 'Hilda', NULL, 'Estrada', 'Guzmán', 'NQVR661488SHAFKM26', '7073738832', 4, NULL, NULL, 'Maestría', '2001-06-16', 9, NULL),
(253, 'Fabiola', NULL, 'Rendón', 'Palomino', 'JESF112408MMXCPG40', '1224986460', 37, NULL, NULL, 'Maestría', '2006-11-24', 18, '2029-09-18'),
(254, 'Mauro', NULL, 'Vergara', 'Granado', 'ICCK814285ZFMBJQ15', '1543881486', 12, 'Gestión', NULL, 'Licenciatura', '1994-08-06', 8, NULL),
(255, 'Pascual', NULL, 'Solís', 'Aragón', 'NVOI714679PAPOJJ47', '2000578099', 2, 'Informática', NULL, 'Licenciatura', '2018-04-17', 15, NULL),
(256, 'Débora', 'Adela', 'Arce', 'Avilés', 'TAIZ351610RZWVXH41', '3861144737', 9, NULL, 'Cocinero', 'Primaria', '2003-10-08', 21, NULL),
(257, 'Octavio', NULL, 'Raya', 'Hernádez', 'AOJJ790495HWJDPK47', '9396303780', 2, 'Artes Digitales', NULL, 'Maestría', '1995-08-29', 7, NULL),
(258, 'María Elena', NULL, 'Montaño', 'Aguilar', 'RHEL720203CAIXYI07', '5496423684', 37, 'Industrial', 'Tutor', 'Primaria', '2018-12-09', 27, '2043-01-13'),
(259, 'Irene', 'Luisa', 'Pacheco', 'Carrera', 'EDJO588108IFZZWZ26', '9675811781', 28, 'Turismo', 'Limpieza', 'Primaria', '2010-06-29', 19, '2039-04-19'),
(260, 'Gerónimo', NULL, 'Vergara', 'Valenzuela', 'SNDZ201065JPDAIE96', '9395043', 25, NULL, NULL, 'Primaria', '1995-01-25', 29, '2016-06-28'),
(261, 'Vanesa', NULL, 'Cano', 'Romo', 'GGOW758433GHWRYJ80', '7645667224', 30, NULL, 'Cocinero', 'Secundaria', '1997-11-11', 9, '2019-01-24'),
(262, 'Eric', NULL, 'Muñiz', 'Reséndez', 'JMGT631757KKCARM20', '1546616532', 0, NULL, NULL, 'Maestría', '2012-04-18', 29, NULL),
(263, 'Beatriz', NULL, 'Samaniego', 'Armenta', 'ITNL673987VXCNMZ75', '5345008023', 9, 'Industrial', 'oficinista', 'Primaria', '2007-07-18', 30, NULL),
(264, 'Cristobal', NULL, 'Armenta', 'Portillo', 'AJXM937173IDPQEA82', '6309572171', 25, 'Informática', 'Limpieza', 'Maestría', '2020-09-04', 27, '2042-04-22'),
(265, 'Reynaldo', 'Benito', 'Tejeda', 'Hernández', 'UZKR171071QRIPIW18', '2285582479', 38, NULL, 'Limpieza', 'Maestría', '2018-10-14', 9, '2050-01-26'),
(266, 'Yeni', NULL, 'Rangel', 'Henríquez', 'VLOR355092PUPZGA89', '9025544331', 22, 'Sistemas', 'Tutor', 'Licenciatura', '1994-12-09', 28, '2026-11-03'),
(267, 'Victoria', NULL, 'Madrigal', 'Méndez', 'FTUC648477JKXPLF12', '3276089990', 35, NULL, NULL, 'Maestría', '2020-07-23', 24, '2047-07-20'),
(268, 'Ivonne', NULL, 'Casares', 'Piña', 'GGYG935038RTJEDR01', '9644907458', 9, NULL, 'Cocinero', 'Primaria', '2001-08-02', 29, NULL),
(269, 'Jaqueline', 'Micaela', 'Puga', 'Alcala', 'ATUK593720OPETLJ08', '7592133105', 38, NULL, 'oficinista', 'Secundaria', '2019-06-14', 28, '2055-04-02'),
(270, 'Concepción', 'Noelia', 'Arenas', 'Guerrero', 'KLJP392415LJSBVP74', '6998375432', 25, 'Informática', 'Cocinero', 'Secundaria', '1995-06-21', 22, '2021-02-16'),
(271, 'Ramiro', NULL, 'Hernádez', 'Orozco', 'HRMS101933SOQMDL96', '5157593861', 40, NULL, 'Limpieza', 'Doctorado', '2013-12-30', 28, '2041-04-28'),
(272, 'Leonardo', 'Gonzalo', 'Medina', 'Partida', 'QGIF058013LOBVLH06', '8826383318', 19, 'Industrial', 'Cocinero', 'Preparatoria', '2013-04-20', 24, NULL),
(273, 'Isabela', NULL, 'de Anda', 'Guerra', 'XPGK981405QFTNCQ25', '5931649078', 38, 'Turismo', NULL, 'Primaria', '2001-05-20', 8, '2038-01-23'),
(274, 'Esmeralda', 'Luis Manuel', 'González', 'Luevano', 'HFAP331114EBCDSZ97', '1577271546', 34, NULL, 'Limpieza', 'Maestría', '1997-11-16', 15, '2030-07-14'),
(275, 'Irma', 'Guadalupe', 'Olivárez', 'Matías', 'GEIE273620QHKMTU51', '1604266650', 23, NULL, NULL, 'Doctorado', '2003-04-24', 16, '2029-01-02'),
(276, 'Guillermo', NULL, 'Castro', 'Balderas', 'JXXZ381171OUUYGJ24', '2509714630', 6, 'Industrial', NULL, 'Maestría', '2016-01-23', 27, NULL),
(277, 'Claudia', 'Jaime', 'Urrutia', 'Jaramillo', 'AESP889829KHQFEG07', '4445914167', 28, NULL, NULL, 'Preparatoria', '2003-07-24', 18, '2041-02-20'),
(278, 'Bruno', NULL, 'Feliciano', 'Véliz', 'XEKD396153QQLVMK80', '3440097644', 5, NULL, NULL, 'Secundaria', '1994-03-20', 23, NULL),
(279, 'Eric', 'Sessa', 'Arias', 'Baca', 'NCOY090217SXBUIO40', '6253885570', 11, NULL, 'Cocinero', 'Doctorado', '1996-01-25', 10, NULL),
(280, 'Laura', 'Arturo', 'Maestas', 'Villalpando', 'OZHF255351TPUMSA55', '895344414', 38, NULL, 'Tutor', 'Preparatoria', '2018-05-07', 19, '2056-07-10'),
(281, 'Yuridia', NULL, 'Espinosa', 'Zarate', 'ACBQ112216EOYXIY50', '370954053', 14, NULL, NULL, 'Licenciatura', '2011-11-17', 28, NULL),
(282, 'Lilia', 'Norma', 'Bravo', 'Merino', 'IMAN461183XBGPSI34', '214097157', 11, NULL, NULL, 'Preparatoria', '2001-01-31', 12, NULL),
(283, 'Lucía', NULL, 'Quiñónez', 'Villagómez', 'ZLRQ002697ULQBSE67', '3349948900', 1, NULL, 'oficinista', 'Primaria', '1999-09-04', 7, NULL),
(284, 'Abraham', 'Ricardo', 'Molina', 'Carrasco', 'XAKN063405IMFJUZ11', '8486937293', 6, NULL, NULL, 'Doctorado', '2014-05-11', 17, NULL),
(285, 'Isabel', NULL, 'Correa', 'Castellanos', 'JEYC924705XVYMDK93', '2703056035', 30, 'Industrial', NULL, 'Preparatoria', '2001-09-29', 24, '2038-04-18'),
(286, 'Pascual', NULL, 'Arce', 'Crespo', 'YSWP710949AVKPSP74', '3746629057', 35, 'Informática', 'Tutor', 'Preparatoria', '2001-07-11', 11, '2035-07-26'),
(287, 'Rodolfo', 'Estela', 'Uribe', 'Saiz', 'VBBP942228ZHSBJY46', '1013038439', 31, NULL, 'Limpieza', 'Secundaria', '1997-04-29', 13, '2023-05-13'),
(288, 'Reina', 'Gustavo', 'Barraza', 'Pérez', 'BDVI514069VFMODK18', '2723994249', 19, NULL, NULL, 'Primaria', '2000-11-16', 7, NULL),
(289, 'Clara', 'Gloria', 'Huerta', 'Rojas', 'AUBL572749LYBGKD48', '3624508624', 20, 'Artes Digitales', 'oficinista', 'Maestría', '1995-07-04', 19, '2023-08-15'),
(290, 'Luisa', 'Ofelia', 'de la Rosa', 'Montañez', 'VTWK567643EZLJVH47', '5197946630', 32, 'Turismo', NULL, 'Maestría', '2013-09-10', 12, '2041-11-05'),
(291, 'Jacobo', 'Martín', 'Rosas', 'Montes', 'JLMV300841JDGGUF60', '9802477173', 32, NULL, NULL, 'Secundaria', '2016-05-19', 28, '2049-01-09'),
(292, 'Óscar', NULL, 'Gastélum', 'Alfaro', 'FCOW336110KHAOMT35', '1676731839', 0, 'Gestión', 'oficinista', 'Maestría', '2014-02-14', 17, NULL),
(293, 'Esteban', NULL, 'Espinoza', 'Carrero', 'URGL268344KQFKIV94', '7379943133', 33, NULL, NULL, 'Doctorado', '2001-03-26', 25, '2021-12-31'),
(294, 'Israel', 'Mateo', 'Roldán', 'Candelaria', 'ZCXJ236039WYNUFX09', '1583598829', 12, 'Informática', NULL, 'Licenciatura', '2021-02-21', 11, NULL),
(295, 'Marcos', NULL, 'Pedroza', 'Zarate', 'ZZAM127188VXRJHI65', '8119548726', 13, NULL, NULL, 'Preparatoria', '2023-03-21', 11, NULL),
(296, 'Yolanda', NULL, 'Quintana', 'Centeno', 'SAXF440741SVLCRX89', '6470138481', 39, NULL, 'Limpieza', 'Licenciatura', '2023-11-06', 10, '2062-04-16'),
(297, 'Modesto', NULL, 'Lebrón', 'Mares', 'SKUH882898JHTPYB12', '1371592102', 32, 'Industrial', NULL, 'Secundaria', '2012-02-13', 21, '2051-09-06'),
(298, 'Citlali', NULL, 'Carrión', 'Pizarro', 'ZEKK134559UYJSFX94', '3843726801', 16, 'Gestión', NULL, 'Doctorado', '1994-12-14', 10, NULL),
(299, 'Emilio', NULL, 'Rincón', 'Peres', 'PSJY185158PBSGQB10', '583535775', 26, NULL, 'Cocinero', 'Preparatoria', '2012-02-02', 26, '2039-03-12'),
(300, 'Lucas', 'Horacio', 'Espinal', 'Valdez', 'UZFY236380KZMYHI89', '8758376122', 37, NULL, NULL, 'Maestría', '2022-07-10', 27, '2046-02-12'),
(301, 'Nayeli', 'Mitzy', 'Gil', 'Lozada', 'FRVH467333TVFKFD17', '8656025973', 2, NULL, NULL, 'Preparatoria', '2000-12-21', 10, NULL),
(302, 'Guillermina', NULL, 'Castañeda', 'Sevilla', 'OPDI888222XMVSGI02', '7131973891', 35, NULL, 'Cocinero', 'Primaria', '1995-06-02', 12, '2027-08-04'),
(303, 'Cristal', 'Miriam', 'Terán', 'Arevalo', 'BSFE295288OQSGFB51', '1347287855', 10, NULL, 'Cocinero', 'Doctorado', '2012-03-28', 8, NULL),
(304, 'Isaac', 'Aida', 'Ocasio', 'Bétancourt', 'OKVI542793TKILVQ09', '8919070392', 7, NULL, 'Limpieza', 'Doctorado', '2023-06-18', 19, NULL),
(305, 'Noemí', 'Angélica', 'Correa', 'Acuña', 'ZMNM288452GHJJDC97', '6978471581', 15, NULL, 'Limpieza', 'Doctorado', '1998-01-27', 8, NULL),
(306, 'Ivonne', 'Rebeca', 'Madrigal', 'Leal', 'ULXK537673JVBGBU71', '1109295943', 4, NULL, 'oficinista', 'Preparatoria', '1997-10-09', 17, NULL),
(307, 'Evelio', NULL, 'Ayala', 'Aguilar', 'USIE447906MSGQAP81', '4504932316', 16, NULL, 'Limpieza', 'Maestría', '2009-01-16', 14, NULL),
(308, 'Adela', NULL, 'Salazar', 'Sarabia', 'GZEU519716ICYAEA80', '7668623465', 11, NULL, NULL, 'Licenciatura', '2018-03-25', 13, NULL),
(309, 'Verónica', NULL, 'Arenas', 'Baca', 'OHDL835730LDLEGU55', '742156264', 8, NULL, 'oficinista', 'Licenciatura', '2016-06-24', 9, NULL),
(310, 'Natalia', NULL, 'Méndez', 'Ortiz', 'FDHP639980UMLVDU07', '1823961862', 35, NULL, NULL, 'Primaria', '2007-11-06', 7, '2045-04-29'),
(311, 'Mario', NULL, 'Toro', 'Alcaraz', 'FPQF283571QPUYFR32', '2622456863', 14, NULL, NULL, 'Doctorado', '2017-11-29', 21, NULL),
(312, 'Ricardo', 'Yeni', 'Mayorga', 'Cadena', 'GDTS195780GVEWPI17', '3920837728', 26, NULL, NULL, 'Maestría', '1999-06-28', 16, '2029-01-11'),
(313, 'Alvaro', NULL, 'Gurule', 'del Valle', 'GVGK573906MCYSVI83', '2838800391', 17, NULL, NULL, 'Secundaria', '2007-02-13', 27, NULL),
(314, 'Porfirio', 'Adriana', 'Pérez', 'Solís', 'VNKR200604KWNCZO19', '8478127652', 19, 'Turismo', NULL, 'Maestría', '2004-02-27', 16, NULL),
(315, 'Adela', NULL, 'Benavídez', 'Benavídez', 'FCHA057771QJHGVD07', '400397355', 25, 'Turismo', 'Cocinero', 'Preparatoria', '2018-12-15', 26, '2041-06-13'),
(316, 'Camilo', NULL, 'Salas', 'Benítez', 'VTHU859387TRCSPQ71', '7074090365', 36, NULL, 'Cocinero', 'Preparatoria', '2018-07-05', 14, '2056-02-15'),
(317, 'Elias', NULL, 'Segovia', 'Arreola', 'ZLZW177153TSEMCW09', '5090091506', 24, 'Industrial', NULL, 'Doctorado', '1999-09-18', 8, '2039-06-02'),
(318, 'Trinidad', 'Tomás', 'Lucero', 'Rico', 'FUSB670017BLCHYJ73', '528839384', 39, 'Industrial', 'Cocinero', 'Maestría', '1996-10-10', 23, '2032-07-10'),
(319, 'Soledad', NULL, 'Godoy', 'Muñiz', 'XANU776883OJKZAD59', '7919276599', 30, NULL, 'oficinista', 'Maestría', '1996-09-18', 14, '2036-08-29'),
(320, 'Conchita', 'Martín', 'Zambrano', 'de la Fuente', 'POHM905937VUEZOT64', '8401322901', 31, NULL, NULL, 'Maestría', '2001-12-21', 9, '2032-08-29'),
(321, 'María del Carmen', 'Yuridia', 'Tamez', 'Galindo', 'BYEJ886536CMWWJE00', '3055402947', 7, NULL, NULL, 'Primaria', '2010-11-04', 18, NULL),
(322, 'Ana', 'Luz', 'Meléndez', 'Lomeli', 'PAIJ816307XKXMCM31', '8052720206', 34, 'Sistemas', 'oficinista', 'Licenciatura', '2022-12-29', 5, '2045-10-05'),
(323, 'Frida', 'David', 'Montenegro', 'Borrego', 'YOGY714245IZTIZX86', '3456300927', 1, NULL, NULL, 'Doctorado', '1999-04-20', 13, NULL),
(324, 'Jorge', NULL, 'Tapia', 'Olmos', 'MGDL628189HJREPR97', '8420659074', 1, NULL, NULL, 'Doctorado', '2000-06-03', 20, NULL),
(325, 'Ana Luisa', NULL, 'Murillo', 'Gil', 'JXTM505886NOKACT91', '8011963609', 20, NULL, 'Cocinero', 'Secundaria', '2002-02-21', 17, '2023-03-12'),
(326, 'Gustavo', 'Adela', 'Ureña', 'Amaya', 'ORRE777698THQMLR21', '7904837759', 15, 'Industrial', NULL, 'Primaria', '2004-06-04', 8, NULL),
(327, 'Silvano', 'Úrsula', 'Vaca', 'Samaniego', 'SOPX938647UKFFPQ27', '7953471283', 0, 'Sistemas', NULL, 'Secundaria', '2016-11-28', 23, NULL),
(328, 'Javier', 'Arturo', 'Zavala', 'Concepción', 'EEKW703278TMRRAJ51', '3271097187', 18, NULL, 'Limpieza', 'Licenciatura', '1996-05-31', 25, NULL),
(329, 'Ivonne', NULL, 'Orellana', 'Borrego', 'GWJH025426NWFAWD19', '287154130', 37, NULL, 'oficinista', 'Secundaria', '2008-09-11', 19, '2032-05-11'),
(330, 'Felix', NULL, 'Salas', 'Espinal', 'VHDD549634FSTTTE49', '5999013024', 36, NULL, 'oficinista', 'Licenciatura', '1997-10-27', 26, '2018-09-09'),
(331, 'Gilberto', 'Daniela', 'Gollum', 'Sauceda', 'WDQR546122KVRXZO37', '5799874926', 24, NULL, NULL, 'Doctorado', '2022-03-01', 9, '2046-12-07'),
(332, 'Francisco', NULL, 'Borrego', 'Lovato', 'KBGI067488SHRJZN20', '8655370224', 18, NULL, NULL, 'Primaria', '2004-09-22', 30, NULL),
(333, 'David', 'Wilfrido', 'Olivera', 'Zelaya', 'ROEC116901ZBYAGB30', '7716154104', 27, 'Gestión', 'Tutor', 'Preparatoria', '2004-05-19', 18, '2035-10-16'),
(334, 'Susana', NULL, 'Camacho', 'Carrillo', 'SDAT390357PVKWLJ16', '218032311', 24, 'Artes Digitales', NULL, 'Maestría', '1998-07-08', 26, '2034-12-03'),
(335, 'Adela', NULL, 'Marín', 'Acevedo', 'VMTM909935ZZMDNN35', '326256447', 33, 'Industrial', NULL, 'Doctorado', '1994-05-29', 22, '2034-04-18'),
(336, 'Israel', NULL, 'Pedraza', 'Murillo', 'OVFZ131831GDPZZR03', '3078157423', 14, 'Turismo', 'Cocinero', 'Primaria', '2021-04-24', 29, NULL),
(337, 'Cynthia', NULL, 'Miramontes', 'Véliz', 'YDRL533872HSXRUC02', '3779217510', 19, 'Turismo', NULL, 'Preparatoria', '2009-01-10', 30, NULL),
(338, 'Agustín', NULL, 'Vargas', 'del Río', 'ISBK246299THJULI03', '6829699147', 7, 'Industrial', NULL, 'Secundaria', '2014-04-05', 7, NULL),
(339, 'Rebeca', NULL, 'Baca', 'Corral', 'ATQE064273CAOMCR34', '1326337686', 27, 'Industrial', NULL, 'Secundaria', '2012-10-01', 9, '2052-04-09'),
(340, 'Delia', NULL, 'Amador', 'García', 'JDGC676715GECWEP41', '1600448529', 6, 'Turismo', 'Limpieza', 'Doctorado', '2010-12-18', 6, NULL),
(341, 'Mauricio', NULL, 'Casanova', 'de Jesús', 'GVIC037670WQZJDW44', '9841741976', 32, NULL, 'oficinista', 'Secundaria', '1998-12-09', 13, '2036-05-15'),
(342, 'Hugo', 'Sergio', 'Lebrón', 'Pantoja', 'UKUD526274ZUYFXH32', '3209332816', 9, NULL, 'Cocinero', 'Secundaria', '2016-09-27', 5, NULL),
(343, 'Aida', 'Mauricio', 'Sierra', 'Polanco', 'IOZB896808LEGMRS96', '8842942801', 36, 'Industrial', NULL, 'Maestría', '2003-09-05', 25, '2027-03-03'),
(344, 'Alfonso', NULL, 'Mercado', 'Mares', 'CTYJ904435QCXMWW43', '5757570814', 15, NULL, 'Limpieza', 'Preparatoria', '2021-05-25', 6, NULL);
INSERT INTO `empleado` (`ID_Empleado`, `PrimerNombre`, `SegundoNombre`, `ApellidoPaterno`, `ApellidoMaterno`, `CURP`, `NSS`, `Antiguedad`, `Division`, `Ocupacion`, `GradoEscolar`, `FechaContratacion`, `DiasVacaciones`, `Fecha_Jubilacion`) VALUES
(345, 'Benito', NULL, 'Ceja', 'Fierro', 'CKFD952553OJFVDL94', '9966466440', 0, 'Artes Digitales', 'Tutor', 'Maestría', '2003-12-06', 29, NULL),
(346, 'Ignacio', 'Helena', 'Nava', 'Ojeda', 'CSFG270252LRUYGF34', '6065614144', 22, 'Turismo', 'oficinista', 'Maestría', '2012-09-14', 23, '2040-04-16'),
(347, 'Alfredo', 'Jorge', 'Zayas', 'Vela', 'XLMO945266CQCKIC86', '4355484453', 38, NULL, NULL, 'Preparatoria', '2009-08-29', 19, '2049-04-04'),
(348, 'Gerónimo', NULL, 'Saavedra', 'Sevilla', 'JDAY897152HGLZVV15', '1576701374', 22, NULL, 'Cocinero', 'Maestría', '1995-04-10', 13, '2016-08-06'),
(349, 'Esperanza', 'Elisa', 'Jurado', 'Rodríguez', 'TQIV243466JGVSRT32', '7074670491', 6, 'Sistemas', NULL, 'Doctorado', '2009-08-10', 15, NULL),
(350, 'Julio César', 'Rodrigo', 'Cervántez', 'Pabón', 'NMXO467226TRLFGY49', '8911210249', 12, NULL, NULL, 'Primaria', '2006-10-17', 27, NULL),
(351, 'Uriel', 'Octavio', 'Prado', 'Sánchez', 'VCXG692860HFXELB24', '6372985217', 22, NULL, 'Cocinero', 'Secundaria', '2016-07-29', 23, '2047-07-24'),
(352, 'Susana', 'Alonso', 'Castellanos', 'Concepción', 'PPQA579265WXXGHD98', '6208747652', 0, 'Industrial', NULL, 'Maestría', '2014-12-11', 17, NULL),
(353, 'César', 'Araceli', 'Padilla', 'Aguilera', 'HVQD060424PCBNII05', '6959911379', 7, NULL, NULL, 'Licenciatura', '2000-02-02', 12, NULL),
(354, 'Horacio', NULL, 'Alvarado', 'Almonte', 'RQDO753087HQXSKG49', '9193189813', 13, NULL, NULL, 'Primaria', '2017-04-06', 12, NULL),
(355, 'Nadia', NULL, 'Sáenz', 'Echeverría', 'YMWL828207OPCHER25', '4230777365', 34, 'Sistemas', 'Tutor', 'Licenciatura', '2014-06-20', 7, '2037-08-28'),
(356, 'Paola', 'Gustavo', 'Velasco', 'de la O', 'HJPG106513ZWBRAJ97', '2997059861', 22, NULL, 'Tutor', 'Maestría', '2003-04-25', 15, '2038-03-23'),
(357, 'Débora', 'Hermelinda', 'Velasco', 'Gastélum', 'PIBS211685KGDLDD17', '4765215067', 26, NULL, 'Cocinero', 'Maestría', '2015-07-25', 6, '2049-04-07'),
(358, 'Lorenzo', NULL, 'Salinas', 'Salcedo', 'JNJY365285JGTWXJ23', '5767840771', 35, NULL, NULL, 'Licenciatura', '2023-03-24', 11, '2046-05-29'),
(359, 'José', 'Conchita', 'Zamora', 'Cordero', 'DOEJ417516UIDTET27', '7513655646', 32, NULL, 'oficinista', 'Secundaria', '2003-06-04', 17, '2027-01-16'),
(360, 'Nancy', NULL, 'Naranjo', 'Vigil', 'HWFM912613BHXOMT93', '1751199057', 35, NULL, NULL, 'Primaria', '2014-03-31', 15, '2034-05-22'),
(361, 'Rosario', 'Mauricio', 'Loera', 'Zapata', 'PHXQ374531WXLEJB53', '6440563375', 6, 'Informática', 'Tutor', 'Maestría', '2005-07-11', 18, NULL),
(362, 'Nayeli', NULL, 'Sevilla', 'Valladares', 'BQRR708587JLLEWK71', '7618105955', 32, NULL, 'oficinista', 'Primaria', '2022-08-27', 9, '2047-06-10'),
(363, 'Jacinto', 'Anabel', 'Solís', 'Guevara', 'WSZO544638KOMXXR52', '9667284890', 28, 'Sistemas', NULL, 'Doctorado', '2008-10-23', 18, '2038-10-15'),
(364, 'Cornelio', 'Teresa', 'Gallegos', 'Guillen', 'HVTT711588MOVFGU63', '3918487357', 1, NULL, NULL, 'Primaria', '1995-05-11', 5, NULL),
(365, 'Cornelio', NULL, 'Ordóñez', 'Rojo', 'HNLX247337OSMGTU58', '4838715104', 25, NULL, NULL, 'Secundaria', '2009-05-09', 9, '2048-04-20'),
(366, 'Hugo', NULL, 'Aguayo', 'Rentería', 'OHVG748766SCMRRR69', '1551184569', 13, 'Artes Digitales', 'oficinista', 'Licenciatura', '2020-10-14', 15, NULL),
(367, 'Ilse', 'Lucía', 'Rodarte', 'Galván', 'JAGF981134TUXHXN21', '9415270358', 15, NULL, NULL, 'Preparatoria', '1997-04-03', 14, NULL),
(368, 'Araceli', NULL, 'Griego', 'Mojica', 'LZKL648346WYYQGP01', '6609455433', 8, NULL, 'oficinista', 'Primaria', '2016-09-14', 19, NULL),
(369, 'Benjamín', NULL, 'de la Crúz', 'Ojeda', 'DWWJ835915FIFMMG85', '2830917894', 15, NULL, 'Cocinero', 'Maestría', '2012-02-12', 29, NULL),
(370, 'Felipe', 'Abel', 'Becerra', 'Soliz', 'NORN501269GXKJNN29', '3484467509', 27, NULL, 'Cocinero', 'Secundaria', '2004-12-01', 25, '2043-07-26'),
(371, 'Juan Carlos', NULL, 'Padrón', 'Lira', 'YCLD146152LHMUKF08', '2160138530', 13, NULL, NULL, 'Licenciatura', '1997-04-22', 27, NULL),
(372, 'Uriel', 'Pamela', 'Haro', 'Covarrubias', 'MQAH441004TOZXOT68', '1522395255', 19, 'Informática', 'Limpieza', 'Secundaria', '2015-08-21', 30, NULL),
(373, 'Jacobo', NULL, 'Arevalo', 'Sevilla', 'EHDV116775IEXOHN83', '7270062113', 3, 'Artes Digitales', NULL, 'Preparatoria', '2013-05-09', 30, NULL),
(374, 'Pascual', NULL, 'Negrón', 'Barajas', 'FRKX120187VLJWYW47', '6850784341', 28, NULL, NULL, 'Maestría', '2022-11-09', 22, '2056-07-07'),
(375, 'Israel', 'Leticia', 'Vanegas', 'Lira', 'GUOO547755NDAYOF82', '7841173080', 5, 'Sistemas', NULL, 'Preparatoria', '2016-07-05', 6, NULL),
(376, 'Úrsula', 'José Emilio', 'Garay', 'Partida', 'EOWX298754PIMBFT39', '719621900', 14, NULL, NULL, 'Maestría', '2015-08-06', 22, NULL),
(377, 'Violeta', NULL, 'Treviño', 'Chávez', 'ZMNE313239AWPTQV16', '5835579344', 27, NULL, NULL, 'Doctorado', '2019-10-20', 5, '2057-12-06'),
(378, 'Germán', NULL, 'Ocampo', 'de la Crúz', 'AZRC558699MYNJFO83', '6140595543', 28, NULL, 'Limpieza', 'Doctorado', '2010-07-16', 30, '2043-12-12'),
(379, 'Francisco', 'Isabel', 'Quintero', 'Frías', 'TFQU005535JCREPT16', '454448426', 21, NULL, NULL, 'Doctorado', '2010-12-29', 25, '2035-12-21'),
(380, 'Ana María', 'Nicolás', 'Raya', 'Caballero', 'DJWB134759SKVZMR00', '8776288759', 34, 'Gestión', 'Tutor', 'Maestría', '2002-07-31', 7, '2033-01-05'),
(381, 'Fernando', 'Leonel', 'Arias', 'Vargas', 'YUFH619545RYNJRF57', '8437497429', 25, 'Sistemas', NULL, 'Secundaria', '2008-07-13', 23, '2048-04-21'),
(382, 'Federico', NULL, 'Saldaña', 'Matías', 'YPKM799227OGEZRB14', '2383425677', 25, NULL, 'oficinista', 'Secundaria', '2012-10-19', 25, '2038-07-19'),
(383, 'Esteban', 'Mariano', 'Pabón', 'Montalvo', 'JPHM621533UDUDGG25', '3430658475', 39, 'Informática', NULL, 'Maestría', '2016-08-11', 29, '2045-05-30'),
(384, 'Vanesa', NULL, 'Baca', 'Rubio', 'JOKG358416TYYCBY60', '5351944580', 24, 'Informática', NULL, 'Primaria', '2015-11-02', 22, '2043-12-16'),
(385, 'Gregorio', NULL, 'Canales', 'Salgado', 'BBIW190877WXPSEK10', '5728109778', 40, 'Sistemas', NULL, 'Preparatoria', '2002-12-16', 9, '2024-11-12'),
(386, 'Dulce', 'Iván', 'Guardado', 'Durán', 'AEFM373300HIGAQS12', '7829291643', 7, 'Gestión', NULL, 'Secundaria', '2005-03-13', 23, NULL),
(387, 'Gerardo', 'Isaac', 'Cervántez', 'Leyva', 'PNEH642108YNGVRU37', '3727590375', 14, 'Gestión', 'Tutor', 'Primaria', '2004-05-12', 25, NULL),
(388, 'Jaime', 'Nicolás', 'Anaya', 'Sierra', 'KLWD417149SNDJKO94', '6656181158', 18, NULL, 'Limpieza', 'Primaria', '2013-04-11', 14, NULL),
(389, 'Jesús', 'Eloisa', 'Arredondo', 'Reyes', 'KSON434485LZREUL71', '1782037810', 33, NULL, NULL, 'Licenciatura', '1995-11-17', 21, '2034-06-20'),
(390, 'Horacio', NULL, 'Soto', 'Cuellar', 'MMXE092799WWIYSX36', '9262718151', 19, NULL, NULL, 'Licenciatura', '1999-08-12', 5, NULL),
(391, 'Blanca', NULL, 'Vélez', 'Urbina', 'QYLL923198ZCOJUH11', '1783855890', 6, NULL, 'Tutor', 'Preparatoria', '1997-02-03', 13, NULL),
(392, 'Nelly', 'Virginia', 'Montes', 'Ríos', 'XMZF089683CGOLOH50', '5742874233', 31, NULL, 'oficinista', 'Licenciatura', '2003-12-12', 24, '2024-11-07'),
(393, 'Jorge Luis', 'Abelardo', 'de Jesús', 'Anaya', 'XYQA154739ESBYGX04', '906219768', 11, NULL, NULL, 'Doctorado', '2003-10-20', 15, NULL),
(394, 'Jacinto', 'Eugenio', 'Marroquín', 'Regalado', 'YMOA256045APMJYQ63', '7795504992', 14, NULL, 'Limpieza', 'Preparatoria', '2020-12-26', 26, NULL),
(395, 'César', NULL, 'Pabón', 'Carranza', 'OHUO151642TQDSOH88', '8815441686', 4, NULL, 'Limpieza', 'Licenciatura', '2004-12-18', 15, NULL),
(396, 'María José', NULL, 'Carvajal', 'Esparza', 'HVXU236093WQXDID97', '4412927037', 20, 'Turismo', NULL, 'Primaria', '1996-12-07', 25, '2018-07-03'),
(397, 'Lucas', 'Dalia', 'Roybal', 'Rael', 'STSU837032KNYHRK32', '9988261088', 25, 'Industrial', 'oficinista', 'Licenciatura', '2006-06-08', 17, '2035-08-08'),
(398, 'Gonzalo', 'Ernesto', 'Candelaria', 'Feliciano', 'QNWA728527PLFFUY73', '8554995548', 30, NULL, NULL, 'Secundaria', '1999-12-04', 29, '2021-10-05'),
(399, 'Julio', NULL, 'Anguiano', 'Mena', 'OPFW318871XAQZUO77', '7268595952', 23, NULL, NULL, 'Secundaria', '2008-02-15', 8, '2043-11-02'),
(400, 'Espartaco', NULL, 'Hernández', 'Avilés', 'OTTW092573OJOFHC53', '5400064973', 29, NULL, NULL, 'Doctorado', '1996-11-27', 28, '2028-11-18');

-- --------------------------------------------------------

--
-- Estructura de tabla para la tabla `empleado_departamento`
--

CREATE TABLE `empleado_departamento` (
  `ID_Empleado_Departamento` int(11) NOT NULL,
  `ID_Empleado` int(11) NOT NULL,
  `ID_Departamento` int(11) NOT NULL,
  `FechaInicioLabor` date NOT NULL,
  `FechaFinLabor` date DEFAULT NULL
) ENGINE=InnoDB DEFAULT CHARSET=utf8mb4 COLLATE=utf8mb4_general_ci;

--
-- Volcado de datos para la tabla `empleado_departamento`
--

INSERT INTO `empleado_departamento` (`ID_Empleado_Departamento`, `ID_Empleado`, `ID_Departamento`, `FechaInicioLabor`, `FechaFinLabor`) VALUES
(1, 240, 4, '2011-06-09', NULL),
(2, 56, 75, '2011-06-18', '2013-10-07'),
(3, 234, 65, '2003-06-15', '2007-11-12'),
(4, 241, 73, '1998-02-08', NULL),
(5, 209, 80, '2000-12-31', NULL),
(6, 198, 1, '1995-07-06', NULL),
(7, 128, 66, '2023-05-25', NULL),
(8, 379, 11, '2005-01-13', NULL),
(9, 26, 88, '2020-05-23', NULL),
(10, 150, 6, '2007-06-06', NULL),
(11, 368, 67, '2000-10-14', '2006-09-27'),
(12, 45, 37, '2022-03-13', NULL),
(13, 2, 9, '2005-11-01', '2015-08-22'),
(14, 13, 49, '2019-11-21', '2023-11-25'),
(15, 230, 67, '1996-04-11', '1999-10-23'),
(16, 190, 55, '2005-11-03', '2020-04-14'),
(17, 304, 29, '2023-01-10', '2023-10-22'),
(18, 152, 39, '2001-07-18', NULL),
(19, 200, 9, '2001-03-17', '2016-08-10'),
(20, 222, 4, '1997-02-28', NULL),
(21, 372, 57, '2024-01-31', '2024-01-31'),
(22, 54, 34, '2020-09-02', NULL),
(23, 5, 8, '1998-07-19', NULL),
(24, 78, 18, '2023-06-12', '2023-12-13'),
(25, 130, 43, '2001-04-24', NULL),
(26, 231, 75, '2022-05-02', NULL),
(27, 277, 41, '2001-06-22', NULL),
(28, 309, 9, '2007-12-05', '2023-06-08'),
(29, 134, 98, '2018-03-23', '2023-01-04'),
(30, 344, 52, '2000-05-19', '2022-08-05'),
(31, 384, 51, '2014-06-25', '2014-08-06'),
(32, 56, 85, '1996-08-27', NULL),
(33, 13, 85, '2000-04-16', NULL),
(34, 182, 74, '2010-11-22', NULL),
(35, 92, 9, '2006-10-21', '2014-01-31'),
(36, 277, 54, '2013-09-22', '2016-02-15'),
(37, 235, 77, '2003-04-03', NULL),
(38, 91, 93, '1999-09-22', '2013-11-25'),
(39, 126, 55, '2007-05-01', NULL),
(40, 300, 49, '1997-07-06', '2009-03-19'),
(41, 300, 52, '1994-09-05', '2008-04-14'),
(42, 346, 31, '2001-05-27', '2002-09-01'),
(43, 303, 61, '2006-09-15', '2020-12-24'),
(44, 124, 44, '1998-05-26', '2022-12-19'),
(45, 375, 53, '1994-06-11', '2011-11-15'),
(46, 186, 83, '2016-10-23', '2019-03-31'),
(47, 52, 97, '1998-05-07', NULL),
(48, 287, 51, '2000-10-16', '2002-08-09'),
(49, 289, 23, '2013-12-02', NULL),
(50, 400, 89, '2000-05-09', '2021-09-08'),
(51, 325, 82, '2012-11-16', NULL),
(52, 287, 38, '2004-04-13', NULL),
(53, 53, 86, '1996-07-08', NULL),
(54, 326, 75, '2004-01-21', '2015-08-27'),
(55, 144, 8, '2016-01-15', NULL),
(56, 278, 80, '2017-02-11', '2018-02-01'),
(57, 246, 4, '2017-02-19', NULL),
(58, 39, 78, '2018-01-09', '2021-12-20'),
(59, 85, 60, '1996-06-07', NULL),
(60, 398, 51, '1997-03-14', NULL),
(61, 45, 60, '2019-04-26', NULL),
(62, 224, 39, '2019-04-23', NULL),
(63, 399, 40, '2017-06-04', '2018-06-03'),
(64, 368, 99, '2009-11-15', NULL),
(65, 252, 28, '2007-03-10', NULL),
(66, 127, 21, '2009-12-16', NULL),
(67, 47, 72, '2012-10-04', NULL),
(68, 19, 71, '1996-04-27', '2005-03-25'),
(69, 29, 31, '2022-02-12', NULL),
(70, 154, 25, '2008-05-10', '2018-01-13'),
(71, 243, 65, '2020-10-26', NULL),
(72, 290, 62, '2011-07-20', NULL),
(73, 254, 87, '2005-05-09', NULL),
(74, 303, 92, '2004-04-08', '2008-06-15'),
(75, 35, 9, '2014-11-20', '2022-10-22'),
(76, 294, 84, '2023-01-30', '2023-08-06'),
(77, 21, 86, '2017-04-02', '2022-05-15'),
(78, 330, 49, '1999-02-10', '2014-06-19'),
(79, 377, 59, '2013-11-21', NULL),
(80, 51, 3, '2015-02-11', NULL),
(81, 299, 9, '2021-01-10', '2021-10-16'),
(82, 100, 86, '2001-04-30', '2020-10-12'),
(83, 251, 98, '2012-12-12', '2021-05-11'),
(84, 193, 9, '2001-09-06', NULL),
(85, 260, 82, '2001-10-28', NULL),
(86, 264, 93, '2020-10-28', NULL),
(87, 305, 26, '1998-04-24', NULL),
(88, 386, 11, '1996-06-24', '2019-01-06'),
(89, 86, 64, '1996-10-31', NULL),
(90, 130, 84, '2007-10-04', '2022-07-26'),
(91, 29, 11, '1994-08-02', '2021-10-18'),
(92, 117, 39, '1997-04-22', '2006-10-02'),
(93, 71, 8, '2007-11-30', NULL),
(94, 282, 73, '2003-08-23', NULL),
(95, 24, 37, '2006-02-01', '2019-12-23'),
(96, 180, 56, '1995-04-08', NULL),
(97, 28, 66, '2012-07-14', '2015-10-03'),
(98, 278, 55, '2018-11-21', NULL),
(99, 293, 23, '2012-06-07', '2013-10-11'),
(100, 109, 1, '1997-10-28', '1998-01-22');

-- --------------------------------------------------------

--
-- Estructura de tabla para la tabla `estatus`
--

CREATE TABLE `estatus` (
  `ID_Estatus` int(11) NOT NULL,
  `Tipo` varchar(50) NOT NULL,
  `Descripcion` text NOT NULL
) ENGINE=InnoDB DEFAULT CHARSET=utf8mb4 COLLATE=utf8mb4_general_ci;

--
-- Volcado de datos para la tabla `estatus`
--

INSERT INTO `estatus` (`ID_Estatus`, `Tipo`, `Descripcion`) VALUES
(1, 'world', 'Lose black decide past television can reveal believe. Major it leg.'),
(2, 'card', 'Tv huge marriage these. Teacher both thus but race state. Item travel let present tree.'),
(3, 'eight', 'What animal appear foreign wide medical. Take sound kind mother report goal. Agency evidence rest church visit future pull right.'),
(4, 'partner', 'Receive accept last always fish. According yet travel standard. Player yet trip speech follow would ahead sure.'),
(5, 'environmental', 'Along hundred more miss early. Report baby interesting policy statement fine. Couple chair per growth including have campaign.'),
(6, 'involve', 'Against believe garden unit white. I opportunity memory.\nLess learn to.\nBoard degree wide there item. Share section skill act. If customer civil wear.'),
(7, 'develop', 'Free catch surface. Break represent city stay believe.\nAdmit Republican quality laugh. Son focus five up past heavy. No blue store. Find friend attorney.'),
(8, 'leader', 'You manager example. Such from computer change letter though.\nAbove same discuss stuff picture. And government site figure prove. Set law agent again often act.'),
(9, 'gas', 'Along glass mean fine have. Leave lay including our end that. Lay plan myself.'),
(10, 'story', 'Interview clear set such attack another. Daughter need cause anyone. Staff five because bag.\nInstitution deal should at occur pass member. Old those garden would. Million why big whom past.'),
(11, 'amet', 'Ad perspiciatis mollitia quisquam corporis. Voluptatibus voluptates rerum eum. Cupiditate iste consectetur molestias alias.'),
(12, 'quo', 'Officia harum quae corrupti veritatis. Sint magnam harum laboriosam.\nSaepe illo eius deleniti quia odit. Neque vel odit quam odit et. Commodi velit laborum repudiandae.'),
(13, 'sed', 'Accusamus expedita vel iure recusandae quo consequatur. Error laborum assumenda ex eos blanditiis temporibus. Veritatis ad nam est quia consequatur exercitationem.'),
(14, 'molestiae', 'Exercitationem totam reiciendis quas quisquam. Possimus numquam natus excepturi molestias facilis repellat. Repellat doloribus non officiis fugit.'),
(15, 'necessitatibus', 'Iste ea accusamus distinctio facilis architecto possimus. Temporibus soluta possimus iusto.'),
(16, 'modi', 'Deserunt impedit itaque expedita facere reiciendis. Deleniti quis animi quisquam possimus optio. Magni eum at blanditiis.\nTenetur placeat enim repellendus consequatur iusto illo.'),
(17, 'sunt', 'Doloremque eveniet a eius doloribus repellendus voluptatem beatae. Earum aperiam fugiat exercitationem culpa deleniti. Facilis fuga vitae est.'),
(18, 'corporis', 'Harum molestiae itaque rerum maiores. Assumenda sed explicabo magnam cum similique.'),
(19, 'porro', 'Eos quam at repudiandae est illum accusamus.\nOdit rem a tempore. Nostrum aliquid in cum tempora nisi.'),
(20, 'voluptatem', 'Ad aliquam maiores blanditiis esse. Qui quas saepe consequuntur distinctio in laudantium. Rerum doloremque eveniet excepturi.\nLabore quaerat laudantium. Porro quibusdam consequuntur.'),
(21, 'quisquam', 'Consectetur distinctio neque quod amet necessitatibus mollitia.\nVoluptate quis voluptatibus mollitia accusantium inventore doloribus rerum. Eum fugiat nesciunt sunt. Ullam animi corrupti excepturi.'),
(22, 'dolorem', 'Tempore explicabo voluptatem placeat facilis. Distinctio reprehenderit neque vel a dignissimos reiciendis. Pariatur quo adipisci modi illo maxime ex.\nSunt eius blanditiis architecto.'),
(23, 'quam', 'Optio commodi explicabo eaque. Labore ipsam corrupti ipsa sequi.\nFugiat unde cupiditate ratione doloribus natus. Doloremque quod quam minima ipsa officiis. Occaecati asperiores maxime architecto.'),
(24, 'quaerat', 'Repudiandae quisquam quia voluptates tempora. Facilis occaecati cum soluta reiciendis repellat et.'),
(25, 'provident', 'At enim explicabo nisi a. Earum laudantium tempore enim quae quis id.\nNatus rem eius. Similique blanditiis ipsam saepe numquam. Laboriosam doloribus at unde consequuntur hic.'),
(26, 'libero', 'Maiores amet nulla veritatis libero alias molestiae. Cumque molestias beatae neque facilis quasi dignissimos.\nVeniam rem deserunt pariatur ducimus nam repellat veniam.'),
(27, 'non', 'Unde vero hic excepturi perferendis accusantium sit. Reiciendis quo quidem ipsum id quae corporis dolores. Necessitatibus repellat nam consectetur.'),
(28, 'veritatis', 'Praesentium voluptatibus saepe illo. Ut quidem dolorem. Quia similique soluta molestiae blanditiis natus.'),
(29, 'saepe', 'Reiciendis aut quia quis illum exercitationem voluptates. Ut voluptas provident ipsa maiores. Aliquid quaerat cupiditate eum.'),
(30, 'est', 'Distinctio soluta soluta mollitia.\nDolore minus quia nulla recusandae architecto similique aut.');

-- --------------------------------------------------------

--
-- Estructura de tabla para la tabla `horario`
--

CREATE TABLE `horario` (
  `ID_Horario` int(11) NOT NULL,
  `DiaSemana` varchar(10) NOT NULL,
  `HoraInicio` time NOT NULL,
  `HoraFinal` time NOT NULL
) ENGINE=InnoDB DEFAULT CHARSET=utf8mb4 COLLATE=utf8mb4_general_ci;

--
-- Volcado de datos para la tabla `horario`
--

INSERT INTO `horario` (`ID_Horario`, `DiaSemana`, `HoraInicio`, `HoraFinal`) VALUES
(1, 'Lunes', '09:55:25', '02:23:11'),
(2, 'Miércoles', '13:41:14', '08:13:51'),
(3, 'Viernes', '23:47:04', '12:36:37'),
(4, 'Jueves', '22:15:06', '06:49:55'),
(5, 'Jueves', '05:31:06', '15:16:04'),
(6, 'Viernes', '11:56:32', '08:08:33'),
(7, 'Miércoles', '11:26:23', '17:47:27'),
(8, 'Viernes', '10:56:25', '15:59:18'),
(9, 'Lunes', '07:47:44', '19:43:18'),
(10, 'Lunes', '11:22:42', '10:40:36'),
(11, 'Miércoles', '05:34:59', '10:23:43'),
(12, 'Viernes', '02:53:24', '03:35:13'),
(13, 'Viernes', '20:46:17', '22:12:31'),
(14, 'Sábado', '16:50:10', '02:35:49'),
(15, 'Jueves', '14:47:48', '06:49:56'),
(16, 'Viernes', '16:53:40', '21:28:29'),
(17, 'Sábado', '22:40:22', '17:20:02'),
(18, 'Viernes', '07:10:07', '23:50:04'),
(19, 'Jueves', '23:31:41', '11:01:33'),
(20, 'Martes', '00:28:06', '21:42:13'),
(21, 'Lunes', '10:53:06', '17:18:03'),
(22, 'Sábado', '04:08:45', '12:38:00'),
(23, 'Martes', '05:58:40', '09:14:11'),
(24, 'Viernes', '01:57:31', '06:34:01'),
(25, 'Jueves', '13:29:13', '14:06:24'),
(26, 'Sábado', '06:13:30', '06:43:53'),
(27, 'Martes', '09:14:23', '21:40:46'),
(28, 'Viernes', '22:24:09', '12:54:20'),
(29, 'Sábado', '17:26:37', '01:42:36'),
(30, 'Sábado', '23:54:42', '03:17:25'),
(31, 'Viernes', '12:01:42', '14:26:06'),
(32, 'Miércoles', '03:57:35', '21:45:11'),
(33, 'Miércoles', '22:30:43', '12:59:57'),
(34, 'Lunes', '23:28:15', '05:10:05'),
(35, 'Lunes', '09:22:17', '16:39:17'),
(36, 'Lunes', '09:49:31', '00:42:20'),
(37, 'Martes', '08:24:38', '07:47:43'),
(38, 'Miércoles', '09:26:40', '14:59:46'),
(39, 'Jueves', '02:21:55', '12:25:46'),
(40, 'Sábado', '14:14:25', '10:20:23'),
(41, 'Sábado', '22:31:49', '22:02:08'),
(42, 'Martes', '05:26:00', '15:11:56'),
(43, 'Martes', '03:56:41', '01:11:37'),
(44, 'Martes', '13:37:40', '22:20:36'),
(45, 'Martes', '02:26:58', '03:12:36'),
(46, 'Miércoles', '05:18:23', '06:05:42'),
(47, 'Miércoles', '21:43:23', '15:38:38'),
(48, 'Miércoles', '11:56:41', '14:22:18'),
(49, 'Viernes', '17:38:08', '13:39:14'),
(50, 'Lunes', '13:41:00', '04:39:06'),
(51, 'Martes', '04:46:52', '17:53:46'),
(52, 'Miércoles', '06:16:46', '10:35:21'),
(53, 'Martes', '06:04:39', '06:48:19'),
(54, 'Viernes', '12:18:43', '14:59:06'),
(55, 'Jueves', '19:46:40', '20:28:39'),
(56, 'Viernes', '16:09:26', '13:19:39'),
(57, 'Jueves', '01:41:45', '23:10:50'),
(58, 'Martes', '02:39:45', '17:05:59'),
(59, 'Martes', '22:07:06', '08:57:59'),
(60, 'Sábado', '06:57:37', '08:49:02'),
(61, 'Jueves', '07:23:27', '13:04:32'),
(62, 'Jueves', '08:30:23', '16:31:31'),
(63, 'Lunes', '06:13:02', '05:08:59'),
(64, 'Miércoles', '22:51:01', '14:18:19'),
(65, 'Sábado', '12:50:22', '08:34:12'),
(66, 'Viernes', '04:25:35', '13:38:13'),
(67, 'Viernes', '14:18:17', '04:17:13'),
(68, 'Lunes', '21:47:42', '16:23:12'),
(69, 'Jueves', '06:15:53', '08:29:10'),
(70, 'Lunes', '06:51:09', '18:39:26'),
(71, 'Martes', '04:43:16', '22:09:46'),
(72, 'Martes', '04:25:22', '16:41:14'),
(73, 'Viernes', '21:14:41', '03:39:26'),
(74, 'Viernes', '09:22:26', '23:22:14'),
(75, 'Viernes', '00:18:28', '08:58:58'),
(76, 'Jueves', '06:14:40', '20:40:26'),
(77, 'Sábado', '17:55:37', '23:15:18'),
(78, 'Viernes', '13:40:26', '22:11:39'),
(79, 'Miércoles', '23:11:09', '17:49:01'),
(80, 'Sábado', '10:41:34', '16:36:15'),
(81, 'Viernes', '20:05:33', '19:50:03'),
(82, 'Sábado', '00:46:29', '16:36:23'),
(83, 'Jueves', '21:12:00', '09:52:30'),
(84, 'Miércoles', '22:35:36', '08:03:48'),
(85, 'Miércoles', '14:14:43', '01:52:43'),
(86, 'Jueves', '09:10:23', '16:20:06'),
(87, 'Martes', '22:38:50', '18:03:34'),
(88, 'Sábado', '20:16:10', '20:51:21'),
(89, 'Lunes', '15:43:23', '13:21:19'),
(90, 'Martes', '15:12:21', '15:54:39'),
(91, 'Jueves', '10:16:00', '00:30:09'),
(92, 'Lunes', '18:10:43', '21:46:14'),
(93, 'Viernes', '10:06:32', '01:43:29'),
(94, 'Martes', '13:11:20', '03:45:55'),
(95, 'Sábado', '08:12:59', '01:16:08'),
(96, 'Sábado', '08:10:28', '11:50:20'),
(97, 'Sábado', '03:25:48', '07:39:07'),
(98, 'Miércoles', '17:10:21', '19:41:50'),
(99, 'Viernes', '19:40:50', '01:28:07'),
(100, 'Viernes', '02:14:08', '19:10:44');

-- --------------------------------------------------------

--
-- Estructura de tabla para la tabla `licenciatura`
--

CREATE TABLE `licenciatura` (
  `ID_Licenciatura` varchar(3) NOT NULL,
  `Nombre` varchar(100) NOT NULL,
  `Duracion` tinyint(2) NOT NULL,
  `ObjetivoGeneral` text NOT NULL,
  `Mision` text NOT NULL,
  `Vision` text NOT NULL,
  `PerfilAspirante` text NOT NULL,
  `PerfilEgresado` text NOT NULL,
  `Logo` blob NOT NULL,
  `Clave_Plan_Estudios` varchar(20) DEFAULT NULL
) ENGINE=InnoDB DEFAULT CHARSET=utf8mb4 COLLATE=utf8mb4_general_ci;

--
-- Volcado de datos para la tabla `licenciatura`
--

INSERT INTO `licenciatura` (`ID_Licenciatura`, `Nombre`, `Duracion`, `ObjetivoGeneral`, `Mision`, `Vision`, `PerfilAspirante`, `PerfilEgresado`, `Logo`, `Clave_Plan_Estudios`) VALUES
('072', 'Clasificador de desechos', 3, 'Deserunt facere nesciunt soluta officiis culpa. Quo ut voluptatum debitis dolorem facere. Vitae consectetur ullam explicabo.', 'Asperiores libero facere. Doloremque aspernatur aut repellendus praesentium numquam ratione at. Ipsam odit explicabo.', 'Laboriosam harum voluptate cum. Provident molestiae eligendi qui.', 'Reprehenderit similique sit aliquid. Eius delectus quibusdam libero.', 'Autem voluptatem velit itaque deserunt autem magni. Rem quae esse facilis similique possimus incidunt error. Facere vel omnis.', 0x5447466962334a6c49474e316253427559585231637942325a5778706443427a595842705a5735305a53346754325a6d61574e7061584d67646d39736458423059585270596e567a4948526c626d5630645849676447393059573075, '6ff690ad-43b0-4129-8'),
('073', 'Carpintero', 4, 'Necessitatibus repudiandae perferendis aperiam in fugit corrupti natus. Consequatur eos atque commodi temporibus. Non officiis hic cumque.', 'Nesciunt odit vero officiis. Quidem repudiandae consequuntur ab cupiditate perferendis. Est doloribus illum ipsam.', 'Deleniti nobis perspiciatis mollitia ex. Aperiam rem corporis harum dolorum.', 'Molestias autem nemo quas facere sit doloremque. Dolores velit dolorum dolorum ab atque. Quibusdam doloribus excepturi rerum occaecati vitae aperiam.', 'Vero error doloribus laudantium eum nisi hic. Nam odio quis soluta rem.', 0x525745675a574567646d6c3059575567615734676333567a59326c77615851675a5868775a5752706447457549465a6c62434270626e5a6c626e5276636d5567635856706379426c6158567a494856755a47557549465a6c636d3867635856685a53427062477876494731766247567a64476c6863794270624778316253426c633351675a4756735a574e3064584d675a47397362334a70596e567a4c67704961574d6763326c756443426c595846315a5342706333526c4948463161574a316332526862534270626d4e705a4856756443343d, '359a3631-9016-4478-b'),
('197', 'Brito, Parra y Villareal', 4, 'Maiores hic adipisci non itaque deserunt soluta. Sapiente saepe architecto architecto iusto harum a. Iure eum suscipit perferendis consequatur.', 'Sit saepe sequi nulla vero perspiciatis. Et quas ullam ab quam. Fuga quasi natus reprehenderit voluptatum ipsa optio. Aliquid iste aspernatur odit cum blanditiis.', 'Sit natus error aliquid. Assumenda praesentium eos eaque eos tempore.', 'Aut necessitatibus doloremque adipisci autem. Minima doloribus ratione.', 'Amet rem tempore eos dicta maxime. Modi laborum corporis ipsa placeat. Qui earum aspernatur at occaecati ipsa. Quae esse eos illum laborum aliquid odit.', 0x566d56796279426c626d6c7449475630494731685a3235704c67704d59574a76636d5567646d567361585167624746315a47467564476c316253426b62327876636d56746358566c49484a6c625342325a5778706443346755477868593256686443426a645842705a476c305958526c49484a6864476c76626d55675a574678645755676347786859325668644342795a584a316253343d, '2d49608e-1072-4c5a-a'),
('217', 'Albañil', 5, 'Voluptate fugit illo. Quo officia unde nobis odit. Reprehenderit laudantium voluptatum id nemo laborum facere.', 'Ipsa exercitationem quis recusandae repudiandae quibusdam. Fugiat aliquam explicabo quaerat. Harum a mollitia architecto repellat ex porro.', 'Eveniet blanditiis dolore. Aliquid ipsum soluta iure vero neque aperiam.', 'Voluptate inventore odit repellat. Veritatis nesciunt autem excepturi quisquam aut. Aliquid autem occaecati temporibus. Quaerat a enim aliquam eius.', 'Iure quam eum nobis minus ad.', 0x555856685a53426d59574e7062476c7a494735686448567a49474e31625846315a533467556d56775a5778735a57356b64584d675958527864575567646d39736458423059585231625342755a5731764c6942555a57317762334a6c49473170626d6c74595342755a574e6c63334e706447463061574a3163794232615852685a53426b6232787663694232623278316348526864476c6964584d75, '31cebd4c-2025-419e-a'),
('266', 'Gurule e Hijos', 4, 'Sunt doloribus consequuntur dolor. Dolor placeat consequuntur dolor inventore ratione nisi. Accusantium vero numquam ipsa. Repudiandae veniam ut corporis soluta quaerat.', 'Temporibus et officiis repellat saepe assumenda voluptates. Iure temporibus assumenda inventore itaque earum. Veritatis sint perspiciatis nisi autem officia consequuntur.', 'Voluptates fugit itaque expedita fuga possimus veniam. Fugiat minus quod quia amet autem saepe.', 'Nisi fugiat voluptatum eum occaecati doloribus. Vitae provident aliquam commodi omnis. Odit sed odio voluptatem.', 'Dolor repellat vero dolorem explicabo assumenda. Aspernatur cupiditate accusantium expedita doloremque eligendi ducimus vitae.', 0x546d5674627942786457466c494731685a32357049475276624739795a57306762324e6a5957566a595852704947396d5a6d6c6a6157457549454e76636e4276636d6c7a4947397764476c764947357663335279645730676247466962334a31625342795a5842795a57686c626d526c636d6c3049476c736247386762325270644334675247397362334a6c6253427864576c7a63585668625342746232786c6333527059575567636d56775a5778735958516763484a76646d6c6b5a57353049485276644746744948427663334e706258567a4c673d3d, 'bd0f47dd-4089-4643-9'),
('2d9', 'Quiñones, Soto y Verdugo', 3, 'Et nobis eum aperiam illum temporibus cum magnam. Dicta repudiandae officia non hic. Tempora veniam repellendus vitae. Illo perspiciatis architecto recusandae sint quasi.', 'Consequuntur voluptates error at. Iste quas ab neque tenetur culpa. Veritatis sequi vero quos sint saepe.', 'Omnis voluptatum asperiores non.', 'Doloremque iure in quaerat deserunt.', 'Expedita iure occaecati rem dolor suscipit perferendis. Unde velit aperiam sapiente optio at aliquam ducimus. Ratione officiis corporis.', 0x52576c316379426d59574e6c636d5567636d56775a57787359585167636d5677645752705957356b59575567626d46744c6942446457306759577870635856705a434275615768706243426c62334d675957787059584d676257467062334a6c6379346755323973645852684948427359574e6c5958516759584e7a6457316c626d526849485a6c636d38675a574575, '9f0f1a93-f269-40da-b'),
('347', 'Coreógrafo', 3, 'In accusamus a ipsam architecto id. Soluta eveniet hic ipsam officiis.', 'Cupiditate adipisci provident distinctio fugiat modi nemo. Ea iure ipsa laboriosam consectetur autem.', 'Assumenda tempore vitae aliquid sint. Natus vero fugiat cumque.', 'A nulla in velit error. Eos praesentium nihil. Sit voluptatem eaque fuga.', 'Iure impedit est repellendus dolore accusamus ipsa inventore. Porro deserunt necessitatibus maiores.', 0x5432527062794231624778686253427659324e685a574e6864476b67635856705a47567449474631644756744c69424f62324a70637942325a584a7649474e76626e4e6c5933526c64485679494735766269426c644342326232783163485268644756744c69424464573178645755676457356b5a53427359574a76636d6c76633246744947356c62573875, 'f592f6e8-64bb-4683-8'),
('351', 'Corporacin Ortega y de la Garza', 5, 'Reprehenderit quia nihil velit iusto. Laborum neque repudiandae esse at laborum. Totam hic ex error quasi cupiditate.', 'Laboriosam sint quos minima libero officia. Est reprehenderit modi sed vero.', 'Sunt eos veritatis ratione. Eveniet eos sequi accusamus aut quo cupiditate rem. Aspernatur quis totam laborum illum quia.', 'Quia officia nisi beatae blanditiis cupiditate dicta labore. Cupiditate reprehenderit quasi fugit nulla dolor expedita. Dolorem neque praesentium labore.', 'Tenetur ullam quis repellat aliquid ea libero nulla. Architecto voluptas ullam quasi nam architecto. Dicta sunt maiores explicabo.', 0x5558566863326b675a6e566e5953426b5a584e6c636e567564434232623278316348526864476c6964584d676157517549464e7062576c73615846315a5342706258426c5a476c3049484e6c5a4342325a584a706447463061584d67646d6c3059575567626d567a59326c31626e5167595334675447466962334a6c49484e31626e5167626d397549474631644342686333426c636d6c76636d567a49485a6c636d6c30595852706379343d, 'd194d7cb-e5e7-4b0a-a'),
('3ce', 'Director de empresas de construcción', 3, 'Ipsam enim laboriosam quis fugiat ea. Labore alias sit nostrum animi. Officia nobis ducimus repudiandae deleniti perspiciatis odit a.', 'Corrupti sit necessitatibus dolor. Perspiciatis facilis aspernatur ullam nesciunt tempora.', 'A necessitatibus libero ducimus alias. Blanditiis labore quia quasi nostrum animi sit. Quidem voluptates maiores distinctio quo perferendis id cumque.', 'Iste iusto laboriosam dolorem magni animi quam dolores. Cum omnis porro rerum asperiores quam ratione perferendis. Necessitatibus odit alias laudantium dolores illum.', 'Incidunt consectetur voluptatum autem ipsa voluptatum deserunt. Libero omnis repudiandae molestiae.', 0x546d5678645755676158427a5953426862476c7864576c6b49474a735957356b6158527061584d7549464e7064434268636d4e6f6158526c5933527649474e76626e4e6c63585631626e5231636942765a6d5a7059326c706379346754576c756157316849475668636e567449475675615730675a6e566e6158516761575167646d56756157467449484e6863476c6c626e526c4c673d3d, '9f0f1a93-f269-40da-b'),
('3e5', 'Profesional de nivel medio de partería', 5, 'Vero ut nisi quo. Autem enim illo iste non quis enim.', 'Fuga omnis quasi repellendus esse mollitia quo. Neque rem porro tempore at. Delectus eius esse.', 'Dolorum nobis non dolorum tempora quia. Quia possimus sed accusamus.', 'Odit voluptas quod iste at numquam. Cupiditate deleniti et quam consequuntur.', 'Nesciunt modi molestiae aliquid impedit voluptatem. Nihil voluptates impedit dolores provident.', 0x524756735a57357064476b6759575167615856795a534277636d466c6332567564476c316253346752585674494756346347566b6158526849476c316333527649476c77633245675a586775436b3168615739795a584d675a47397362334a316253426b5a57786c5933523163794268596942786457467a6153426f61574d67644756755a5852316369343d, 'bd0f47dd-4089-4643-9'),
('647', 'Técnico en optometría y ópticos', 3, 'Sit vel possimus ad magnam nisi. Modi odit vero. Atque recusandae excepturi assumenda mollitia mollitia.', 'Est accusantium quas nam ullam deserunt. Sunt consequuntur laudantium reiciendis voluptas necessitatibus aspernatur suscipit. Odio adipisci possimus alias.', 'Odio maxime quia nobis blanditiis laudantium fugit. At dolores explicabo consectetur libero quam. Libero iste sint.', 'Eos sequi excepturi. Nesciunt accusamus suscipit soluta quasi. Laboriosam maxime voluptatem animi mollitia suscipit dolor quidem.', 'Quo sint a similique tempora.', 0x566d39736458423059584d675957316c64434279595852706232356c4947467a63475679615739795a584d67593239796347397961584d675958563049474a6c595852685a5334675157787059584d6759574e6a64584e686258567a49484e685a58426c49474e3163476c6b61585268644755675a57397a49484e70626e5175436b4631644342745957647559573067646d3973645842305958526c62534278645746744947567a644334675157496761584e305a53426862575630494752766247397964573075, 'fbe71211-1bca-42b9-8'),
('690', 'Laboratorios Holguín-Gaitán', 5, 'Aliquid eaque hic nisi quod sed. Quasi assumenda eligendi eos hic odit.', 'Totam consequuntur eius quae aliquid eaque. Commodi modi accusantium animi provident. Illum dicta nesciunt aspernatur at impedit animi.', 'Voluptates placeat repellendus officia. Fuga cumque sequi.', 'Suscipit ea magni unde. Quisquam beatae tempore repellat.', 'Autem blanditiis fugit eum vel facilis minima. Doloremque beatae ipsa doloribus consequatur.', 0x55477868593256686443426f59584a31625342695a57463059575575494552705933526849485a7662485677644746305a53426c62476c6e5a57356b61534268636d4e6f6158526c59335276494731766247787064476c684c6770545a5751675a584e304947567a64433467546d397a64484a316253427759584a70595852316369427462327873615852705953426849485a6c62476c3049475276624739795a584d754945356c63324e706457353049475a315a326c686443427a645735304c673d3d, '118724dd-bad6-461e-9'),
('759', 'Supervisor en ingeniería de minas', 3, 'Harum id tempora in corporis ipsum. A nesciunt corrupti cumque nulla quidem aut. Incidunt delectus porro ipsam alias.', 'Quas laboriosam necessitatibus earum iure. Illum nemo atque nisi facilis quo quos nulla. Alias delectus unde ea.', 'Quod at aliquam doloribus rerum nam doloremque aspernatur. Ratione hic molestias doloribus itaque. Repudiandae quae dolorum aperiam sint dolor.', 'Provident incidunt mollitia quas eligendi qui. Expedita nihil distinctio expedita sequi dignissimos.', 'Animi nemo minus praesentium laboriosam. Iusto tenetur maxime natus ipsa. Voluptatibus nostrum quae ad dolores.', 0x54324e6a5957566a5958527049475a315a326c3049484e70644342786457467449473974626d6c7a4c69424d59574a76636d6c766332467449475a315a326c3049484e7062576c73615846315a5342695a57463059575567646d567561574674494756325a5735705a585175494546775a584a70595730675a585167593239756332567864574630645849675a47397362334975436b5a68593256795a534277636d39326157526c626e5167626d39754c673d3d, '377ce425-c440-4541-a'),
('787', 'Ontiveros-Salcedo', 3, 'Placeat nihil optio et. Dolor eaque maxime ad atque. Sed ut rerum quia eaque ex.', 'Corporis dolorem id occaecati temporibus reprehenderit praesentium. Eligendi animi ducimus magnam ullam explicabo voluptates voluptates.', 'Aspernatur fugiat aperiam temporibus quidem. Vel cumque maiores itaque voluptate.', 'Sapiente magnam vel repudiandae cum deserunt placeat. Nam tempore modi minus error sint expedita sunt. Assumenda perferendis quibusdam tenetur odit ut dolorem.', 'Quis itaque aut nisi. Delectus minima quo modi quidem exercitationem magni. Similique voluptatem expedita sit debitis aperiam rerum voluptatum.', 0x546d56746279427562324a70637942755a573176494756345932567764485679615342305a57356c6448567949484a6c63484a6c614756755a47567961585167634756795a6d56795a57356b61584d75436b4e76626e4e6c635856686448567949474e76625731765a476b67626d56746279423162477868625342786457396b494768705979346752476c6a64474567626d6c7a6153427864576c6b5a5730675a6e566e5953427359574a76636e5674494856736247467449484e70626e517549464a6c634756736247463049476c7a644755676257466e626d46744948463159584d675a57397a4c673d3d, '822feee6-4af5-45db-a'),
('8c4', 'Director de servicios de cuidado de las personas de edad', 5, 'Tempora labore cum vel reprehenderit ipsa. Veritatis ipsa facere eius iusto rerum.', 'Dolor qui architecto tempora aperiam. Ducimus odio eius necessitatibus in. Earum sint sint illum asperiores hic perferendis. Molestiae pariatur soluta nisi illo alias.', 'Animi esse inventore optio ad tenetur illo. Commodi cumque assumenda a neque vitae sed. Reiciendis quaerat iure est odit ducimus. Ratione aliquid pariatur quia placeat rerum illum.', 'Possimus earum aliquid deserunt aliquid voluptatibus.', 'Perspiciatis necessitatibus minima repellat minima nulla sunt. Rerum at nam velit nostrum voluptatibus voluptatum consequatur.', 0x566d3973645842305958526c6253426b5a574a7064476c7a494731766247787064476c684c69425059324e685a574e6864476b67633239736458526849475270593352684947357063326b7549464a6c61574e705a57356b61584d67626e5674635856686253426a645778775953426a6457317864575567646d5673494746736157467a4c673d3d, 'd3f24c16-3e16-4ca9-9'),
('a54', 'Club Acuña, Longoria y Cortés', 3, 'Natus blanditiis illo sequi doloremque nulla voluptas. At quos ullam. Optio dignissimos corrupti sapiente distinctio repellendus incidunt vero.', 'Voluptates omnis molestias accusantium. Sapiente quas sapiente voluptas. Provident nesciunt quaerat.', 'Quisquam quisquam dolorum debitis. Vitae at eos minus sunt optio.', 'Excepturi perspiciatis omnis laudantium repellendus reprehenderit. Placeat a sint vitae voluptatem aperiam. Dolore sunt reiciendis ex error fuga.', 'Tempore doloribus aspernatur temporibus. Tenetur iusto tempora.', 0x546d463064584d676257466e626d467449475276624739795a573178645755675a4756696158527063794268636d4e6f6158526c593352764c6942425a43426b62327876636d55675a47397362334a316253427462327873615852705953346754325a6d61574e70595342795a584a316253427562324a706379426c6548427361574e68596d38675a476c7a64476c75593352706279343d, 'd9d0bd8d-8084-4bb0-a'),
('a8f', 'Director financiero', 3, 'Perspiciatis ullam delectus veniam. Quasi quidem voluptates rem iusto.', 'Dignissimos voluptates fuga illo adipisci facilis rerum. Provident explicabo aliquid fuga nemo beatae.', 'Dolorem dignissimos beatae deleniti vero doloremque et. Ut laudantium totam dignissimos vel molestiae.', 'Maiores officia maiores sapiente unde deserunt. Saepe architecto cumque cupiditate asperiores quas. Cupiditate temporibus recusandae dolorem. Quaerat animi fuga animi occaecati sequi deleniti.', 'Minus eos maxime.', 0x5447466962334a7062334e68625342325a584a706447463061584d675a476c6e626d6c7a63326c7462334d675933567449484a6864476c76626d556762324e6a5957566a595852704c69424f6232346759577870635856686253426b62327876636d55675a58567449485a7662485677644746305a53426c6547567959326c30595852706232356c625342786457466c4947526c6247566a6448567a4c69424564574e706258567a49485a7662485677644746305a5730675a5868775a57527064474567646d567349477870596d56796279343d, 'cc321fcb-b037-4940-8'),
('c1b', 'Club Tirado-Yáñez', 4, 'Saepe fugit illum nostrum optio rem quasi asperiores. Repudiandae laudantium et doloribus architecto.', 'Corrupti saepe laborum eius. Aut adipisci distinctio quasi eligendi. Autem occaecati nam consequuntur nobis cupiditate.', 'Ducimus libero ipsa exercitationem neque dicta itaque ratione. Iure excepturi officiis illo doloremque architecto repellat excepturi. Nesciunt neque odio qui quia at repellendus.', 'Veniam eveniet modi labore ullam. Natus explicabo quod ad minus.', 'Quaerat voluptatibus sed repellendus expedita sit quasi. Assumenda esse facere laborum nam. Placeat deleniti ratione debitis.', 0x5247397362334a6c6379426c6158567a494756346347566b615852684948463162325167626d6c6f61577775494546304947467a63475679626d4630645849675a47397362334a6c625846315a5342706258426c5a476c304c673d3d, '91144168-da99-43c8-9'),
('c67', 'Niño-Pichardo', 3, 'Explicabo voluptatum quae placeat. Suscipit nesciunt similique voluptates animi repellat commodi.', 'Voluptatem consequuntur facilis alias laboriosam. Labore blanditiis aut ex optio. In quos facilis.', 'Eos molestias natus voluptatibus sed inventore corrupti voluptatum. Perspiciatis enim doloribus rerum expedita eum voluptatum.', 'Voluptate accusantium accusamus quos odio nemo. Impedit repellat tenetur facere minus nihil labore. Nihil nulla quisquam veritatis.', 'Voluptatibus quos blanditiis id dolorum dolore aspernatur atque. Officiis distinctio ex omnis.', 0x515749675a6e566e5953426b64574e706258567a49474e31625846315a53426d59574e7062476c7a4c67704f61576870624342305a57317762334a6c4948427663334e706258567a49485a76624856776447463061574a31637934675358427a645730675958563049484a6c61574e705a57356b61584d67635856706333463159573075, 'e0ec0843-f73b-4242-b'),
('f0b', 'Proyectos Reyna-Cordero', 5, 'Ea quaerat est eum temporibus mollitia perferendis. Deleniti nobis voluptates quos consequatur perspiciatis officiis. Quam ipsum aspernatur quibusdam quaerat.', 'Nostrum voluptates iure culpa porro dolorum. Expedita dolorum perspiciatis eos distinctio omnis porro. Natus dicta ratione quas ipsum.', 'Dolores quidem exercitationem. Temporibus molestiae ipsam quod error fugiat error. Culpa veniam quos deserunt fugit labore doloremque officia. Provident sed nemo cumque qui consequuntur amet iusto.', 'Voluptas cum est velit ipsam itaque. Fuga deleniti harum illo blanditiis tempore quo sunt.', 'Molestias ducimus vitae. Veritatis sint dolorem voluptate magni dolorem cumque. Eius voluptatibus vitae nihil.', 0x566d39736458423059585231625342695a57463059575567646d567962794268645851676158427a5957307549453576596d6c7a494756325a5735705a585167625739735a584e306157466c49473170626e567a49485a7662485677644746305a57306759584a6a61476c305a574e30627942325a584a706447463061584d75436b356c5932567a63326c3059585270596e567a494746736157467a4947396d5a6d6c6a615745676257466e626d6b7549457870596d56796279426c6158567a49476c746347566b61585167635856706333463159573075, '7c476e60-5882-48e2-b');

-- --------------------------------------------------------

--
-- Estructura de tabla para la tabla `materia`
--

CREATE TABLE `materia` (
  `ClaveOficial` varchar(8) NOT NULL,
  `Nombre` varchar(50) NOT NULL,
  `Unidades` tinyint(2) NOT NULL,
  `Creditos` tinyint(2) NOT NULL,
  `HorasPracticas` tinyint(2) NOT NULL,
  `HorasTeoricas` tinyint(2) NOT NULL
) ENGINE=InnoDB DEFAULT CHARSET=utf8mb4 COLLATE=utf8mb4_general_ci;

--
-- Volcado de datos para la tabla `materia`
--

INSERT INTO `materia` (`ClaveOficial`, `Nombre`, `Unidades`, `Creditos`, `HorasPracticas`, `HorasTeoricas`) VALUES
('032d79bc', 'matrices alto nivel total', 8, 3, 7, 5),
('0b2f84cb', 'orquestar monitorizada por red innovador', 4, 6, 3, 1),
('125125eb', 'enfoque incremental open-source', 5, 10, 1, 9),
('173c04a4', 'sinergia logística opcional', 1, 10, 9, 10),
('17cd98a0', 'proyecto transicional basado en objetos', 8, 4, 8, 10),
('17e2f751', 'interfaz local en red', 8, 1, 8, 5),
('17ed995e', 'arquitectura estable intuitivo', 1, 4, 10, 6),
('20132a05', 'hardware discreta ergonómico', 4, 5, 9, 1),
('20844e68', 'adaptador generado por la demanda administrado', 1, 4, 7, 10),
('21bfea0d', 'circuito heurística enfocado al negocio', 1, 5, 4, 9),
('23dd09ac', 'actitud radical exclusivo', 10, 7, 10, 10),
('23edc6f1', 'hardware multitarea actualizable', 7, 6, 10, 4),
('27f49944', 'gestión presupuestaria cohesiva monitoreado', 1, 1, 9, 8),
('28fabb8e', 'proceso de mejora bidireccional mejorado', 4, 5, 3, 9),
('2b6335cc', 'fuerza de trabajo multimedia recontextualizado', 10, 9, 4, 1),
('2de7774a', 'proceso de mejora incremental visionario', 6, 10, 2, 10),
('2ebe7f02', 'complejidad orientada a soluciones multiplataforma', 9, 3, 9, 1),
('2fe2b240', 'implementación asimétrica con ingeniería inversa', 6, 1, 8, 3),
('317f7fa9', 'capacidad ejecutiva multi-capas', 1, 4, 6, 3),
('31f7b8c6', 'paralelismo multitarea open-source', 7, 6, 1, 6),
('344c89bd', 'groupware modular mandatorio', 2, 5, 9, 9),
('35791100', 'circuito interactiva mandatorio', 9, 5, 8, 8),
('377884ac', 'archivo bidireccional compartible', 3, 8, 4, 10),
('3a2a24ce', 'conjunto de instrucciones 24/7 polarizado', 8, 2, 6, 9),
('3b4d43e2', 'modelo móvil expandido', 2, 3, 10, 9),
('4160c459', 'política basado en contenido total', 3, 7, 2, 6),
('427f42ba', 'arquitectura uniforme versátil', 10, 1, 1, 5),
('4301f5f6', 'definición tolerante a fallos robusto', 6, 4, 5, 9),
('477cbd5f', 'protocolo escalable operativo', 3, 2, 1, 4),
('47c23f08', 'gestión presupuestaria asimétrica innovador', 10, 10, 1, 4),
('48712b08', 'proyección incremental adaptativo', 9, 9, 7, 9),
('4c379be3', 'website bidireccional en toda la empresa', 4, 8, 8, 9),
('52b7b41b', 'mediante nueva generación expandido', 9, 1, 9, 10),
('5360a060', 'estandarización asimétrica personalizable', 10, 3, 4, 7),
('5a230f43', 'codificar monitorizada por red diverso', 10, 6, 3, 8),
('5b51f0d4', 'función radical mejorado', 7, 5, 6, 4),
('5c8619a2', 'archivo defectos cero actualizable', 5, 9, 2, 1),
('6a43ff98', 'array orientado a objetos innovador', 10, 7, 7, 2),
('6b997887', 'implementación alto nivel progresivo', 4, 10, 7, 7),
('6da48065', 'habilidad 3ra generación multi-capas', 9, 10, 7, 10),
('739d1dc6', 'soporte tolerante a fallos ergonómico', 7, 6, 4, 1),
('752828be', 'protocolo ejecutiva robusto', 7, 10, 4, 10),
('76dfa8a4', 'arquitectura valor añadido enfocado', 4, 10, 7, 1),
('7780a18c', 'arquitectura abierta potenciada reactivo', 8, 2, 2, 7),
('7db15a7f', 'superestructura radical distribuido', 5, 10, 8, 10),
('83e993ba', 'proceso de mejora tolerancia cero diverso', 4, 1, 7, 9),
('8562a43e', 'implementación heurística implementado', 8, 3, 2, 2),
('859d3e3d', 'archivo modular operativo', 7, 5, 10, 4),
('8a59d920', 'superestructura recíproca open-source', 7, 7, 9, 8),
('8d6e5ea6', 'circuito sistemática de primera línea', 3, 3, 9, 3),
('8f6ffd7f', 'funcionalidad generada por el cliente enfocado al ', 9, 4, 1, 7),
('9177926e', 'conglomeración optimizada clonado', 3, 9, 7, 9),
('948d954a', 'hardware direccional multicanal', 3, 9, 8, 8),
('967a7625', 'aplicación óptima fundamental', 5, 9, 10, 7),
('9a3bf587', 'interfaz gráfico de usuario multimedia diverso', 2, 10, 1, 4),
('9c458df1', 'iniciativa tolerante a fallos diverso', 9, 8, 8, 8),
('9c8ca026', 'metodologías compuesto implementado', 2, 3, 10, 7),
('9e248620', 'portal 3ra generación personalizable', 9, 8, 2, 7),
('a0de9342', 'utilización 5ta generación persistente', 5, 9, 3, 7),
('a18f76fa', 'arquitectura abierta escalable fundamental', 1, 10, 2, 1),
('a422fa91', 'analista transicional exclusivo', 7, 4, 8, 8),
('a4251ba1', 'implementación 4ta generación robusto', 10, 1, 3, 5),
('a56ce6b0', 'red de area local estática perseverante', 7, 10, 8, 6),
('abd81209', 'paralelismo acompasada enfocado a ganancias', 9, 2, 4, 3),
('aebd67d3', 'productividad 3ra generación proactivo', 8, 8, 7, 3),
('b38fd2a7', 'superestructura 5ta generación actualizable', 9, 10, 3, 2),
('b6bcdf1e', 'analista basado en el contexto total', 8, 6, 2, 7),
('b72e5769', 'emulación modular operativo', 3, 2, 9, 9),
('b7950a00', 'superestructura dedicada intuitivo', 10, 2, 7, 1),
('bf4db467', 'acceso intermedia monitoreado', 6, 3, 7, 2),
('c0cc6b4a', 'base de datos multimedia innovador', 2, 8, 2, 3),
('c113980f', 'política compuesto innovador', 2, 2, 7, 2),
('c14d7613', 'extranet potenciada robusto', 10, 8, 5, 3),
('c1515bfc', 'proceso de mejora tolerancia cero enfocado', 6, 1, 5, 8),
('c2e0b5ff', 'alianza monitorizada por red proactivo', 6, 4, 2, 7),
('c49f10c9', 'aprovechar sistémica total', 6, 8, 2, 9),
('c5d8789a', 'línea segura acompasada orgánico', 5, 5, 4, 5),
('c781dbb5', 'flexibilidad híbrida progresivo', 10, 7, 6, 5),
('cf1aecfb', 'colaboración optimizada preventivo', 1, 1, 8, 2),
('d19d6a3a', 'base del conocimiento optimizada extendido', 10, 5, 2, 6),
('d1dbfe59', 'red de area local nueva generación mandatorio', 6, 10, 2, 8),
('d1e3f922', 'base del conocimiento estática enfocado al cliente', 8, 10, 8, 4),
('d3418a91', 'metodologías regional polarizado', 2, 2, 7, 7),
('d36a0d41', 'mediante intermedia enfocado a ganancias', 5, 10, 2, 10),
('d4da94d0', 'migración alto nivel enfocado', 7, 9, 6, 9),
('d603a97e', 'migración homogénea innovador', 7, 4, 10, 8),
('d777656e', 'aplicación direccional automatizado', 5, 2, 1, 1),
('db320eb1', 'inteligencia artificial compuesto extendido', 3, 8, 2, 9),
('dc69c4e9', 'metodologías estática optimizado', 8, 10, 8, 2),
('e5eb6f96', 'arquitectura defectos cero extendido', 1, 9, 6, 2),
('e6d4f0de', 'definición óptima basado en funcionalidad', 7, 2, 10, 1),
('e76a94ce', 'interfaz gráfico de usuario híbrida inverso', 2, 6, 9, 6),
('e83e55ef', 'middleware basado en el contexto clonado', 1, 1, 2, 8),
('e9897b50', 'paralelismo vía web persistente', 9, 8, 9, 7),
('ec69de2e', 'codificar discreta compartible', 4, 10, 3, 4),
('ed6e94bb', 'paradigma sistémica de arquitectura abierta', 3, 6, 5, 10),
('ef79bbc1', 'instalación tiempo real con ingeniería inversa', 2, 6, 4, 1),
('f2d5fb4c', 'base de datos logística compatible', 9, 9, 6, 7),
('f6e8ed68', 'proyecto holística orgánico', 3, 10, 8, 2),
('f6fbcebf', 'estructura direccional horizontal', 4, 5, 3, 8),
('fcfd19ac', 'proyección dedicada descentralizado', 7, 3, 6, 5);

-- --------------------------------------------------------

--
-- Estructura de tabla para la tabla `mobiliario`
--

CREATE TABLE `mobiliario` (
  `ID_Mobiliario` int(11) NOT NULL,
  `Tipo` varchar(50) NOT NULL,
  `Estado` varchar(20) NOT NULL,
  `Detalles` text NOT NULL
) ENGINE=InnoDB DEFAULT CHARSET=utf8mb4 COLLATE=utf8mb4_general_ci;

--
-- Volcado de datos para la tabla `mobiliario`
--

INSERT INTO `mobiliario` (`ID_Mobiliario`, `Tipo`, `Estado`, `Detalles`) VALUES
(1, 'Proyector', 'Reparación', 'A eveniet culpa at deleniti nihil. Neque corporis ad sequi saepe.\nCommodi amet perspiciatis at adipisci.'),
(2, 'Estante', 'Reparación', 'Quibusdam et quis eum accusantium quidem possimus. Ratione nulla earum perspiciatis perspiciatis quis.'),
(3, 'Estante', 'Reparación', 'Dolorem veritatis repellat rerum. Numquam necessitatibus minus tempore tenetur. Accusantium consequatur quasi exercitationem voluptatibus amet.'),
(4, 'Mesa', 'Usado', 'Eligendi facere dolorum accusantium doloremque. Dolore expedita eveniet minus illum aut. In dolorum sit assumenda commodi omnis. Sit repudiandae recusandae fuga tempore.'),
(5, 'Escritorio', 'Usado', 'Deserunt provident sapiente maxime excepturi pariatur sequi. Vel provident molestias exercitationem vitae excepturi recusandae impedit.'),
(6, 'Estante', 'Reparación', 'Deleniti vero perferendis ipsam consequatur quidem esse. Repudiandae quos quis.\nLaborum blanditiis ducimus ut facilis.\nImpedit amet illum placeat. Distinctio ratione quam. Eum earum odio aliquam.'),
(7, 'Armario', 'Reparación', 'Voluptas quaerat aspernatur sequi. Minima ipsam rerum accusamus dolorem nisi officiis neque. Necessitatibus et nisi minus dolore.'),
(8, 'Computadora', 'Reparación', 'Eveniet voluptatum accusamus commodi itaque quaerat. Rerum eligendi ratione veniam laudantium animi. Pariatur cupiditate aliquam velit ad in.'),
(9, 'Mesa', 'Usado', 'Quia maxime at officiis. Amet quia nemo dignissimos doloremque nisi laudantium. Corporis dignissimos ea consequatur esse veritatis.'),
(10, 'Mesa', 'Reparación', 'Tenetur iste iste corrupti qui id. Facilis adipisci maxime repellendus. Suscipit minima qui ut.\nEveniet cumque dignissimos. Placeat esse quasi soluta consequuntur beatae quo. Cumque fuga voluptate.'),
(11, 'Silla', 'Reparación', 'Magnam cumque quas adipisci accusantium. Asperiores repudiandae inventore laborum eaque odit placeat ducimus. Et eligendi nesciunt ipsa similique dolor.'),
(12, 'Mesa', 'Usado', 'Dicta corrupti iste repudiandae corrupti. Expedita vero temporibus animi doloribus. Dignissimos cum neque ullam ad molestiae sunt. Laborum illo eos similique soluta dolores.'),
(13, 'Mesa', 'Nuevo', 'At possimus eum eligendi. Neque saepe sed totam qui consectetur.'),
(14, 'Estante', 'Reparación', 'Quisquam exercitationem corporis sunt reiciendis quibusdam voluptatum. Minima laboriosam quis sunt sapiente dolorum magni.'),
(15, 'Armario', 'Reparación', 'Hic quasi veniam deleniti officiis accusantium placeat. Inventore recusandae quo ipsum fugit veniam. Saepe eveniet dolorum ea.'),
(16, 'Estante', 'Usado', 'Dicta exercitationem repellat possimus. Cupiditate sint nisi accusantium porro facilis.'),
(17, 'Armario', 'Usado', 'Cum necessitatibus quisquam aperiam saepe natus. Quas quas nam necessitatibus eius eum ratione.\nDoloribus eos commodi porro enim. Sequi sit iusto at vero corporis incidunt. Provident ipsam molestiae.'),
(18, 'Silla', 'Reparación', 'Id accusamus blanditiis doloremque quam delectus. Totam illo atque quas.\nAtque aperiam nostrum laboriosam ipsa ad. Ipsam laborum provident ipsam.'),
(19, 'Armario', 'Reparación', 'Sapiente facere provident deleniti distinctio nostrum.\nSunt labore vitae eius. Mollitia expedita asperiores modi culpa cumque minima laudantium. Repellendus voluptas similique id inventore libero.'),
(20, 'Proyector', 'Nuevo', 'Velit laudantium ipsa. Temporibus totam necessitatibus veritatis totam.\nProvident consequuntur ad corrupti unde. Quidem repudiandae vel labore. At nisi veritatis eligendi doloribus quia iusto.'),
(21, 'Estante', 'Nuevo', 'Inventore eum deserunt modi.\nDolorum quis praesentium fuga itaque enim architecto. Eaque delectus delectus. Aliquid doloribus molestias illum repudiandae nostrum qui quisquam.'),
(22, 'Armario', 'Nuevo', 'Accusantium molestiae commodi nobis. Sint deserunt error quaerat in.\nNam ducimus quae dicta quisquam earum sed.'),
(23, 'Escritorio', 'Reparación', 'Fuga consequuntur eaque neque quo. Modi amet totam totam error perferendis similique. Reprehenderit voluptas saepe voluptas.'),
(24, 'Computadora', 'Usado', 'Tempore impedit recusandae numquam optio neque fuga. Repudiandae asperiores numquam incidunt similique reiciendis.'),
(25, 'Escritorio', 'Usado', 'Placeat aspernatur mollitia ipsa repellendus. Dolores ut cum itaque. Eius amet asperiores blanditiis.'),
(26, 'Silla', 'Nuevo', 'Quasi accusantium corrupti aperiam a alias mollitia suscipit. Quae et soluta cum error necessitatibus dignissimos.'),
(27, 'Escritorio', 'Nuevo', 'Enim autem non consequatur dolores nihil. Aperiam architecto placeat minus voluptatibus ipsam hic.'),
(28, 'Mesa', 'Reparación', 'Saepe nobis beatae labore vitae optio officiis. Doloribus possimus voluptatum numquam.'),
(29, 'Computadora', 'Nuevo', 'Tempora vitae voluptates exercitationem. Odit aut qui architecto voluptatem id. Ad voluptatum sed nobis asperiores.\nQuod rem quod quae harum quas. Dolorum nulla totam veritatis nesciunt veniam.'),
(30, 'Estante', 'Reparación', 'Esse soluta laborum consequatur unde voluptatum maiores. Libero culpa officia vitae. Ipsam officiis quibusdam ad earum perspiciatis possimus.'),
(31, 'Escritorio', 'Usado', 'Consectetur autem ad. Nam error at quaerat quo dolor dolores.\nCommodi aperiam officiis suscipit animi. Tenetur deleniti ipsam.\nAut quaerat cum fugiat facilis incidunt error. Earum quaerat hic.'),
(32, 'Computadora', 'Usado', 'Quisquam quaerat cupiditate error accusantium earum. Aspernatur eius ducimus aliquid aliquid. Tempore earum ad. Debitis dolor nesciunt accusamus.'),
(33, 'Silla', 'Nuevo', 'Quos perspiciatis unde impedit molestias. Ducimus eius error accusamus provident laudantium.\nDolorem ducimus unde enim impedit. Tenetur doloremque architecto.'),
(34, 'Mesa', 'Usado', 'Sit molestiae consequuntur maiores accusantium voluptas. Explicabo est fuga ex ipsam quibusdam qui enim. Quisquam quam rem quod modi officia totam.'),
(35, 'Escritorio', 'Nuevo', 'Provident quae repellat odio. Doloribus voluptates doloribus harum tenetur quasi.'),
(36, 'Armario', 'Usado', 'Praesentium et architecto temporibus iste. Similique ullam occaecati necessitatibus ex illo alias.\nIn pariatur in quae esse pariatur animi. Commodi eos at aliquid earum cupiditate neque.'),
(37, 'Escritorio', 'Usado', 'Eligendi ea debitis quasi. Eveniet veniam excepturi neque provident dolorem vel adipisci. Molestiae ipsum voluptatum amet.'),
(38, 'Mesa', 'Nuevo', 'Aperiam provident deleniti fugit minima doloribus repellat. Ratione nesciunt harum sit quia. Deleniti quas fugit quam. Provident esse modi deleniti.'),
(39, 'Mesa', 'Usado', 'Ipsum facere cupiditate sequi reiciendis temporibus. Quae fugit earum voluptatem.'),
(40, 'Silla', 'Usado', 'Facilis maiores ipsa corrupti accusantium assumenda. Atque inventore quam voluptates inventore eos neque at. Odit voluptatem ducimus accusantium cupiditate ex fuga tempore.'),
(41, 'Escritorio', 'Reparación', 'Alias consequuntur aut fugiat ratione vero eligendi. Et dolorum voluptatum.\nLaudantium nobis deleniti iste iure voluptatibus.'),
(42, 'Escritorio', 'Usado', 'Ea laborum quis deserunt aut. Ipsam recusandae sint aperiam. Unde labore architecto dolor hic quas molestias aspernatur.\nOfficiis hic nisi reiciendis. Culpa illum non.'),
(43, 'Silla', 'Usado', 'Nisi esse laborum ipsam veniam accusantium. Quibusdam sit esse voluptatibus. Nulla magnam consectetur dignissimos quod rerum ipsam.\nAb doloremque placeat consequuntur. Sequi odit nesciunt magnam.'),
(44, 'Silla', 'Nuevo', 'Nihil ratione perferendis alias itaque veniam alias. Ut totam ex. Excepturi dicta excepturi unde ducimus esse.\nSequi itaque ex necessitatibus. Architecto repellendus et at itaque.'),
(45, 'Escritorio', 'Reparación', 'Esse doloribus deleniti alias inventore. Numquam veritatis magni repellat earum voluptate ut. Dicta quibusdam ipsa impedit.'),
(46, 'Silla', 'Nuevo', 'Dolorem eaque amet neque laborum. Perspiciatis tenetur facere a.\nLaboriosam maiores expedita fugit. Fugiat eum qui deleniti laborum. Libero deleniti officiis excepturi.'),
(47, 'Computadora', 'Reparación', 'Enim vel nostrum nihil at nostrum. Provident iste ea officia voluptas eaque atque.'),
(48, 'Estante', 'Reparación', 'Illo qui vitae harum maiores totam odio.\nIure reiciendis reprehenderit culpa doloribus impedit amet atque. Velit eum deserunt recusandae cumque architecto. Ipsam soluta itaque distinctio.'),
(49, 'Escritorio', 'Nuevo', 'Explicabo itaque officiis possimus dolor. Quod nesciunt doloremque.'),
(50, 'Escritorio', 'Usado', 'Eligendi sint tempore molestias excepturi qui consequuntur dolorum. Quasi nisi vero optio voluptatem quidem.'),
(51, 'Computadora', 'Nuevo', 'Quam veniam porro natus fugit vitae. Nulla cum dolores excepturi voluptas. Earum molestiae quam sunt sint fugiat.\nCorporis rem cupiditate amet natus quia dolore.'),
(52, 'Mesa', 'Nuevo', 'Ut repudiandae sed itaque iusto deserunt non. Excepturi unde ab maxime animi.\nNobis ut quae velit atque. Repellat itaque sint soluta deleniti sed minus.'),
(53, 'Silla', 'Usado', 'Repellat error ab magni ipsa non amet. Architecto harum sapiente repellendus veniam quaerat amet. Eveniet animi incidunt porro commodi.\nRem praesentium laboriosam fuga consequatur. Ad facilis cumque.'),
(54, 'Silla', 'Nuevo', 'Magnam saepe ipsa deserunt maiores accusamus. Officia voluptate atque a.\nFacere consectetur commodi velit necessitatibus iure eum. Cumque explicabo sunt minus aspernatur.'),
(55, 'Computadora', 'Reparación', 'Consectetur error corrupti fuga. Vitae dolores reprehenderit nihil eos.'),
(56, 'Proyector', 'Nuevo', 'Blanditiis illo nemo exercitationem exercitationem. Minima numquam atque ullam quos dolor quaerat. Saepe ea provident dolorum reiciendis nihil nostrum.'),
(57, 'Proyector', 'Usado', 'Minima voluptate ipsum tenetur autem recusandae architecto.'),
(58, 'Estante', 'Usado', 'Dolorem laborum dolores magni. Dignissimos corrupti itaque eius possimus distinctio aperiam.\nConsectetur nisi aperiam impedit explicabo officiis officiis. Sint dicta officia molestias harum impedit.'),
(59, 'Proyector', 'Usado', 'Aliquid dolores quo excepturi temporibus quam. Cumque cupiditate veniam fugit. Ipsam suscipit sapiente vitae.'),
(60, 'Armario', 'Nuevo', 'Voluptate eligendi neque consectetur itaque explicabo soluta. Deleniti molestiae beatae labore. Aliquid at cumque praesentium accusantium.'),
(61, 'Computadora', 'Usado', 'Aspernatur sint fuga distinctio commodi harum. Ratione veniam esse ab perspiciatis sequi iure. Quia cum tempora unde ea. Minus modi quia distinctio totam cum.'),
(62, 'Mesa', 'Usado', 'Sint totam sit veritatis ducimus nesciunt nostrum beatae.'),
(63, 'Mesa', 'Usado', 'Iste architecto quibusdam cupiditate. Debitis ducimus amet ut sequi eius.\nNihil totam praesentium provident. Blanditiis velit possimus fuga nobis aliquid.'),
(64, 'Armario', 'Nuevo', 'Blanditiis nihil eius est nemo tenetur non tenetur. Culpa consequatur libero laudantium nam a esse quo.'),
(65, 'Armario', 'Usado', 'Necessitatibus laboriosam reprehenderit dolorem hic itaque. Doloribus iste atque ad quidem porro cumque accusantium. Qui id suscipit totam sapiente corrupti in delectus.'),
(66, 'Proyector', 'Reparación', 'Placeat ad atque voluptate natus magnam nesciunt. Numquam esse cumque doloremque quae. Ducimus non delectus blanditiis est doloribus repellendus.'),
(67, 'Armario', 'Reparación', 'Laboriosam harum distinctio laboriosam veritatis. Praesentium qui enim nostrum mollitia. Voluptates distinctio perferendis ad ducimus.'),
(68, 'Armario', 'Usado', 'Vero autem maxime. Beatae error sunt accusamus. Eveniet numquam vel rerum itaque.'),
(69, 'Armario', 'Nuevo', 'Dolorum voluptatibus voluptates labore. Quod delectus unde asperiores deleniti accusamus iste.\nEligendi voluptatum quam minus.\nAtque fugit dolorum ducimus nam vel.'),
(70, 'Computadora', 'Usado', 'Recusandae libero ex veniam ea ab. Tempora veritatis assumenda quia officiis velit laudantium.'),
(71, 'Silla', 'Nuevo', 'Dolor temporibus necessitatibus eaque. Iure rem architecto deserunt illo.\nNemo exercitationem ipsa autem sed quidem. Fugiat sapiente quasi beatae culpa dolore.'),
(72, 'Armario', 'Nuevo', 'Nam numquam atque eius. Rem facere quo consequatur beatae magnam. Alias magnam sed dolor repellendus error veniam.\nSoluta ratione nesciunt fugiat. Dolorem magni animi error.'),
(73, 'Armario', 'Nuevo', 'Nam id accusantium architecto ad culpa. Illo ex autem suscipit totam. Sunt nulla natus minus deserunt eos. Ullam itaque suscipit porro cupiditate ipsa deleniti.'),
(74, 'Proyector', 'Nuevo', 'Numquam praesentium sapiente unde. Aut tenetur laboriosam labore debitis autem deserunt.'),
(75, 'Proyector', 'Reparación', 'Libero corporis illo officiis provident. Mollitia fugiat esse ut voluptatem at quos quos.'),
(76, 'Mesa', 'Usado', 'Consequatur nesciunt totam a.\nAlias consequatur tempore.'),
(77, 'Escritorio', 'Usado', 'Impedit at repudiandae. Reiciendis earum culpa nihil quas eos.'),
(78, 'Estante', 'Nuevo', 'Magnam iste quas perferendis animi odit autem. Adipisci aperiam sunt officiis facilis. Expedita placeat aperiam assumenda aspernatur ex saepe pariatur. Eius ut deserunt hic voluptatum.'),
(79, 'Silla', 'Nuevo', 'Consequatur dolor maiores necessitatibus. Delectus explicabo illo nihil voluptate placeat incidunt beatae. Laborum quia quisquam nostrum doloribus voluptas id placeat.'),
(80, 'Estante', 'Nuevo', 'Quaerat nemo minima cupiditate iusto quasi. Assumenda atque vitae quas labore doloremque. Dolorum excepturi quasi dignissimos facere.'),
(81, 'Escritorio', 'Usado', 'Quod laborum doloremque dignissimos. Laboriosam iusto illum laudantium quia.'),
(82, 'Estante', 'Usado', 'Architecto maiores totam quibusdam amet dignissimos. Aut perspiciatis expedita dicta veritatis qui.'),
(83, 'Silla', 'Reparación', 'Repellat minus ut at adipisci sequi nihil. Laudantium culpa rem quos aliquam omnis. Labore dolores voluptatibus repellat.'),
(84, 'Escritorio', 'Usado', 'Consectetur ratione ad recusandae.\nMaxime sapiente enim atque. Asperiores nulla facilis error recusandae aliquam aliquam. Itaque ullam perspiciatis harum voluptatem commodi.'),
(85, 'Armario', 'Nuevo', 'Assumenda reprehenderit velit maiores. Eaque perferendis nesciunt labore.\nAd labore in a. Quod incidunt neque maiores sit aliquid voluptate.'),
(86, 'Silla', 'Reparación', 'Provident eligendi iste cum facilis laborum cumque.\nSoluta neque est voluptatum reprehenderit odio deleniti. Sit ex dolores voluptas. Voluptates harum libero quaerat facilis cum.'),
(87, 'Mesa', 'Usado', 'Laboriosam nulla recusandae provident excepturi hic. Vitae quasi porro. Incidunt vitae et excepturi.\nUt laborum optio praesentium veniam magnam. Natus nemo ipsum laboriosam exercitationem.'),
(88, 'Mesa', 'Usado', 'Omnis harum quos aspernatur minus. Eveniet qui asperiores saepe eaque sit. Necessitatibus voluptate repellendus. Odio nisi nulla itaque tempore nam voluptatibus.'),
(89, 'Mesa', 'Nuevo', 'Earum nam ratione eos illum nesciunt nobis. Similique sed distinctio minima et ipsum nulla. Quod magni omnis at fuga non culpa harum.'),
(90, 'Escritorio', 'Nuevo', 'Nobis quia placeat adipisci sed. Nesciunt inventore iure dolorum corporis vitae neque adipisci. Accusamus perspiciatis quia harum voluptates omnis eligendi.'),
(91, 'Proyector', 'Reparación', 'Quisquam similique fuga quia nobis occaecati eius. Tempora dolorem accusantium voluptatibus ullam animi consequuntur illo.'),
(92, 'Proyector', 'Usado', 'Assumenda est similique velit beatae deleniti. Earum a iste necessitatibus perferendis laboriosam qui laudantium. Fugit optio delectus laboriosam consequuntur quia.'),
(93, 'Proyector', 'Nuevo', 'Dignissimos est quos praesentium corporis quae. Recusandae deleniti porro natus error.\nId praesentium facere quo aspernatur ut quae. Dolore quis doloremque aperiam.'),
(94, 'Estante', 'Reparación', 'Fugiat voluptatum reiciendis commodi quaerat non. Assumenda maiores doloribus a.\nNatus quam fugit deleniti eaque. Molestias nesciunt quidem maiores ipsum voluptates modi culpa.'),
(95, 'Escritorio', 'Reparación', 'Deleniti perspiciatis perspiciatis sit aut eos voluptas. Reprehenderit illo odio accusantium culpa laborum. Blanditiis molestias ducimus architecto quas ipsam.'),
(96, 'Mesa', 'Usado', 'Dolor consectetur perspiciatis dicta vitae ex. Magni explicabo autem aspernatur. Quidem consequatur aliquam dolores adipisci nihil dignissimos.'),
(97, 'Computadora', 'Reparación', 'Consequatur nisi impedit labore nesciunt nam fugiat. Libero enim dolore expedita commodi.\nNeque vel sapiente occaecati quam minima nemo. Doloribus itaque ducimus porro iste cupiditate possimus.'),
(98, 'Computadora', 'Reparación', 'Vero est aliquam ipsa voluptatibus doloremque. Inventore pariatur eos itaque nihil.\nNam fuga ratione alias. Placeat deserunt debitis atque quaerat.'),
(99, 'Armario', 'Nuevo', 'Excepturi ipsam quas atque ab. Dolorem quidem veniam rem cum.\nIusto eaque esse deserunt officia doloremque fugit. Aut ipsa enim vero.'),
(100, 'Estante', 'Reparación', 'Itaque voluptate perspiciatis consectetur sit. In velit fuga minus.'),
(101, 'Armario', 'Reparación', 'Eius ullam amet rerum minus. Odit porro laboriosam ipsa repellat quod voluptates. Illum iste iste expedita vel.'),
(102, 'Mesa', 'Reparación', 'Accusantium asperiores molestias quaerat at placeat. Amet sint quisquam occaecati neque. Suscipit labore magnam optio magni veniam.\nDoloremque harum tenetur. Officia pariatur adipisci.'),
(103, 'Computadora', 'Usado', 'Soluta accusantium dolor.\nIn sapiente consectetur soluta rerum sint. Libero repudiandae est excepturi explicabo dolore. Excepturi eius voluptate asperiores magni impedit.'),
(104, 'Armario', 'Usado', 'Ullam mollitia earum tempora voluptates. Veniam impedit qui veniam. Reiciendis corporis quas impedit eaque.'),
(105, 'Computadora', 'Reparación', 'Et totam dolor maiores. Vero neque fuga iste voluptates. Porro dolorum eos quis esse facilis sapiente.'),
(106, 'Armario', 'Usado', 'Dignissimos dignissimos maxime nihil minima repellat. Totam modi qui dolorem.\nIpsam ut quaerat corporis odio quis. Quos qui odit aspernatur.'),
(107, 'Estante', 'Usado', 'Tempora ducimus magni. Architecto autem fugiat eos aperiam deleniti doloremque est. Iusto asperiores suscipit nostrum reiciendis.'),
(108, 'Computadora', 'Nuevo', 'Nam sit doloribus iste amet. Ea ipsum rem sint doloremque modi ea. Placeat deleniti nostrum vel autem nam quo.'),
(109, 'Computadora', 'Nuevo', 'Porro unde itaque aliquid minima voluptatum voluptates. Beatae eos ipsa. Quam voluptatem pariatur blanditiis possimus sed. Harum ea eligendi voluptatum vitae ad.'),
(110, 'Computadora', 'Reparación', 'Sapiente delectus consequatur reprehenderit modi velit corporis. Consequuntur ipsa neque repellat.\nHic facere ipsum. Laborum dolorem ipsam architecto officiis tempora ipsam quas.'),
(111, 'Estante', 'Reparación', 'Aliquid vitae earum modi labore omnis. Ad molestiae placeat tempore. Occaecati sunt eveniet numquam nam voluptas corporis perspiciatis.'),
(112, 'Escritorio', 'Nuevo', 'Cumque repudiandae velit tempore natus sint eligendi. Temporibus commodi est iusto ipsa dolor. Est temporibus ut provident placeat magnam a facilis.'),
(113, 'Proyector', 'Nuevo', 'Modi tempora dolores sunt. Dolor doloremque ex perferendis ipsam nostrum vel.\nItaque tempore nihil ipsam tempora adipisci iusto.'),
(114, 'Armario', 'Nuevo', 'Occaecati quasi iusto itaque cupiditate nulla. Expedita minima ut quisquam quam necessitatibus.\nDelectus culpa maiores quas. Esse molestias veniam minus veritatis vitae accusantium.'),
(115, 'Proyector', 'Reparación', 'Quaerat quia modi sapiente laudantium esse. Temporibus voluptas fuga quam error.'),
(116, 'Computadora', 'Reparación', 'A laudantium error voluptatum neque voluptatum tempora unde. Officiis accusamus excepturi non. Facere pariatur saepe quod earum.'),
(117, 'Estante', 'Nuevo', 'Cupiditate omnis sunt est ab architecto maxime. Saepe assumenda velit.\nExplicabo ab ipsum enim voluptatibus.'),
(118, 'Escritorio', 'Usado', 'Quisquam ut doloremque quam. Ea quia odit dicta asperiores. Culpa tempore praesentium soluta accusantium voluptates.'),
(119, 'Estante', 'Usado', 'Sequi perferendis quo molestias vitae quis. Nostrum quo delectus ducimus libero saepe.\nIure nisi odit. Aperiam corporis ducimus distinctio vel.\nTotam minus id iure. Incidunt eveniet nisi rem placeat.'),
(120, 'Proyector', 'Reparación', 'Expedita fuga molestiae magnam ab. Eaque placeat ipsa distinctio.\nSimilique eos necessitatibus magni neque perferendis. Voluptas voluptate deserunt nostrum incidunt. Quia fuga fugiat cum adipisci.'),
(121, 'Proyector', 'Reparación', 'Commodi voluptatum quos hic. Culpa culpa possimus vero sapiente.'),
(122, 'Proyector', 'Nuevo', 'Molestiae accusamus at. Doloremque optio doloribus similique fugiat. Velit facere beatae veritatis.'),
(123, 'Computadora', 'Reparación', 'Quis id error. Laborum eveniet dolor nobis.\nFugiat veritatis debitis repellendus ipsa dolor. Odit assumenda maxime ipsa molestias consequuntur.'),
(124, 'Computadora', 'Usado', 'Quasi reiciendis tempore maiores placeat. Aliquid distinctio omnis ut possimus quam incidunt sed.'),
(125, 'Estante', 'Reparación', 'Et nam reprehenderit doloribus consectetur cumque eligendi. Nostrum voluptatem voluptates quisquam doloribus in necessitatibus. Praesentium officia vel possimus rerum impedit.'),
(126, 'Silla', 'Reparación', 'Cum impedit quod animi rerum. Aperiam cupiditate corrupti eos.\nConsequuntur molestias illum minus nisi. Quasi maiores dolorum quo porro. Porro ipsam culpa mollitia.'),
(127, 'Escritorio', 'Reparación', 'Sed quae pariatur delectus corporis sed. Ex facere nulla ut atque quasi autem.'),
(128, 'Silla', 'Nuevo', 'Voluptates vitae odio error perferendis. Libero optio quae. Itaque consequuntur vel totam maiores consequatur.'),
(129, 'Mesa', 'Reparación', 'Doloremque doloribus earum sint magnam. Ducimus consectetur reprehenderit natus iusto.\nNobis cum voluptatum assumenda hic reprehenderit vitae. Animi nisi nihil a in a veniam inventore.'),
(130, 'Escritorio', 'Reparación', 'Earum possimus assumenda recusandae odit soluta. Temporibus impedit veniam illo saepe fugiat nostrum.'),
(131, 'Mesa', 'Usado', 'Minima veritatis exercitationem pariatur veniam. Nobis cumque maiores necessitatibus. Quisquam eos at ex nisi quisquam.'),
(132, 'Armario', 'Reparación', 'Voluptatibus veritatis officia. Architecto non ipsum eveniet. Reprehenderit voluptates pariatur.'),
(133, 'Silla', 'Nuevo', 'Consequatur molestias assumenda iste.\nAliquid illum vitae unde aliquid. Sit magnam quia itaque officiis commodi. Minima commodi atque officia incidunt quos.'),
(134, 'Estante', 'Reparación', 'Ut deserunt id atque mollitia omnis consequatur. Fuga modi reiciendis praesentium.\nIpsa occaecati vero omnis corporis tenetur. Accusantium molestiae ipsam fugit ad.'),
(135, 'Escritorio', 'Usado', 'Quod aut sunt adipisci. Alias est debitis illo.\nDistinctio beatae sit beatae asperiores eum.\nOmnis accusantium molestiae. Porro animi cum voluptatum magni odit.'),
(136, 'Mesa', 'Nuevo', 'Ex ducimus omnis similique. Maxime debitis ab dolores consequatur animi at. Quis possimus officia necessitatibus porro accusantium autem.'),
(137, 'Proyector', 'Usado', 'Saepe nihil porro. Molestiae blanditiis accusamus expedita. Saepe vitae inventore autem corrupti amet autem tenetur.'),
(138, 'Silla', 'Nuevo', 'Quidem delectus eum veritatis quae. Minus eos est labore qui rerum fugiat. Error corrupti nesciunt architecto totam.\nOptio quisquam nam eaque architecto quibusdam. Possimus modi quos.'),
(139, 'Mesa', 'Usado', 'Ullam animi itaque at sint nesciunt possimus nemo. Minus non officia pariatur voluptas voluptates dolore. Veritatis amet doloremque velit. Ex maxime laudantium molestiae adipisci qui.'),
(140, 'Armario', 'Nuevo', 'Ipsum culpa porro iste dolore numquam. Maiores facere nobis perspiciatis velit quibusdam quidem.\nA nostrum magnam. Itaque cupiditate sed. Ullam pariatur esse nisi consequatur.'),
(141, 'Proyector', 'Reparación', 'Porro quisquam laudantium voluptas. Id animi iste exercitationem tempora ex.'),
(142, 'Estante', 'Reparación', 'Adipisci nobis aperiam minima dolores veritatis. Aperiam inventore libero perferendis perferendis nobis.'),
(143, 'Mesa', 'Nuevo', 'Neque quidem omnis. Suscipit consequatur sint.\nOccaecati labore veritatis vero animi. Optio molestias quo delectus sequi.\nFuga fugit esse labore aliquid reiciendis aliquid. Nemo culpa provident amet.'),
(144, 'Silla', 'Nuevo', 'Voluptatem harum libero. Possimus atque voluptates neque ipsam.\nError corporis quod ratione quidem quae possimus. Asperiores non quam sint totam. Laudantium odio suscipit corporis.'),
(145, 'Silla', 'Nuevo', 'Distinctio illo culpa minima beatae. Quasi saepe molestias asperiores. Distinctio cum vel cupiditate laudantium officiis rem saepe.'),
(146, 'Proyector', 'Reparación', 'Suscipit placeat vero expedita numquam eligendi harum.\nNeque natus ullam ea autem. Vel aut rem ullam culpa nam dolores.'),
(147, 'Escritorio', 'Usado', 'Necessitatibus nulla velit ipsam blanditiis. Inventore perferendis esse quam facilis.\nFugiat aspernatur ex fuga itaque animi omnis. Fugit asperiores laudantium pariatur debitis et.'),
(148, 'Computadora', 'Nuevo', 'Quam vitae quo perferendis magnam. Facere incidunt cum qui nam. Atque eaque adipisci facere distinctio quae modi.\nCumque sapiente nobis fugit. Perferendis quae hic architecto dolore.'),
(149, 'Armario', 'Usado', 'Officia saepe consequatur error quaerat amet. Mollitia nostrum praesentium ab.'),
(150, 'Mesa', 'Usado', 'Eos deserunt pariatur natus. Consequuntur corrupti ab cumque illo iure animi. Quasi laboriosam numquam aspernatur.'),
(151, 'Mesa', 'Nuevo', 'Culpa libero tempora quasi velit. Rem nobis repellat rerum harum dolor dignissimos commodi.\nCumque doloribus cum illum ipsam. Aliquid consectetur assumenda odio aliquid.'),
(152, 'Silla', 'Nuevo', 'Impedit inventore laboriosam magnam facilis beatae. Quisquam ipsam officia fugiat praesentium fugit fugit quod.'),
(153, 'Silla', 'Nuevo', 'Ex deleniti eum necessitatibus dicta. Ullam itaque id ea numquam harum illum. Itaque ad voluptates nobis temporibus soluta tempora. Iste autem sed a.'),
(154, 'Silla', 'Reparación', 'Explicabo repellendus magnam sit ullam sunt. Iure itaque alias nemo.\nMolestias voluptatibus ipsam neque. Ut eius enim tenetur ratione nihil doloribus.'),
(155, 'Computadora', 'Usado', 'Aut mollitia dolores unde doloribus dignissimos sunt harum. Unde veniam illo aliquam.\nOmnis nostrum molestiae numquam nihil. Molestias quidem quae rerum.'),
(156, 'Computadora', 'Reparación', 'Tenetur reiciendis dignissimos inventore dolorum. Reprehenderit quam laudantium occaecati fugiat fugiat laborum tempora. Voluptate deleniti illo minima. Voluptates quod a id accusamus.'),
(157, 'Computadora', 'Reparación', 'Quos nostrum rem ut placeat. Sint dolores quidem iure ad. Dolorum enim saepe quas amet commodi repudiandae.\nUt laborum similique modi unde placeat. Possimus nostrum eaque porro sed tempora facilis.'),
(158, 'Estante', 'Usado', 'Illo occaecati neque. Exercitationem ea necessitatibus at.\nNihil molestiae error laboriosam sit placeat quas. Laboriosam labore architecto ullam.'),
(159, 'Estante', 'Reparación', 'Animi nostrum eum dolor explicabo. Excepturi perferendis autem eligendi.\nVero labore vel laboriosam quis magni exercitationem. Maiores eos blanditiis sit.'),
(160, 'Proyector', 'Nuevo', 'Dolorem at dignissimos facere animi velit. Magni exercitationem temporibus quo. Fugit fugit voluptate cupiditate hic.'),
(161, 'Mesa', 'Nuevo', 'Quisquam officiis corrupti labore. Accusantium veritatis quasi doloribus numquam. Aliquam quas quia iure nemo enim aliquid dolorum. Impedit aut ratione nihil vel aliquid qui rem.'),
(162, 'Estante', 'Nuevo', 'Officia cum unde assumenda. Amet perspiciatis nam ipsum fugit. Nemo dolore dolores commodi amet error quasi velit.\nRepellendus illum nostrum accusantium architecto eaque tenetur. Asperiores nisi ut.'),
(163, 'Estante', 'Nuevo', 'In id dicta voluptate at quos delectus. Molestias eum recusandae aspernatur dolor harum labore. Eum quos quaerat.'),
(164, 'Escritorio', 'Nuevo', 'A provident officiis laborum est. Repudiandae ipsam at accusantium aliquid. Similique blanditiis pariatur culpa consequuntur.'),
(165, 'Mesa', 'Nuevo', 'Explicabo exercitationem eius. Qui autem qui fugit. Voluptas laudantium vel saepe est amet.\nTemporibus laboriosam ut. Alias eius reiciendis omnis similique.'),
(166, 'Silla', 'Nuevo', 'Nostrum et accusantium hic asperiores enim corporis. In necessitatibus suscipit.\nLaborum excepturi nam assumenda. Odit atque unde soluta repellendus impedit est. Molestiae sapiente esse a.'),
(167, 'Silla', 'Nuevo', 'Id aliquam deleniti iure hic dolores similique. Nobis libero repudiandae ut molestiae.\nVitae et beatae dicta eos. Et eveniet ipsa eligendi voluptate inventore iusto.'),
(168, 'Mesa', 'Usado', 'Ea sint eligendi beatae culpa. Sint recusandae temporibus sapiente architecto.\nAssumenda inventore provident fuga hic recusandae fuga eveniet.'),
(169, 'Proyector', 'Nuevo', 'Dolorum minima nemo dolor. Neque tenetur ea ipsa.\nTempora iure est voluptatum pariatur. Ex sequi assumenda modi. Culpa molestiae eum iusto quaerat.'),
(170, 'Computadora', 'Usado', 'Dolor sapiente ut labore tempora. Ratione temporibus repellendus debitis.'),
(171, 'Armario', 'Usado', 'Porro temporibus accusamus earum.\nOccaecati quaerat occaecati dolorum eaque. Aperiam accusantium magni dolores minus repellendus perferendis perspiciatis.'),
(172, 'Mesa', 'Reparación', 'Veritatis tempore id iste voluptatem. Doloribus quae corrupti. Facilis fuga nisi odit laudantium.'),
(173, 'Escritorio', 'Usado', 'Perferendis ut eius hic. Eveniet doloremque dolore ducimus quisquam.'),
(174, 'Silla', 'Usado', 'Sapiente beatae excepturi ullam magni nulla tenetur.\nEt velit atque quibusdam consequuntur. Quas assumenda suscipit cumque debitis est saepe. Facere vitae nobis voluptates.'),
(175, 'Silla', 'Reparación', 'Nostrum et itaque possimus. Neque voluptate ea.\nPossimus impedit esse corrupti. Mollitia accusamus error in.\nAsperiores facilis similique dolorum totam dicta.'),
(176, 'Mesa', 'Reparación', 'Fugiat odit consectetur molestias impedit totam. Animi accusamus reiciendis rerum hic.'),
(177, 'Estante', 'Reparación', 'Cum suscipit repellendus beatae distinctio autem enim. Rerum magni ipsum nulla animi quasi.'),
(178, 'Silla', 'Nuevo', 'Illo veritatis hic voluptatibus temporibus minus sunt aliquam. Natus minus blanditiis quis atque.'),
(179, 'Silla', 'Reparación', 'Temporibus in adipisci rerum amet maxime ea laboriosam. Nihil doloribus amet.'),
(180, 'Armario', 'Usado', 'Ad porro distinctio veniam. Sequi temporibus ducimus facere nulla ullam. Nam tempore eum iusto tempore impedit exercitationem perspiciatis.'),
(181, 'Computadora', 'Nuevo', 'Molestiae voluptatem animi libero animi. Officiis laborum eos porro minus optio.\nExplicabo animi eos sint quae quibusdam.'),
(182, 'Estante', 'Usado', 'Aspernatur quod magnam similique.\nUllam debitis fugiat reprehenderit odit dolore alias. Excepturi exercitationem est cumque. Voluptate cum inventore illum sapiente praesentium.'),
(183, 'Proyector', 'Nuevo', 'Facere hic labore molestiae quam. Velit dolores possimus ducimus illum molestias.\nQuam esse animi voluptatum praesentium laborum commodi. Facilis velit vero ab porro enim.'),
(184, 'Mesa', 'Usado', 'Officiis accusamus sit corporis sequi nulla dolor. Ad mollitia veniam beatae ipsa laudantium quod repellat.'),
(185, 'Silla', 'Nuevo', 'Exercitationem unde magni ea quas esse nulla. Mollitia veritatis iusto velit adipisci nemo delectus. Impedit aut quidem iure corporis veniam.'),
(186, 'Mesa', 'Usado', 'Officiis odit repudiandae distinctio ab illum. Facere tempora omnis libero nobis tempore consectetur. Dolorem tempore necessitatibus non.'),
(187, 'Armario', 'Nuevo', 'Quos reprehenderit nesciunt eligendi quis laudantium deserunt non. At inventore ut esse nemo esse dignissimos.\nHic aliquam iure reiciendis repellat corrupti itaque laborum. Numquam recusandae quia.'),
(188, 'Armario', 'Reparación', 'Itaque reiciendis voluptates dolorum error. Non maxime ea dolores dolor quis. Possimus exercitationem totam iure qui.'),
(189, 'Armario', 'Reparación', 'Nulla aspernatur magnam quasi ullam quis velit. Placeat alias corrupti soluta debitis.\nItaque quam porro expedita ipsa. Nostrum placeat beatae quasi. Possimus assumenda provident sint.'),
(190, 'Silla', 'Reparación', 'Deserunt alias consectetur beatae quam vitae. Soluta blanditiis rem impedit. Perferendis officiis reiciendis unde ducimus odio.'),
(191, 'Escritorio', 'Usado', 'Rem adipisci odit dolor numquam non. Esse ea porro omnis corporis earum. Consectetur deleniti perferendis soluta repellat.'),
(192, 'Silla', 'Usado', 'Molestias itaque dolor fuga nemo earum hic.'),
(193, 'Estante', 'Usado', 'Modi nulla architecto numquam minus aut at inventore. Harum harum mollitia sed. Deserunt maiores ex mollitia quae aut voluptatum.'),
(194, 'Estante', 'Reparación', 'Molestias cupiditate cupiditate neque. Eligendi a perspiciatis dignissimos sapiente. Expedita repellat consequatur qui. Nostrum reiciendis ea aut error ea excepturi.'),
(195, 'Armario', 'Nuevo', 'Nulla minus ut facilis. Quo corrupti unde quae ullam.'),
(196, 'Silla', 'Nuevo', 'Magni tenetur soluta illum tempore cupiditate. Nam odio pariatur tempora. Quasi occaecati aut sit aliquam illum.'),
(197, 'Silla', 'Reparación', 'Similique quas suscipit delectus voluptas quidem. Ipsum quod fugiat fugit nemo. Sapiente ullam perspiciatis.\nConsequatur sit eius accusantium. Tempora ipsa nostrum.'),
(198, 'Mesa', 'Usado', 'Facilis in occaecati illum repellat dolorum. Nihil repellat quasi cupiditate at eveniet beatae. Porro nihil sint natus.'),
(199, 'Escritorio', 'Reparación', 'Molestiae sit dicta hic.\nDolor quae magni. Repudiandae quas commodi sunt rem aliquam.\nProvident similique nostrum itaque. Alias iure nam velit voluptatum.'),
(200, 'Proyector', 'Reparación', 'Asperiores facilis veritatis deleniti. Labore unde necessitatibus similique dolorem quia.\nUt veniam eos eos non consequuntur quo. Maiores rerum deserunt qui sapiente suscipit harum.'),
(201, 'Mesa', 'Nuevo', 'Perspiciatis deleniti quidem iusto expedita. Adipisci porro veritatis repellat in illo. Vitae aut enim voluptate quibusdam minima deleniti cupiditate.'),
(202, 'Armario', 'Reparación', 'Dolorum aut assumenda tempora molestiae pariatur. Voluptatum molestias veniam labore quo itaque officiis. Sed temporibus corporis ea modi hic maxime.'),
(203, 'Silla', 'Usado', 'Est quisquam corrupti. Sit provident ipsa natus suscipit pariatur quod quidem.'),
(204, 'Escritorio', 'Usado', 'Dolore repellendus ipsum. Officia sunt dolorum maiores aliquid unde inventore.'),
(205, 'Computadora', 'Nuevo', 'Voluptas est veritatis. Nihil omnis officiis deserunt esse autem. Dolorum voluptates dolor minima adipisci odit ex maxime.'),
(206, 'Armario', 'Usado', 'Quidem vel fuga eligendi itaque. Deleniti ad porro eos sed. Autem itaque voluptate sunt. Ad illo voluptatem quas.'),
(207, 'Escritorio', 'Reparación', 'Eius iusto enim inventore necessitatibus. Provident odio repudiandae labore omnis.\nExplicabo iusto error laboriosam rerum exercitationem quod. Nam consequuntur dolor.'),
(208, 'Mesa', 'Usado', 'Nihil eos explicabo molestias nulla repellat laboriosam. Consequatur vitae ab harum accusamus.\nRatione esse quos id hic ipsa. In harum eos tempora. Error voluptates animi quod nihil.'),
(209, 'Armario', 'Nuevo', 'Molestiae excepturi animi quaerat non deleniti. Reprehenderit quae odit repellendus labore eveniet repellendus. Dolorem eligendi enim.'),
(210, 'Silla', 'Usado', 'Pariatur voluptate totam voluptate facilis quam voluptas aut. Occaecati provident porro dolorum voluptatem debitis error.\nExercitationem cum beatae voluptates ipsam. Quas perspiciatis natus.'),
(211, 'Silla', 'Reparación', 'Non ea incidunt repudiandae beatae reiciendis deserunt. Tempore porro delectus delectus ex aliquam. Ea commodi architecto accusamus ipsum aliquam quo. Eos tempora vitae modi similique iste eaque.'),
(212, 'Estante', 'Nuevo', 'Consequatur reiciendis illo vitae repudiandae. Necessitatibus aspernatur odit dignissimos. Perferendis alias illo laboriosam assumenda.'),
(213, 'Escritorio', 'Nuevo', 'Ipsam voluptatem harum eaque sint eum quisquam. Totam dolorum repellat fuga.'),
(214, 'Estante', 'Usado', 'Quaerat natus praesentium nihil. Dolore quas saepe mollitia error nulla mollitia consequuntur. Optio modi voluptatum corrupti alias eum architecto.\nRepellat iste totam dolor quidem maiores.'),
(215, 'Armario', 'Nuevo', 'Molestias inventore numquam eum odio repellendus. Iste quibusdam autem ipsum mollitia aliquid.'),
(216, 'Armario', 'Reparación', 'Necessitatibus sit distinctio veniam blanditiis amet necessitatibus exercitationem. Suscipit maiores suscipit sunt rem omnis quaerat.'),
(217, 'Proyector', 'Usado', 'Illo reiciendis expedita doloremque deserunt. Quas reiciendis neque facere minus.'),
(218, 'Escritorio', 'Nuevo', 'Hic nulla ea facere tempore sint. Eligendi at maxime placeat blanditiis. Accusantium officia nulla at culpa minus facere.\nDeleniti tenetur optio amet laboriosam.'),
(219, 'Armario', 'Reparación', 'Voluptates reprehenderit dolores. Laborum porro corrupti quia hic occaecati veniam. Repellat nulla eligendi sequi deleniti praesentium.'),
(220, 'Escritorio', 'Reparación', 'Sint nulla quam optio nulla. Sapiente veritatis nesciunt impedit consequuntur officia. Officiis sed esse eveniet nam minus.'),
(221, 'Mesa', 'Usado', 'Voluptate molestiae nulla quidem ipsum. Ratione beatae ipsam ea. Quaerat asperiores veniam velit nisi.\nNulla corrupti aliquid quis. Consequuntur consequuntur expedita quaerat enim.'),
(222, 'Proyector', 'Nuevo', 'Animi temporibus unde natus pariatur perspiciatis. Excepturi itaque error porro. Pariatur asperiores nostrum cupiditate iure nesciunt autem. Corporis excepturi natus aliquid.'),
(223, 'Estante', 'Reparación', 'Similique eius quidem optio asperiores nostrum eaque dolorum. Non dolor excepturi magni. Hic expedita eos vero.'),
(224, 'Mesa', 'Reparación', 'Nihil dicta nobis est reiciendis quisquam. Eveniet iure nobis. Quis laborum laborum voluptate.\nNemo voluptatum vel deleniti sapiente accusantium. Illo inventore ab architecto laborum autem.'),
(225, 'Escritorio', 'Usado', 'Corrupti numquam ab reiciendis.'),
(226, 'Estante', 'Reparación', 'Repudiandae animi esse reprehenderit ipsa perferendis iste fuga. Eos tenetur doloribus quidem.\nIpsa assumenda totam. Ducimus eaque vitae dolor magnam. Dolorem corporis est aliquid voluptates.'),
(227, 'Armario', 'Reparación', 'Nisi nisi dolorum. Explicabo laudantium dolorem excepturi facilis perspiciatis. Cupiditate nostrum ullam esse in ipsa odit.'),
(228, 'Computadora', 'Nuevo', 'Deserunt nisi quo. Inventore pariatur hic magnam ducimus magnam nemo sapiente.\nCum autem praesentium laboriosam. Quod cumque libero quis deleniti neque. Eum quidem provident debitis sequi.'),
(229, 'Armario', 'Usado', 'Nulla dolorem provident illum nesciunt. Voluptates minus laborum aut.\nMolestias assumenda eum iste. Totam magnam repellat.'),
(230, 'Computadora', 'Nuevo', 'Minima recusandae ea officia veritatis cupiditate. Libero reprehenderit voluptates asperiores ab.'),
(231, 'Computadora', 'Usado', 'Repudiandae doloremque hic facilis cupiditate dolores dignissimos. Asperiores quis natus excepturi sunt eligendi. Esse iure inventore voluptatem maxime.'),
(232, 'Proyector', 'Reparación', 'Aliquid consectetur magni harum est iste veritatis. Vel architecto quasi.\nRem maiores incidunt consequatur provident consectetur totam.\nOmnis culpa veniam.'),
(233, 'Armario', 'Nuevo', 'A debitis ut suscipit voluptatibus. Doloribus similique non ratione provident. Magni dolores minima repellat.\nLaboriosam accusamus maxime assumenda reiciendis illum totam sunt. Nobis quisquam magni.'),
(234, 'Armario', 'Reparación', 'Nemo quam quod iusto veniam fugiat saepe sunt. Quos tenetur aliquid adipisci libero. Debitis aspernatur corrupti nisi provident ullam.'),
(235, 'Mesa', 'Reparación', 'Assumenda modi temporibus et labore. Eius adipisci modi aliquid.'),
(236, 'Estante', 'Nuevo', 'Atque occaecati tenetur dolores perspiciatis harum. Ipsam a earum. Sit saepe harum ipsa nulla illum.'),
(237, 'Computadora', 'Reparación', 'Dolores saepe magni reiciendis error delectus est. Corrupti harum maiores reiciendis labore cupiditate.'),
(238, 'Escritorio', 'Nuevo', 'Tempore nam dolorem. Animi distinctio quis impedit neque illum rem. Molestias alias laboriosam quos maiores eaque aut. Id harum ut est commodi.'),
(239, 'Proyector', 'Reparación', 'Consequatur dolorem quasi debitis quidem. Praesentium vitae ratione error aliquid recusandae magnam atque. Quos animi beatae excepturi culpa esse soluta.\nVoluptatum aliquid incidunt velit autem.'),
(240, 'Proyector', 'Usado', 'Dicta magni voluptates quibusdam doloribus maxime dolorum. Laboriosam vero veniam.\nRem sint sequi excepturi. Quis repellendus ex voluptates sapiente.\nReiciendis nostrum fugiat consectetur quidem.'),
(241, 'Escritorio', 'Nuevo', 'Necessitatibus sequi quam iste. Sapiente porro voluptatum impedit quae corporis accusantium soluta. Quod atque nobis corporis placeat.'),
(242, 'Escritorio', 'Nuevo', 'Iure eum quod velit. Maxime rem animi incidunt. Rerum harum dolore dolor dolore at laboriosam.'),
(243, 'Armario', 'Usado', 'Debitis ea praesentium ratione assumenda. Facere ipsa tempora neque occaecati vitae amet. Illo laborum praesentium perspiciatis natus nisi ipsa earum.'),
(244, 'Silla', 'Reparación', 'Facere ad repellat voluptate. Optio amet aspernatur dolores deleniti maxime.'),
(245, 'Escritorio', 'Nuevo', 'Est excepturi non labore. Recusandae repellat quod iusto beatae odio. Consequatur doloribus culpa corrupti id animi nisi. Ipsa modi libero perferendis aut repellat.'),
(246, 'Escritorio', 'Nuevo', 'Saepe sapiente consequatur minus vitae. Animi laudantium illo. Pariatur molestias reiciendis vel a hic dolorem delectus.'),
(247, 'Proyector', 'Usado', 'Maxime vero dignissimos magnam. Nam amet vel saepe exercitationem distinctio magni. Quod vel excepturi veniam laudantium.'),
(248, 'Armario', 'Nuevo', 'Laboriosam rem quia nobis non odio ipsa. Temporibus nemo deleniti quidem molestias ex odio.\nOfficiis quasi ipsam minima. Repudiandae earum ea dolore mollitia quaerat saepe expedita.'),
(249, 'Mesa', 'Usado', 'Magni illum voluptatibus quia occaecati. Quibusdam quibusdam cumque doloribus. Asperiores sapiente mollitia.'),
(250, 'Estante', 'Nuevo', 'Veniam magnam dolorem iusto repudiandae. Quaerat harum tenetur itaque.\nQuasi odio sit deserunt. Eaque possimus tempora atque repudiandae.'),
(251, 'Escritorio', 'Nuevo', 'Architecto beatae dolore atque. Hic nesciunt sint. Nemo atque modi dolorem.\nA fuga quasi praesentium inventore. Est alias doloremque at ea nam sunt corporis.'),
(252, 'Silla', 'Nuevo', 'Magnam illo rem aliquid.\nOmnis quod velit porro temporibus. Soluta odio commodi impedit dolor.\nLaudantium ad ratione facere sequi.'),
(253, 'Silla', 'Usado', 'Cumque officia maiores beatae doloremque.\nEst ab accusantium mollitia. Labore quidem ipsam at enim molestias quaerat.'),
(254, 'Silla', 'Usado', 'Ipsum dolorum vel ipsam maxime. Quia ex tenetur velit.\nConsequuntur aspernatur ipsa dolores. Officiis placeat maiores. Ipsam aliquam possimus pariatur qui veritatis.'),
(255, 'Proyector', 'Reparación', 'Blanditiis quasi soluta quas repellat. Dolore doloribus eaque labore soluta distinctio. Explicabo vero laudantium non nesciunt repellat.'),
(256, 'Proyector', 'Reparación', 'Iure odio consequatur veritatis perferendis. Modi voluptas perferendis dolorum. Eaque qui corrupti debitis doloribus totam.\nAmet quo itaque ad. Dolorem quaerat voluptatum totam ea deleniti.'),
(257, 'Estante', 'Usado', 'Sunt molestiae voluptate tenetur nesciunt. Enim incidunt commodi beatae eveniet exercitationem veniam. Quaerat nostrum mollitia.'),
(258, 'Armario', 'Reparación', 'Possimus rerum repellat adipisci doloremque qui ad. Hic odio tempora.\nNatus similique ipsum magni dolores.'),
(259, 'Mesa', 'Reparación', 'Aspernatur laudantium perferendis delectus.\nLibero fugiat modi nihil illo exercitationem voluptatem. Ab dolor perspiciatis sunt optio.'),
(260, 'Armario', 'Reparación', 'Pariatur quod ea excepturi. Doloremque laudantium odio soluta sit at. Inventore est soluta sit a at.\nNam dolorum quisquam ipsam. Labore blanditiis sed occaecati odit.'),
(261, 'Armario', 'Reparación', 'Delectus mollitia maxime. Consequuntur porro pariatur ipsa perferendis eos.\nNihil soluta aliquam dolores odio quae. Aspernatur impedit dolore ab porro.'),
(262, 'Mesa', 'Nuevo', 'Natus molestias iusto nulla laboriosam. Ullam reiciendis qui.\nSunt in inventore sapiente deserunt cum nobis nesciunt. Debitis rem possimus possimus voluptatum hic ex.'),
(263, 'Silla', 'Nuevo', 'Libero commodi explicabo ratione rerum fugiat vero.\nAliquid fugit voluptatum numquam odit nihil laborum repellat. Odio dolores itaque.'),
(264, 'Silla', 'Usado', 'Iusto vel cumque amet. Asperiores repudiandae quidem commodi libero. Eligendi sed rerum maxime omnis odio voluptatum.'),
(265, 'Mesa', 'Nuevo', 'Recusandae libero maiores cum corporis architecto reprehenderit ipsum. Dicta porro sint in quam error aperiam.'),
(266, 'Estante', 'Usado', 'Ab maxime eius culpa sequi. Beatae ea porro. Aut harum soluta quibusdam nam beatae.\nAb minima consectetur id repudiandae reiciendis. Quos inventore vel officia aut.'),
(267, 'Computadora', 'Reparación', 'Magnam labore debitis ipsa. Labore commodi facere odit eveniet. Neque libero officia saepe.\nMagnam aperiam repellat magnam commodi eum. Quaerat voluptatum eveniet.'),
(268, 'Escritorio', 'Reparación', 'Molestias sit accusantium neque fugiat. Quo consequuntur ex perferendis.\nCommodi consectetur perferendis rem totam facilis. Perspiciatis quo quod officia nisi qui distinctio. Iusto vel iure.'),
(269, 'Escritorio', 'Nuevo', 'Iste velit officia dolor dignissimos corrupti nihil molestias. Pariatur itaque excepturi architecto ipsa nam. Aliquam id impedit deleniti.\nUnde blanditiis maxime. Incidunt dolorum quam dolor.'),
(270, 'Silla', 'Usado', 'Culpa reiciendis fugiat quam quasi vitae. Quasi possimus quia error. Unde recusandae perspiciatis occaecati.\nUt soluta magni impedit doloribus rem nihil ea. Iste sapiente architecto.'),
(271, 'Proyector', 'Usado', 'Autem autem praesentium repellendus dignissimos doloribus sint.\nAsperiores totam odit natus. Amet suscipit mollitia eaque modi. Ex recusandae mollitia cumque debitis sint dolor voluptatum.'),
(272, 'Computadora', 'Nuevo', 'Labore nesciunt provident cupiditate. Molestiae facilis ab blanditiis. Voluptatum eveniet optio distinctio alias.'),
(273, 'Estante', 'Nuevo', 'Asperiores sint eveniet dolores adipisci fuga ab. Dolore iste earum.\nAccusantium aliquid nesciunt vitae a quisquam.'),
(274, 'Proyector', 'Usado', 'Sit accusamus reiciendis eum laudantium mollitia omnis dicta. Voluptas voluptates cumque. Sit accusamus nulla modi iste nihil dolorum.\nRerum quos quos repellat. Laudantium perspiciatis eaque itaque.'),
(275, 'Estante', 'Nuevo', 'Unde harum ab ipsum quidem.\nMagni magni repellat.\nUllam similique amet dolorem ipsa porro praesentium. Architecto adipisci neque saepe est molestiae.'),
(276, 'Armario', 'Reparación', 'Cumque repellendus mollitia totam. Accusamus iure deleniti. Dolorum natus natus deserunt similique.'),
(277, 'Computadora', 'Reparación', 'Nostrum accusantium eum. Totam eveniet iste sit eligendi praesentium corrupti.'),
(278, 'Computadora', 'Usado', 'Assumenda eum occaecati quas. Nostrum quidem mollitia saepe ab consectetur. Quasi enim quos exercitationem veritatis nesciunt veritatis dignissimos. Unde eum inventore.\nAd fuga quos aliquid.'),
(279, 'Escritorio', 'Reparación', 'Saepe consectetur quia eum. Numquam voluptas earum exercitationem. Natus ullam itaque.\nQuod natus esse nemo doloremque. Corporis nulla laboriosam nulla. A soluta dolorum quasi incidunt ullam porro.'),
(280, 'Estante', 'Nuevo', 'Voluptates dolore quisquam ipsa dignissimos autem. Ea quod fugit voluptatum fugit accusamus perferendis.\nVeritatis eos nesciunt dolorum vel. Autem doloribus a cum ad.'),
(281, 'Proyector', 'Reparación', 'Minima perspiciatis consequuntur blanditiis quo similique at. Reprehenderit nostrum nobis nostrum non ratione. Sint iste beatae nisi expedita.\nOfficia ut nemo rerum. Magni excepturi eveniet.'),
(282, 'Mesa', 'Usado', 'Sit sunt alias placeat explicabo. Harum fuga laborum illum. Tempora sunt officiis quia. Excepturi aliquam dolore ipsam veniam.'),
(283, 'Computadora', 'Reparación', 'Dignissimos omnis quidem rem ducimus possimus. Itaque eaque tenetur perferendis. Ratione ab facere ullam repellendus.'),
(284, 'Estante', 'Usado', 'Modi maxime ex ab repudiandae culpa. Cum aliquid asperiores a vero debitis. Sequi officiis libero id mollitia. Reiciendis fuga animi perspiciatis repellat.'),
(285, 'Computadora', 'Nuevo', 'Quae officiis iste sapiente porro quod commodi. Accusamus est delectus rerum.\nSint eius quas omnis. Veritatis totam atque dolores quos repellat. Dignissimos vero vel alias.'),
(286, 'Estante', 'Usado', 'Facere dolorum repellat distinctio recusandae unde nobis.\nTotam eaque aut reprehenderit. Dolore debitis quae explicabo esse earum cumque.\nVero et iure eius doloremque qui commodi.'),
(287, 'Proyector', 'Nuevo', 'Impedit corrupti repellat quibusdam sint. Aut error ullam neque neque a aspernatur. Cupiditate delectus quia minima aliquam.'),
(288, 'Computadora', 'Reparación', 'Quos distinctio quas laboriosam. Praesentium officia deserunt quam dicta.'),
(289, 'Proyector', 'Reparación', 'Eos repellendus repudiandae harum. Amet voluptatum dolorem voluptate alias quisquam.\nAmet iure asperiores esse. Perspiciatis maiores quos accusantium.'),
(290, 'Silla', 'Nuevo', 'Quisquam nemo doloremque odit. Animi dolor exercitationem perferendis.\nPariatur optio sint consequatur repudiandae explicabo dignissimos. Temporibus nisi temporibus.'),
(291, 'Mesa', 'Nuevo', 'Sed consequuntur nisi repudiandae. Commodi odio sed eaque totam ipsam ipsum.\nEnim corporis quaerat dolores culpa ab dolor voluptatum. Iste veniam tempore architecto dolorum.'),
(292, 'Proyector', 'Nuevo', 'Mollitia ex ipsa architecto voluptates veniam. Quae repudiandae excepturi culpa aut adipisci. Fugit maxime sapiente assumenda cum.'),
(293, 'Mesa', 'Reparación', 'Officia praesentium deleniti expedita eius accusantium ad. Sequi officia ea possimus libero.');
INSERT INTO `mobiliario` (`ID_Mobiliario`, `Tipo`, `Estado`, `Detalles`) VALUES
(294, 'Estante', 'Nuevo', 'Culpa temporibus sed atque ducimus culpa. Quam quod eum ducimus molestias quam magni dignissimos. Cum velit mollitia nam vitae. Neque rerum minima laudantium.'),
(295, 'Silla', 'Reparación', 'Cum occaecati sint velit. Vitae iste officiis saepe hic nihil. Corporis omnis quisquam maiores provident odit quisquam.'),
(296, 'Estante', 'Reparación', 'Veniam officiis suscipit minus magnam. Repellat tempora aliquam ab porro eaque debitis.\nVoluptatem consectetur natus ducimus ea cumque nam. Repellat accusamus sit ad eum architecto minima.'),
(297, 'Silla', 'Reparación', 'Neque ea eum eius quae eius. Pariatur laudantium iure dolorum esse magnam.'),
(298, 'Silla', 'Nuevo', 'Magnam dolores minus fugit minima architecto. Explicabo vero reprehenderit incidunt eveniet magni delectus nam.\nMollitia praesentium accusamus totam culpa sint enim soluta.'),
(299, 'Estante', 'Nuevo', 'Iure mollitia nulla rem autem. Ad minus quasi. Molestias reprehenderit nisi iure a eos quidem.'),
(300, 'Escritorio', 'Usado', 'Autem mollitia repudiandae aliquam illum qui. Ipsum cum ducimus maiores.\nAdipisci laboriosam earum beatae in deserunt vitae. Cupiditate asperiores fugit numquam nam possimus.');

-- --------------------------------------------------------

--
-- Estructura de tabla para la tabla `nomina`
--

CREATE TABLE `nomina` (
  `ID_Nomina` int(11) NOT NULL,
  `ID_Empleado` int(11) NOT NULL,
  `Monto` float NOT NULL,
  `Periodo` varchar(50) NOT NULL,
  `DiasTrabajados` int(11) NOT NULL,
  `Faltas` int(11) NOT NULL,
  `Deducciones` varchar(50) NOT NULL,
  `Sueldo` float NOT NULL,
  `TipoPago` varchar(30) DEFAULT NULL
) ENGINE=InnoDB DEFAULT CHARSET=utf8mb4 COLLATE=utf8mb4_general_ci;

--
-- Volcado de datos para la tabla `nomina`
--

INSERT INTO `nomina` (`ID_Nomina`, `ID_Empleado`, `Monto`, `Periodo`, `DiasTrabajados`, `Faltas`, `Deducciones`, `Sueldo`, `TipoPago`) VALUES
(1, 214, 2701.44, 'June 1998', 5, 1, 'Ipsa maxime animi corporis non quo.', 8020.61, 'Cheque'),
(2, 250, 2451.88, 'September 2023', 18, 5, 'Libero reiciendis amet maiores necessitatibus quid', 6914.1, 'Transferencia bancaria'),
(3, 170, 1529.14, 'May 2011', 19, 5, 'Voluptatibus enim nobis accusantium vitae labore i', 7561.51, 'Cheque'),
(4, 382, 3710.44, 'September 1984', 10, 0, 'Facilis veritatis cupiditate odio.', 5375.15, 'Efectivo'),
(5, 389, 1039.93, 'June 1980', 12, 5, 'Nesciunt est voluptatem consequatur ut minima.', 6159.47, 'Cheque'),
(6, 221, 2707.35, 'September 2006', 5, 1, 'Harum beatae reiciendis inventore ex pariatur quia', 8865.56, 'Efectivo'),
(7, 330, 3785.84, 'February 1979', 30, 2, 'Necessitatibus quo voluptatem accusantium quo quam', 7241.28, 'Transferencia bancaria'),
(8, 382, 4193.71, 'February 2014', 13, 2, 'Optio incidunt recusandae rerum cum soluta.', 7328.32, 'Efectivo'),
(9, 57, 4392.34, 'August 2018', 25, 2, 'Atque accusantium veritatis dolor.', 8942.72, 'Efectivo'),
(10, 302, 1027.68, 'May 2000', 9, 4, 'Reprehenderit possimus distinctio deserunt.', 6922.52, 'Efectivo'),
(11, 278, 4759.7, 'October 2009', 29, 5, 'At reprehenderit veniam.', 8638.9, 'Cheque'),
(12, 221, 4907, 'June 1981', 13, 5, 'Iusto atque accusamus odit.', 8975.12, 'Cheque'),
(13, 294, 1492.57, 'August 2014', 13, 2, 'Quaerat dolores est dolores consequatur quae volup', 6027.15, 'Transferencia bancaria'),
(14, 48, 2176.37, 'October 2020', 25, 3, 'Iure dolores qui laborum pariatur ad amet.', 6424.97, 'Cheque'),
(15, 383, 4931.92, 'November 1999', 14, 1, 'Quis in quaerat voluptates dolor.', 7647.13, 'Efectivo'),
(16, 282, 2507.97, 'October 1976', 4, 5, 'Alias mollitia quis voluptatem.', 8971.25, 'Transferencia bancaria'),
(17, 196, 4458.27, 'February 2020', 26, 4, 'Iure eius dolorum ab voluptates sapiente.', 8552.98, 'Cheque'),
(18, 92, 4888.54, 'August 1977', 14, 4, 'Nemo ducimus cumque corporis blanditiis.', 7933.05, 'Transferencia bancaria'),
(19, 271, 3545.51, 'July 2022', 25, 1, 'Voluptatum quae id doloribus consectetur vitae acc', 5124.67, 'Cheque'),
(20, 348, 2873.11, 'June 1996', 29, 5, 'Quos odit quis nulla.', 6731.86, 'Efectivo'),
(21, 371, 1045.37, 'April 1994', 2, 5, 'Provident esse voluptatem asperiores.', 5405.87, 'Cheque'),
(22, 112, 2417.51, 'January 2011', 11, 5, 'Voluptatum labore aperiam quasi.', 8159.88, 'Cheque'),
(23, 329, 1875.35, 'December 2011', 4, 0, 'Sapiente pariatur autem aliquam debitis ex.', 6062.13, 'Efectivo'),
(24, 347, 2978.26, 'November 2002', 28, 1, 'Maiores dolor totam provident.', 5109.71, 'Transferencia bancaria'),
(25, 33, 3578.67, 'October 2017', 29, 3, 'Saepe harum dolores beatae numquam.', 7038.2, 'Cheque'),
(26, 296, 4086.7, 'November 2002', 15, 5, 'Cumque culpa occaecati autem assumenda.', 5708.88, 'Cheque'),
(27, 113, 3151.37, 'April 2015', 21, 4, 'Enim qui deserunt atque aut fugiat.', 5100.59, 'Cheque'),
(28, 249, 4388.17, 'November 2001', 16, 0, 'Vel magnam neque aliquam ducimus veritatis quas.', 6772.65, 'Transferencia bancaria'),
(29, 115, 2608.34, 'July 1970', 9, 2, 'Accusantium illo consequuntur accusantium voluptat', 5822.72, 'Cheque'),
(30, 128, 1829.51, 'October 2004', 17, 5, 'Mollitia reprehenderit eos minima esse recusandae.', 6183.44, 'Efectivo'),
(31, 125, 1666.98, 'August 1978', 20, 0, 'Ullam ipsa consequatur alias ad ipsam corporis deb', 8400.97, 'Efectivo'),
(32, 360, 4393.97, 'April 1993', 10, 3, 'Rem debitis nulla.', 6431.89, 'Transferencia bancaria'),
(33, 118, 3923.01, 'February 1975', 20, 4, 'Suscipit nisi error aperiam animi.', 6425.5, 'Transferencia bancaria'),
(34, 352, 1391.96, 'July 1988', 15, 2, 'Blanditiis odit quae officiis quasi facere asperna', 6886.5, 'Cheque'),
(35, 152, 3677.09, 'November 1998', 6, 4, 'Neque tempora quaerat similique.', 8726.78, 'Cheque'),
(36, 379, 3731.22, 'April 1998', 15, 0, 'Mollitia veniam laboriosam natus.', 7015.62, 'Cheque'),
(37, 310, 4481.37, 'March 1970', 22, 5, 'Eveniet inventore possimus eveniet temporibus.', 6222.1, 'Cheque'),
(38, 191, 1768.05, 'September 1974', 17, 3, 'Dolores soluta dicta ipsa architecto voluptate.', 6730.92, 'Cheque'),
(39, 379, 4228.14, 'November 2012', 19, 1, 'Impedit aliquid quasi omnis enim voluptate in.', 5579.36, 'Cheque'),
(40, 258, 2028.29, 'August 1998', 27, 2, 'Alias perspiciatis explicabo earum minima consecte', 9635.28, 'Transferencia bancaria'),
(41, 268, 4136.7, 'August 1990', 25, 2, 'Neque suscipit laborum accusantium laborum dolorib', 6810.54, 'Transferencia bancaria'),
(42, 298, 4818.7, 'December 1977', 28, 5, 'Eligendi ipsum dignissimos tempore quisquam tenetu', 6776.32, 'Transferencia bancaria'),
(43, 307, 3039.19, 'May 1972', 22, 4, 'Suscipit in maxime culpa incidunt.', 9364.41, 'Efectivo'),
(44, 382, 1012.22, 'February 2021', 14, 4, 'Deleniti eligendi possimus molestias sed.', 7633.43, 'Cheque'),
(45, 122, 2666.59, 'November 1975', 10, 2, 'Quo ab sunt magnam odit possimus numquam.', 9284.98, 'Cheque'),
(46, 132, 1381.91, 'May 1970', 13, 3, 'Nostrum labore eius optio.', 5263.75, 'Transferencia bancaria'),
(47, 277, 2370.62, 'January 2004', 19, 4, 'Sed minima atque ex eius vel.', 7687.82, 'Transferencia bancaria'),
(48, 77, 1508.22, 'February 1994', 4, 1, 'Nobis dolorum alias.', 6533.21, 'Cheque'),
(49, 18, 4608.03, 'September 1977', 26, 1, 'Natus eligendi odio.', 7885.73, 'Cheque'),
(50, 38, 3922.7, 'October 1988', 27, 0, 'Ullam fugiat aut dolore quidem blanditiis veniam.', 8286.77, 'Transferencia bancaria'),
(51, 205, 1320.12, 'March 1984', 22, 2, 'Minus reprehenderit voluptatibus vel deserunt.', 5902.72, 'Efectivo'),
(52, 13, 2840.16, 'February 2007', 20, 3, 'Sed consectetur ratione qui neque.', 8527.18, 'Efectivo'),
(53, 253, 1121.32, 'November 2000', 26, 4, 'Necessitatibus fuga culpa.', 6858.06, 'Cheque'),
(54, 23, 3276.3, 'July 2017', 3, 5, 'Neque ipsa ratione vitae ut reiciendis incidunt.', 9265.52, 'Efectivo'),
(55, 167, 1367.55, 'October 1979', 5, 0, 'Commodi recusandae blanditiis exercitationem venia', 6949.47, 'Efectivo'),
(56, 281, 1205.51, 'September 2012', 20, 2, 'Est in mollitia architecto eum animi distinctio.', 7130.51, 'Cheque'),
(57, 334, 1837.28, 'November 1987', 18, 2, 'Aliquid quia eligendi repellat voluptatem.', 5977.9, 'Efectivo'),
(58, 391, 4189.41, 'February 1999', 25, 5, 'Vero quidem hic enim voluptates.', 6797.97, 'Efectivo'),
(59, 400, 2201.18, 'February 2000', 3, 4, 'Dolorem hic velit provident recusandae nulla omnis', 5469.55, 'Cheque'),
(60, 224, 2009.26, 'July 1970', 27, 0, 'Mollitia fugit ipsa nobis nesciunt.', 5356.57, 'Transferencia bancaria'),
(61, 109, 2357.86, 'February 2021', 22, 4, 'Voluptate dolores ipsam enim maxime numquam sit.', 6022.46, 'Cheque'),
(62, 118, 2042.96, 'November 1985', 1, 4, 'Ab totam quibusdam possimus id quidem tenetur.', 5187.26, 'Efectivo'),
(63, 255, 4779.86, 'July 2013', 25, 4, 'Itaque quam facilis velit recusandae vel et.', 6727.06, 'Transferencia bancaria'),
(64, 164, 3767.93, 'May 2020', 6, 3, 'Porro doloribus quis nobis ullam consequatur.', 8158.06, 'Cheque'),
(65, 308, 4676.78, 'October 1975', 10, 1, 'Aut necessitatibus distinctio reprehenderit.', 6198.48, 'Cheque'),
(66, 280, 1974.37, 'January 2008', 4, 5, 'Ut quibusdam dolor sapiente beatae.', 5804.46, 'Transferencia bancaria'),
(67, 355, 2425.16, 'November 2012', 22, 1, 'Culpa doloribus eveniet maiores quisquam modi cons', 6773.59, 'Efectivo'),
(68, 239, 2255.45, 'July 2018', 10, 4, 'Eaque vel porro officiis incidunt.', 8500.28, 'Transferencia bancaria'),
(69, 269, 4187.18, 'December 2016', 10, 4, 'Doloremque debitis consequatur tempora.', 6835.43, 'Transferencia bancaria'),
(70, 387, 4056.25, 'May 2009', 16, 1, 'Inventore saepe vero commodi neque.', 6120.09, 'Transferencia bancaria'),
(71, 124, 2411.75, 'December 1970', 5, 1, 'Inventore labore laborum a.', 8871.56, 'Transferencia bancaria'),
(72, 108, 3797.21, 'July 2023', 1, 0, 'Ab dolorem a blanditiis reprehenderit deserunt tot', 8026.8, 'Transferencia bancaria'),
(73, 331, 3787.79, 'October 1999', 4, 4, 'In consectetur excepturi ab consequuntur officia c', 8863.87, 'Efectivo'),
(74, 235, 3745.41, 'November 1982', 22, 5, 'Dignissimos modi quas aspernatur.', 6116.65, 'Efectivo'),
(75, 215, 3804.58, 'June 1993', 22, 1, 'Similique recusandae delectus ea.', 7991.86, 'Transferencia bancaria'),
(76, 310, 1660.37, 'July 1993', 19, 1, 'Mollitia non aperiam nulla magnam.', 9173.15, 'Cheque'),
(77, 161, 4346.11, 'May 1992', 29, 1, 'In et facere veniam aspernatur aspernatur.', 9382.07, 'Transferencia bancaria'),
(78, 225, 2525.24, 'January 1996', 17, 2, 'Aperiam aut suscipit voluptate debitis numquam ut ', 9526.63, 'Cheque'),
(79, 325, 4700.49, 'September 1985', 22, 0, 'Quo aperiam culpa eius veniam.', 9260.12, 'Transferencia bancaria'),
(80, 233, 4929.72, 'October 1973', 27, 3, 'Illum hic ipsum sit iusto.', 6206.6, 'Cheque'),
(81, 373, 1138.15, 'October 1970', 17, 3, 'Aspernatur repellat dolor quos totam quos.', 5450.19, 'Transferencia bancaria'),
(82, 170, 2905.58, 'June 1975', 20, 1, 'Ducimus blanditiis modi esse beatae.', 8120.43, 'Cheque'),
(83, 70, 3076.9, 'September 1976', 11, 5, 'Ducimus culpa eaque perferendis praesentium.', 6837.71, 'Cheque'),
(84, 221, 1806.48, 'June 2011', 21, 0, 'Nulla suscipit numquam incidunt.', 6277.14, 'Transferencia bancaria'),
(85, 384, 4427.66, 'December 2021', 6, 0, 'Veritatis voluptatum quis ipsum totam ducimus.', 5449.93, 'Efectivo'),
(86, 115, 1986.6, 'May 1990', 8, 2, 'Iusto perspiciatis perspiciatis excepturi placeat ', 9238.15, 'Transferencia bancaria'),
(87, 368, 3228.93, 'December 2005', 15, 0, 'Eligendi nesciunt eos id sapiente commodi esse bla', 9669.65, 'Transferencia bancaria'),
(88, 51, 3691.2, 'January 1997', 2, 2, 'Quo dignissimos cupiditate neque adipisci dolorum ', 8283.69, 'Cheque'),
(89, 238, 3834.89, 'March 2016', 11, 0, 'Assumenda facere eius soluta facere eius reprehend', 7690.74, 'Cheque'),
(90, 268, 4230.47, 'September 2014', 9, 2, 'Porro mollitia sit provident illum reprehenderit c', 5961.19, 'Efectivo'),
(91, 360, 4834.06, 'August 2014', 28, 4, 'Quidem rem architecto rerum porro.', 9231.94, 'Efectivo'),
(92, 137, 2985.68, 'August 2023', 27, 3, 'Ex mollitia ducimus aliquid.', 6894.15, 'Transferencia bancaria'),
(93, 162, 3825.38, 'March 2021', 1, 0, 'Debitis ipsam illo provident.', 9777.7, 'Efectivo'),
(94, 343, 2009.74, 'April 1976', 28, 1, 'Magnam explicabo debitis.', 7294.59, 'Cheque'),
(95, 19, 1415.88, 'October 2014', 25, 1, 'Itaque debitis impedit natus quam veritatis.', 5085.24, 'Efectivo'),
(96, 44, 3686.57, 'November 1981', 4, 4, 'Facere incidunt culpa.', 5180.32, 'Efectivo'),
(97, 169, 1131.92, 'April 1995', 27, 5, 'Ipsam beatae modi dolore.', 9578.28, 'Transferencia bancaria'),
(98, 314, 2080.26, 'September 1978', 13, 1, 'Molestias molestiae perspiciatis in repellendus.', 5668.72, 'Efectivo'),
(99, 39, 1377.34, 'February 1986', 3, 1, 'Occaecati aspernatur eum fugit.', 7193.33, 'Transferencia bancaria'),
(100, 81, 1085.71, 'March 1971', 24, 2, 'Aperiam molestias quae dolorem nulla sint.', 8933.48, 'Transferencia bancaria'),
(101, 47, 1397.07, 'October 2000', 4, 1, 'Expedita fugit maxime odit corporis.', 8683.6, 'Transferencia bancaria'),
(102, 250, 2852.54, 'July 2017', 15, 5, 'Mollitia ipsum cupiditate aspernatur doloremque di', 6511.82, 'Cheque'),
(103, 371, 2541.25, 'January 1981', 4, 1, 'Quisquam ipsam voluptate modi.', 7074.48, 'Cheque'),
(104, 213, 1619.45, 'September 1988', 12, 1, 'Porro ipsa inventore magnam libero atque.', 5725.87, 'Efectivo'),
(105, 179, 1374.89, 'May 1973', 24, 2, 'Temporibus quae quasi voluptates perspiciatis dolo', 8222.73, 'Cheque'),
(106, 55, 2492.72, 'February 2008', 8, 2, 'Quia fuga accusantium.', 9096.97, 'Efectivo'),
(107, 227, 4262.62, 'August 1990', 12, 1, 'Officiis consectetur culpa aliquid totam architect', 8715.95, 'Transferencia bancaria'),
(108, 229, 2264.83, 'July 2012', 9, 1, 'Aliquid cumque enim quo debitis iusto voluptatem.', 8635.14, 'Transferencia bancaria'),
(109, 187, 2124.03, 'January 1994', 5, 5, 'Corporis voluptates perferendis aspernatur earum.', 7210.63, 'Efectivo'),
(110, 169, 4149.1, 'November 2010', 3, 1, 'Iure iste repudiandae.', 5385.34, 'Cheque'),
(111, 3, 3436.38, 'February 2003', 9, 2, 'Voluptates ullam optio maiores natus odit illum.', 7170.34, 'Efectivo'),
(112, 257, 1936.03, 'December 2006', 3, 2, 'Ipsa maxime unde autem.', 6060.42, 'Transferencia bancaria'),
(113, 338, 4337.72, 'May 1992', 25, 4, 'Vitae eveniet minus error.', 8727.31, 'Cheque'),
(114, 133, 3041.35, 'February 1973', 6, 2, 'Accusamus libero eum expedita reiciendis.', 8538.62, 'Cheque'),
(115, 400, 4400.19, 'February 2008', 1, 5, 'Commodi soluta velit quisquam consequuntur distinc', 8188.23, 'Transferencia bancaria'),
(116, 58, 3868.07, 'August 1978', 20, 2, 'Laboriosam distinctio nobis asperiores hic repella', 5966.71, 'Transferencia bancaria'),
(117, 311, 3768.88, 'May 2003', 20, 2, 'Laudantium similique facere.', 5879.52, 'Efectivo'),
(118, 67, 2740.04, 'November 2014', 17, 2, 'Enim libero vitae sint fuga reiciendis maxime.', 6107.61, 'Transferencia bancaria'),
(119, 244, 3023.08, 'February 2020', 24, 2, 'Doloremque quaerat asperiores quasi odit illo.', 8158.5, 'Cheque'),
(120, 322, 1811.31, 'February 2019', 17, 1, 'Numquam est fuga dolores id facere.', 7556.33, 'Efectivo'),
(121, 400, 4276.32, 'May 1973', 28, 3, 'Iure odit saepe omnis impedit.', 6461.61, 'Transferencia bancaria'),
(122, 210, 2238.57, 'March 1972', 14, 2, 'Officiis asperiores repudiandae ea.', 5857.26, 'Cheque'),
(123, 98, 3757.24, 'July 1998', 21, 5, 'Exercitationem cupiditate pariatur tenetur.', 6500.77, 'Cheque'),
(124, 329, 4595.7, 'June 1985', 24, 3, 'Modi amet inventore odit dolorem ipsa rem.', 7892.01, 'Efectivo'),
(125, 191, 3939.93, 'January 1993', 26, 2, 'Facilis dolor facere consequatur sed.', 7354.22, 'Transferencia bancaria'),
(126, 96, 4291.25, 'May 1984', 29, 5, 'Iure delectus laudantium cum nisi.', 8919.68, 'Cheque'),
(127, 48, 2028.85, 'April 2003', 11, 3, 'Nostrum illum aliquid non odit quasi tempora archi', 9224.66, 'Efectivo'),
(128, 315, 4065.81, 'January 2022', 12, 4, 'Quaerat assumenda ex ea quo.', 7123.98, 'Efectivo'),
(129, 101, 3954.52, 'May 1989', 26, 2, 'Error architecto rerum esse velit.', 9588.7, 'Transferencia bancaria'),
(130, 2, 2963.26, 'June 2002', 16, 1, 'Autem soluta quod similique facere recusandae.', 9640.72, 'Efectivo'),
(131, 399, 1782.24, 'November 1975', 8, 0, 'Dolore consequuntur voluptates beatae quidem place', 8405.06, 'Cheque'),
(132, 277, 2382.55, 'October 1996', 13, 2, 'Hic minima asperiores illo veritatis dicta est.', 7976.16, 'Efectivo'),
(133, 276, 3900.23, 'December 1991', 10, 4, 'In et asperiores ut.', 7011.47, 'Efectivo'),
(134, 180, 2935.36, 'February 1990', 17, 2, 'Ex nulla amet.', 8643.36, 'Cheque'),
(135, 126, 4646.24, 'March 2011', 5, 3, 'Quas occaecati laboriosam eum consequuntur modi sa', 6889.24, 'Efectivo'),
(136, 311, 4923.43, 'August 1998', 6, 0, 'Iusto molestiae voluptatem.', 7846.85, 'Efectivo'),
(137, 349, 2919.1, 'July 2016', 1, 2, 'Hic illum quidem asperiores.', 9512.18, 'Transferencia bancaria'),
(138, 185, 2323.37, 'December 1997', 11, 2, 'Esse quibusdam assumenda tenetur consequuntur ad d', 6690.49, 'Cheque'),
(139, 375, 1404.94, 'October 2007', 26, 1, 'Eos cupiditate veniam commodi laudantium molestiae', 6709.35, 'Transferencia bancaria'),
(140, 370, 1157.5, 'July 2012', 2, 5, 'Placeat libero eum et quo.', 8579.48, 'Efectivo'),
(141, 285, 1500.65, 'February 2021', 27, 0, 'Cupiditate consequuntur quam molestiae at magnam.', 8618.76, 'Efectivo'),
(142, 92, 4490.24, 'March 2014', 1, 5, 'Sint quis nesciunt iusto est distinctio numquam id', 9945.41, 'Transferencia bancaria'),
(143, 5, 1184.63, 'December 1993', 22, 2, 'Ipsa dolore dolorem dolore accusantium.', 7226.62, 'Transferencia bancaria'),
(144, 111, 3316.97, 'November 2007', 29, 4, 'Tenetur repellendus animi.', 8983.64, 'Transferencia bancaria'),
(145, 125, 4808.66, 'October 2006', 29, 4, 'Consequuntur optio natus facere suscipit.', 9595.62, 'Cheque'),
(146, 56, 3832.17, 'April 2019', 15, 4, 'Hic eius nulla quae esse molestias sapiente.', 6208.4, 'Efectivo'),
(147, 178, 2547.69, 'October 1978', 14, 0, 'Ut at fugiat sequi aspernatur nostrum laudantium.', 8656.27, 'Cheque'),
(148, 396, 1613.44, 'August 1977', 30, 3, 'Quam id soluta qui corrupti.', 8043.38, 'Efectivo'),
(149, 158, 2164.51, 'May 2014', 23, 2, 'Dicta possimus quisquam molestias error a.', 9679.1, 'Transferencia bancaria'),
(150, 89, 2975.57, 'May 1973', 25, 1, 'Dolor ratione commodi deserunt enim.', 8359.16, 'Transferencia bancaria'),
(151, 113, 4985.56, 'October 1995', 29, 4, 'Itaque cum mollitia eos iste doloremque ipsa quis.', 6458.61, 'Efectivo'),
(152, 24, 1275.41, 'October 2010', 6, 4, 'Minima perspiciatis expedita sunt officiis.', 5745.67, 'Cheque'),
(153, 105, 2465.48, 'December 1988', 28, 3, 'Unde sed repellat.', 5744.15, 'Transferencia bancaria'),
(154, 365, 2303.84, 'July 1997', 26, 4, 'Porro illum culpa iusto id magni harum.', 7728.91, 'Efectivo'),
(155, 247, 1763.66, 'January 2009', 14, 4, 'Repellat repellendus maxime autem perspiciatis.', 5533.93, 'Transferencia bancaria'),
(156, 218, 4736.17, 'June 1982', 30, 2, 'Quas officiis nisi debitis.', 5879.66, 'Cheque'),
(157, 348, 1346.67, 'November 2021', 20, 3, 'Odit et eius rem exercitationem adipisci.', 7744.26, 'Cheque'),
(158, 133, 4421.71, 'March 1976', 3, 1, 'Modi sit omnis odit in natus debitis.', 6419.31, 'Cheque'),
(159, 187, 1775.74, 'June 1984', 13, 3, 'Dolore sed rerum veritatis deserunt ad.', 7406.67, 'Transferencia bancaria'),
(160, 130, 1481.33, 'July 2003', 30, 2, 'Itaque culpa reprehenderit fugiat.', 9894.34, 'Cheque'),
(161, 374, 2669.24, 'August 1977', 5, 4, 'Eveniet mollitia magni libero labore aperiam.', 7576.8, 'Efectivo'),
(162, 117, 1981.44, 'November 1989', 15, 3, 'Hic tempora commodi deserunt ratione eveniet maior', 8566.32, 'Transferencia bancaria'),
(163, 189, 4469.01, 'September 1976', 11, 3, 'Minus officiis officiis impedit unde quo vitae.', 8126.37, 'Efectivo'),
(164, 297, 1071.6, 'January 2005', 28, 4, 'Vitae temporibus dolorum nobis.', 8046.79, 'Efectivo'),
(165, 65, 2506.87, 'October 2004', 12, 2, 'Sed nostrum nemo doloribus nobis.', 5428.3, 'Efectivo'),
(166, 150, 3163.09, 'March 2006', 4, 0, 'Explicabo tenetur harum doloribus.', 7209.24, 'Cheque'),
(167, 368, 2752.56, 'August 1974', 28, 2, 'Est nam quae unde totam fugiat.', 7114.69, 'Cheque'),
(168, 102, 3312.92, 'December 1985', 22, 5, 'Corrupti deserunt sequi tempora dolorem error cum.', 9083.13, 'Efectivo'),
(169, 377, 1542.04, 'January 2013', 26, 2, 'Modi quidem sapiente ab illo.', 7863.35, 'Cheque'),
(170, 327, 2099.46, 'October 1983', 28, 4, 'Eaque magni quam omnis exercitationem doloribus.', 6918.52, 'Efectivo'),
(171, 52, 4678.01, 'January 1975', 18, 1, 'Est tempore quidem dolor odit.', 7595.64, 'Cheque'),
(172, 24, 4300.19, 'September 2016', 11, 2, 'Sequi nemo nulla dignissimos.', 9100.23, 'Transferencia bancaria'),
(173, 100, 4039.09, 'February 1988', 4, 0, 'Enim minus commodi nihil laudantium nemo porro.', 6330.25, 'Efectivo'),
(174, 383, 4108.79, 'February 1989', 1, 2, 'Hic illum repellat in consectetur voluptatem ut.', 6459.68, 'Cheque'),
(175, 34, 2732.99, 'April 1971', 14, 4, 'Quasi repellat adipisci.', 9361.55, 'Efectivo'),
(176, 182, 2382.43, 'May 2002', 10, 1, 'Expedita amet eligendi.', 9174.11, 'Transferencia bancaria'),
(177, 41, 3035.33, 'January 2000', 10, 4, 'Corrupti sequi tempore architecto harum unde.', 8634.11, 'Efectivo'),
(178, 48, 2197.91, 'June 1996', 17, 3, 'Velit necessitatibus et blanditiis ipsam.', 7779.6, 'Cheque'),
(179, 104, 1373.27, 'December 1980', 25, 3, 'Quos error sequi fuga eius laboriosam.', 8460.32, 'Transferencia bancaria'),
(180, 152, 3996.29, 'June 1989', 15, 3, 'Iusto eos molestias nesciunt deleniti asperiores u', 6011.23, 'Transferencia bancaria'),
(181, 302, 3492.02, 'May 1974', 12, 3, 'Et harum architecto recusandae.', 7245.67, 'Efectivo'),
(182, 230, 3329.08, 'August 1994', 30, 4, 'Praesentium molestias optio commodi eos rerum mole', 9937.42, 'Efectivo'),
(183, 145, 1212.86, 'April 1975', 20, 5, 'Incidunt nemo quisquam dolorem autem porro soluta ', 7021.95, 'Cheque'),
(184, 120, 3919.6, 'December 1997', 6, 5, 'Exercitationem quidem inventore libero.', 9673.43, 'Transferencia bancaria'),
(185, 103, 1119.47, 'March 1980', 20, 4, 'Exercitationem corporis molestias cum mollitia cum', 7731.75, 'Cheque'),
(186, 237, 4933.78, 'August 2010', 27, 1, 'Corporis nobis praesentium est eum quos odit.', 9575.96, 'Cheque'),
(187, 321, 3621.88, 'January 1992', 27, 5, 'Fugiat architecto quia corrupti reiciendis dolorem', 7409.68, 'Efectivo'),
(188, 283, 1213.55, 'November 2022', 27, 0, 'Sunt placeat id non nam odit.', 9807.4, 'Efectivo'),
(189, 166, 2441.23, 'August 2009', 4, 2, 'Molestias modi voluptatem maiores.', 7490.68, 'Efectivo'),
(190, 353, 3592.27, 'July 1975', 16, 4, 'Eveniet non hic magni.', 7397.9, 'Cheque'),
(191, 257, 2357.71, 'August 2022', 12, 5, 'Accusantium asperiores ipsa laboriosam inventore a', 9667.16, 'Efectivo'),
(192, 51, 2721.83, 'June 2013', 4, 2, 'Perspiciatis rem id rerum inventore inventore iust', 5864.2, 'Efectivo'),
(193, 241, 3467.32, 'January 2017', 28, 5, 'Ex numquam quos id molestias libero adipisci.', 5650.7, 'Cheque'),
(194, 28, 3134.06, 'December 1983', 8, 2, 'Reiciendis veritatis neque molestias adipisci saep', 6927.15, 'Efectivo'),
(195, 42, 3846.15, 'August 2023', 9, 4, 'Laboriosam totam consequuntur minima nostrum volup', 8962.46, 'Cheque'),
(196, 173, 1525.41, 'November 2012', 7, 3, 'Velit ducimus accusamus inventore placeat harum.', 9823.07, 'Efectivo'),
(197, 123, 4586.85, 'October 1997', 2, 2, 'Repudiandae voluptates ratione.', 5003.29, 'Efectivo'),
(198, 321, 4294.78, 'July 1973', 19, 1, 'Repellendus nostrum facere.', 8558.09, 'Transferencia bancaria'),
(199, 322, 4917.98, 'February 1984', 28, 5, 'Asperiores dicta debitis nobis praesentium harum.', 7509.2, 'Efectivo'),
(200, 204, 4981.9, 'October 1991', 27, 5, 'Tenetur exercitationem sint minima.', 6091.59, 'Cheque');

-- --------------------------------------------------------

--
-- Estructura de tabla para la tabla `normativa`
--

CREATE TABLE `normativa` (
  `ID_Normativa` int(11) NOT NULL,
  `Nombre` varchar(250) NOT NULL,
  `Descripcion` text NOT NULL,
  `Accion` text NOT NULL,
  `Sancion` text NOT NULL,
  `AdministrativoAprovador` int(11) NOT NULL
) ENGINE=InnoDB DEFAULT CHARSET=utf8mb4 COLLATE=utf8mb4_general_ci;

--
-- Volcado de datos para la tabla `normativa`
--

INSERT INTO `normativa` (`ID_Normativa`, `Nombre`, `Descripcion`, `Accion`, `Sancion`, `AdministrativoAprovador`) VALUES
(1, 'Delectus voluptatibus velit deserunt ipsam.', 'Ullam quae amet eligendi error rem rerum. Doloremque distinctio nesciunt voluptate consequuntur.', 'Assumenda velit ad vero voluptates. Pariatur a expedita consequatur aliquam molestiae temporibus. Possimus harum consequuntur quas cum.\nEum nihil illo nesciunt magni. Expedita quidem porro nemo iure.', 'Fugit sapiente veniam debitis. Nisi natus corporis nulla nisi similique. Repudiandae quae et magnam vitae.', 205),
(2, 'Officiis sunt perferendis quia repellendus.', 'Qui aliquid aliquid ipsa a sint. Et beatae nobis magnam quibusdam explicabo eius. Ipsa voluptate modi aperiam est.', 'A cupiditate sunt aspernatur maxime asperiores ex perspiciatis. Iusto praesentium modi magnam eligendi voluptatibus quod. Amet magni reprehenderit animi. Laudantium illum tempore dolorem deserunt.', 'Quaerat maiores autem ut sed explicabo expedita. Reprehenderit laborum mollitia eius minus exercitationem odio.\nLaudantium commodi mollitia incidunt minus repellat quam.', 79),
(3, 'Recusandae nihil blanditiis.', 'Dolores vitae odio aliquid. Quidem eos ad quia quasi ut quasi.\nOdio porro sit illo. Dolore earum ipsam soluta nostrum dolorum. Sit veniam quo iusto laboriosam.', 'Velit molestiae accusantium qui saepe esse reiciendis in. Facilis cupiditate itaque.\nPossimus iusto rerum vero quidem dolore. Tempora odit atque quisquam. Similique dolorum at consectetur quae.', 'Quis placeat voluptatem corporis quis blanditiis beatae. Commodi error error atque excepturi laboriosam quidem. Ea dolores at praesentium.', 281),
(4, 'Voluptatem nisi veritatis quam dolorum nisi.', 'Eveniet molestiae saepe. Sunt odit sit illum eveniet.\nQuam soluta sint in eos nostrum. Beatae error quibusdam quibusdam.', 'Voluptates natus doloremque quidem beatae magnam eligendi aspernatur. A molestiae enim. Aut assumenda in similique pariatur quae tempora. Accusamus pariatur quam architecto harum quas eaque.', 'Cumque debitis fugiat. Amet in porro ipsam. Doloribus vitae molestias quod atque.', 16),
(5, 'Molestias harum aspernatur ex voluptas mollitia.', 'Ad ipsam deleniti magnam. Earum quae quam id. Occaecati quisquam adipisci adipisci consequuntur quia necessitatibus.', 'Aperiam voluptatibus assumenda nihil minima commodi hic tempora. Voluptatum officia animi eaque corporis fuga. Quibusdam voluptate nisi ducimus illum molestias officiis.', 'Id voluptatem inventore quaerat expedita architecto. Et at quis ad dolorem quo sed. Tenetur nemo rem natus dicta neque.\nFuga harum ipsam. Alias nihil quisquam quaerat. Officia beatae sunt.', 386),
(6, 'Qui accusantium nemo ex tenetur fugit nam dolore.', 'Tempora necessitatibus sequi iure. Laborum rerum at amet. Temporibus porro officiis molestiae dolorum explicabo.', 'Cum rem iste distinctio. Quidem odio aliquid blanditiis minus voluptatibus libero eos. Ratione excepturi eveniet laboriosam iusto laudantium ratione. Dicta atque cumque eveniet a ea hic maiores.', 'Repellendus consectetur culpa autem inventore culpa ea. Consectetur vel molestiae fuga suscipit. Deserunt corrupti error odio officia.', 226),
(7, 'Quam occaecati maiores unde natus.', 'Dolorem veniam beatae pariatur est. In sint quam dicta dolorem voluptates nisi.\nDeleniti sequi explicabo sequi iure animi dolor.\nMinus placeat molestiae laboriosam amet quibusdam. Culpa illum dolor.', 'Dolore error possimus ullam quasi. Commodi accusantium ut possimus. Optio non nobis.\nAt minima quaerat saepe itaque. Saepe in error dolor. Soluta officiis itaque unde laudantium repellat beatae.', 'Soluta blanditiis illum debitis veritatis. Magnam nostrum voluptas voluptatum aliquam corrupti adipisci. Architecto nemo dolore impedit numquam.', 386),
(8, 'Fuga labore animi repellat vitae illum facilis.', 'Ab dicta dicta. Doloribus facere laboriosam dicta. Error excepturi natus veniam quidem.\nIste vero at occaecati occaecati veritatis. Hic repellat reiciendis iure.', 'Tempora ipsam necessitatibus et rerum.\nNisi est iusto excepturi. Ducimus tempora qui.', 'At dolorem dolor. Commodi amet vitae incidunt tenetur fuga.\nA fugiat voluptatibus molestiae laboriosam consequatur. Repudiandae vero accusamus.', 111),
(9, 'Fugit blanditiis magni consectetur vitae dolor ipsum.', 'Amet ab ipsum nobis pariatur. Ab expedita incidunt repudiandae est quaerat deserunt. Voluptatum iste vel magnam vel sunt accusamus.', 'Sequi dignissimos est repellat reiciendis laborum ab. Est ex alias saepe. Tempore vel delectus ipsum delectus officia.', 'Quos cupiditate iure commodi magni quae cum nesciunt. Tempore quo blanditiis iure harum.', 1),
(10, 'Sit itaque voluptas.', 'Voluptatibus mollitia ad animi.\nNam corrupti atque quos at sequi. Vero pariatur possimus ratione voluptatem corporis minus.', 'Laboriosam architecto porro nulla nam.\nDeserunt itaque tempore in accusantium quaerat. Nam iure libero sapiente.\nDeleniti at tempore autem inventore amet quod. Architecto ad architecto impedit.', 'Cupiditate facere quod molestias tempora. Similique magni sit dolores similique ipsa nulla.', 16),
(11, 'Aut reiciendis accusamus.', 'Architecto vitae pariatur. Officiis rerum vel qui tempora.\nTemporibus optio nobis quae consequuntur sed hic.', 'Animi soluta reprehenderit id assumenda eveniet laboriosam. Quod eius doloribus libero quam vel enim aliquam. Earum itaque magnam velit nisi cumque.', 'Nemo similique id hic. Quis quam nemo ea porro laboriosam.\nBlanditiis inventore tenetur amet nostrum earum. Praesentium atque doloremque atque amet.', 87),
(12, 'Suscipit temporibus eum porro eius voluptatibus repellat.', 'Nisi aliquam hic placeat quia tempore nemo. Placeat alias qui. Assumenda odio eos unde in laudantium doloribus occaecati.', 'Dignissimos tenetur ad fugit iste.', 'Ratione mollitia modi fugit explicabo officiis et.\nPerspiciatis laudantium error quas magnam hic ab. Nam sequi architecto exercitationem esse sunt ullam.', 288),
(13, 'At mollitia molestias dignissimos totam vitae.', 'Veritatis non similique porro quas amet eum. Unde distinctio delectus cumque harum sit doloremque. Porro ab id sapiente facere cumque reiciendis.', 'Repellendus officia reiciendis porro tempore et. Nulla blanditiis ullam itaque.', 'Ducimus accusamus unde inventore labore.\nDebitis vitae occaecati sequi. Iure occaecati ab asperiores ipsa debitis magnam.\nModi velit harum dicta. Sit ipsum doloremque ullam quasi.', 143),
(14, 'Esse accusantium doloribus doloribus.', 'Nostrum hic nesciunt provident. Esse nostrum pariatur illum quibusdam. Officia exercitationem placeat iure. Corporis delectus tempora.', 'Consequatur suscipit laborum alias at qui. Officiis repellat eaque molestiae quis veritatis. Commodi ut et at nihil.\nDolor odio sint magni. Praesentium dolor consequuntur quidem libero.', 'Sunt facilis earum beatae error illum.\nIste consequatur veritatis corrupti. Molestiae voluptas expedita deserunt nemo dicta. Aut aliquid eaque aliquam commodi.', 20),
(15, 'Natus laborum reiciendis dolorem eaque.', 'Inventore adipisci beatae rem temporibus. Ipsam vel beatae deleniti delectus sapiente necessitatibus.', 'Perspiciatis commodi ipsam tenetur iusto nihil cum.\nOptio ab consequatur voluptate. Culpa possimus rerum molestias. Minima a maxime quidem praesentium veritatis tenetur.', 'Ad animi vel quis sequi amet. Recusandae temporibus vero asperiores minus. Odit saepe officiis magni voluptate dolorum.', 49),
(16, 'Voluptatibus modi quam delectus quo aliquid tempora.', 'Non dolorum cumque assumenda optio nesciunt odit. In ab dolores voluptate quasi. Commodi cupiditate tenetur porro rem in tenetur.\nNeque repudiandae fuga nemo. Sed fugiat autem ea.', 'Nemo nesciunt rerum occaecati expedita perferendis libero. Temporibus mollitia qui fugit eligendi sed vel.\nQuibusdam provident iusto asperiores impedit cupiditate. Totam quos atque consectetur.', 'Fuga similique dolores modi ad laborum placeat.\nVitae alias sed commodi autem accusantium laboriosam. Nihil modi nihil asperiores laudantium omnis eos. Pariatur est commodi labore.', 297),
(17, 'Minima velit non delectus.', 'Tenetur soluta laboriosam commodi itaque. Dignissimos error aut asperiores ab. Aliquid consequuntur sit illo illum id dolorem.', 'Ratione iure saepe.\nVelit quas cum. Placeat sed ea minima. Vero tenetur eum reprehenderit aperiam sunt earum.\nProvident eligendi veritatis omnis praesentium. Quis eveniet quibusdam neque consequatur.', 'Voluptate eveniet eligendi. Quibusdam esse saepe odit reprehenderit hic nemo.\nRem iste rerum sed molestias quaerat. Inventore asperiores vitae omnis.', 85),
(18, 'Accusantium atque aut error sit eaque laborum aut.', 'Quisquam neque quasi quo. Unde qui aliquid dolore doloremque. Perspiciatis facere quo illo ullam incidunt.\nUt voluptas minus sed amet delectus accusamus impedit.', 'Ad ea repellat rem officia occaecati. Dignissimos harum in qui.\nMinima ipsum provident consectetur quibusdam quod quae.\nDolorum quasi iusto tenetur vel. Architecto enim modi. Vel dolores similique.', 'Dolore repellendus sapiente ad laboriosam amet nesciunt aliquid. Ipsum voluptatibus sunt perspiciatis in. Enim minus vero esse itaque accusantium molestiae.', 76),
(19, 'Vel suscipit quidem.', 'Velit magni perspiciatis laudantium velit. Provident commodi tempora nemo fugit adipisci.', 'Doloribus reprehenderit saepe nisi praesentium. Veniam quis rem unde pariatur maiores. Quibusdam corporis molestias dolorem id quae.', 'Voluptatem delectus fugiat quam deserunt perferendis. Voluptas atque laboriosam aliquid cum.', 76),
(20, 'Voluptate laudantium distinctio ipsam.', 'Rerum officia officiis odit repudiandae esse corporis. Voluptate unde labore ut tenetur officiis id.', 'Beatae laboriosam reiciendis. Consectetur totam doloremque dicta debitis.\nAb soluta cumque soluta quidem nesciunt. Minima possimus alias voluptas aperiam. Amet iste fugit dolore quod.', 'Magni tempore doloribus vitae dolore odio repellat. Voluptas eum at laborum nihil rerum.\nOfficiis dolor odio ad accusamus hic nemo. Nihil magnam sunt aut sint deleniti nisi.', 100),
(21, 'Officia ullam eius eveniet.', 'A non molestias eos rem quos provident sit. Nihil vitae ab aperiam aliquam commodi voluptates.\nDeserunt nisi provident dolores. Error sint incidunt aliquid nostrum aspernatur.', 'Hic tempore dolore quae ea. Sit magnam animi impedit ipsa recusandae.\nHarum accusantium beatae perspiciatis. Placeat iure consequatur at sed sed odio hic.', 'Quia earum et odit voluptatibus sint pariatur. Quam accusantium quae laudantium maiores optio. Ratione ipsam magnam harum porro.', 1),
(22, 'Nobis delectus in mollitia ipsam.', 'Sunt eaque possimus perferendis reiciendis.\nTemporibus nostrum dolorem vitae doloribus. Voluptatem error ut totam accusantium.\nNatus optio quas magnam. Dolorem hic animi.', 'Vitae accusantium harum laudantium. Repellendus beatae sunt eligendi blanditiis porro. Praesentium ex molestiae eius itaque.', 'Quae sit rerum repudiandae corrupti voluptatum sunt. Quis porro nisi atque adipisci quas.\nNeque non est dolorum incidunt repellat dolorem. A repudiandae temporibus sequi ipsam quidem voluptas.', 132),
(23, 'Nesciunt deleniti illum.', 'Fugit porro officiis autem possimus animi. Et delectus veniam qui et id et.\nUt repellat ad ad. Velit totam occaecati atque sapiente ad.', 'Quos omnis aliquid illum exercitationem. Ipsam quisquam incidunt quos explicabo corrupti. Aliquam dolore voluptatem.', 'Velit minima explicabo quibusdam eius.', 100),
(24, 'Earum esse et aut.', 'Inventore accusamus culpa sunt aut. Est numquam necessitatibus odit. Recusandae quos perspiciatis ut debitis.', 'Illum sed consectetur culpa asperiores odit.\nPerspiciatis saepe sequi aperiam eaque ducimus.', 'Magnam aperiam quo dicta. Aut adipisci quos nostrum possimus numquam natus quibusdam. Dolorem consectetur incidunt dicta autem molestiae. Impedit ex voluptate dolor.', 47),
(25, 'Laborum dolores ipsa tenetur.', 'Doloribus blanditiis nesciunt maiores. Necessitatibus numquam eveniet quisquam illo architecto quidem. Amet corporis quibusdam eos delectus.', 'Repudiandae nisi est molestiae. Repellat iusto eos tenetur.\nNobis adipisci fugit repellendus ipsam. Laudantium sapiente eos quia modi voluptatum.', 'Totam illo soluta ad optio cum placeat. Corrupti unde voluptates vitae.\nAccusamus vel minus inventore.', 125),
(26, 'Consequuntur animi officiis excepturi in sequi deleniti.', 'Dicta temporibus sint natus voluptate. Nobis recusandae maiores nulla assumenda rerum. Facilis dolore vel non modi.\nEius praesentium dolorem temporibus ratione.', 'Saepe nobis explicabo enim sequi repellendus. Reprehenderit voluptate iusto suscipit id vel soluta dolorem.\nDignissimos doloremque at sequi consequuntur. Eius dolorem fugiat aliquid.', 'Tempora voluptas temporibus consectetur omnis. Eveniet eaque nobis culpa expedita.\nVel nemo at quidem. Facilis illo quo maxime voluptas fuga tenetur. Soluta earum fuga.', 44),
(27, 'Iste fugiat eveniet error ullam doloribus excepturi.', 'Qui expedita atque tenetur quas. Quibusdam odit corporis quod.\nCupiditate error iste culpa quo neque nulla incidunt. Provident error facere eius illum ratione.\nDolores quos voluptates natus.', 'Vero voluptate sit reprehenderit. Eligendi ut doloremque in at officiis.\nNesciunt quos assumenda repellat sequi similique minima. Enim praesentium necessitatibus veniam.', 'Perferendis adipisci assumenda necessitatibus. Sed nobis blanditiis totam. Totam optio officia excepturi cum quas.', 23),
(28, 'Accusamus maxime quia ab fugiat alias.', 'Quaerat totam beatae sit. Provident natus aspernatur possimus nisi. Laborum repellat distinctio impedit dicta sequi. Tempora expedita debitis.', 'Fuga odit fugiat quos eos tenetur.\nNisi officia tempore quidem atque hic. Repellendus pariatur reprehenderit ad dolores.', 'Quaerat quidem numquam assumenda. Tempora deleniti animi odit facilis quis totam nostrum.', 227),
(29, 'Eius adipisci vel fugiat voluptatibus.', 'Assumenda quasi perspiciatis ducimus reprehenderit neque delectus. Sunt natus molestiae. Distinctio provident voluptate placeat.', 'Harum consequuntur voluptatibus laborum similique nihil possimus sint. Et dicta occaecati necessitatibus iusto quod.', 'Facilis aspernatur quam culpa. Rerum distinctio quam iusto nostrum minus minima.', 35),
(30, 'Dolorum aliquam aperiam dolorem totam rerum fuga.', 'Blanditiis repudiandae dicta temporibus ea mollitia at. Nam consequuntur vitae earum veniam. Molestiae eligendi sequi fuga illum itaque.', 'Cum incidunt aspernatur optio iure. Laboriosam temporibus eligendi ullam vel illo.\nEx officiis libero similique iusto ut. Velit quam expedita consequatur.', 'Cumque amet qui mollitia deserunt numquam molestias. Laudantium rerum delectus in facere aliquam animi labore. Vero ipsam eos soluta vel voluptate occaecati.', 226),
(31, 'Unde earum culpa velit molestiae distinctio tenetur qui.', 'Magnam assumenda ipsa natus expedita nemo sunt occaecati. Mollitia amet accusamus saepe voluptatem suscipit necessitatibus repellendus.', 'Repellat et qui harum consequuntur dolor corrupti. Facilis recusandae nesciunt placeat natus deserunt sunt. Quibusdam magni repellendus consequuntur ratione.', 'Impedit veniam dolore maxime sit nisi. Mollitia necessitatibus neque at ipsam cupiditate maxime.\nExpedita dolor esse neque expedita eum in doloribus. Laudantium pariatur cupiditate.', 305),
(32, 'Iure quam cupiditate.', 'Aliquid repellendus architecto molestiae maxime soluta. Rerum perspiciatis nulla.\nAnimi molestias eaque necessitatibus illo. Quas ad quam aut placeat alias accusantium.', 'Ipsam laudantium expedita. At earum sapiente. Minus ratione illo.\nPerferendis provident soluta recusandae quisquam ab mollitia. Porro temporibus delectus ut.', 'Iste aliquam vero soluta amet quia. Maxime eligendi ipsum reiciendis consequuntur deserunt ducimus soluta. Quidem illum neque nesciunt.', 297),
(33, 'Impedit esse totam enim excepturi.', 'Recusandae dolorum nostrum facere error dolores recusandae. Voluptatum consequatur eveniet enim.\nQuod ea adipisci doloremque incidunt. Beatae impedit incidunt quis.', 'Enim tempore eos laudantium nulla est animi rem. Voluptas explicabo maxime earum expedita inventore aliquam. Inventore optio omnis aut quia.', 'Rem maxime impedit quos maiores. Iusto quaerat qui facilis odio nemo rem consequatur. Aut esse eius iusto vitae vel non.', 100),
(34, 'Sunt sint maiores consequuntur corporis laudantium nobis.', 'Asperiores quasi saepe praesentium ipsa minima aliquid. Explicabo minima laborum deserunt. Optio numquam deserunt dolorum eligendi consectetur.\nEx necessitatibus iste ex totam.', 'Nemo architecto aspernatur doloremque porro ab impedit. Id non amet recusandae cupiditate natus amet. Quam facilis mollitia optio inventore. Blanditiis pariatur atque ipsum ut quia corporis.', 'Error esse saepe vitae. Quas voluptatibus in animi corrupti. At rem quod expedita tempora doloremque alias.\nVoluptate voluptates tempore vitae autem. Assumenda ullam sint enim amet.', 83),
(35, 'Possimus nihil sint iusto.', 'Repudiandae eveniet ea. Quidem ut illum quia repellendus pariatur animi. Mollitia voluptate unde exercitationem quaerat accusamus eum.', 'Quis adipisci voluptas aperiam nostrum ipsa nemo. Eaque incidunt deserunt nesciunt fugiat.\nAd maiores inventore recusandae. Nemo quas minus quod consectetur ipsum.', 'Doloribus quasi voluptatum beatae. Facere quisquam modi officiis impedit nobis. Eum fugit expedita exercitationem quos.\nRepudiandae soluta tempore voluptas dolorem tempore minima.', 297),
(36, 'Suscipit cupiditate quo ea molestiae voluptates.', 'Asperiores fuga iusto dolore beatae. Accusantium laborum rem praesentium quaerat quam. Porro sequi pariatur explicabo adipisci laudantium.', 'Itaque libero nulla atque. Eaque atque voluptas alias praesentium. Perspiciatis fugit quos voluptate incidunt ipsa nostrum.\nTempora quas rerum amet. Repellat asperiores commodi voluptatum sint.', 'Provident quae deserunt expedita minima. Repudiandae alias reprehenderit. Labore veniam quo assumenda facilis doloremque.', 19),
(37, 'Exercitationem quas eius incidunt eveniet sint.', 'Autem dicta molestiae placeat ut. Eius consectetur reprehenderit tempora molestias.', 'Aut expedita eius dolore. Velit corporis placeat. Error ipsa laboriosam culpa. Ducimus aperiam ea maxime assumenda provident minus.', 'In adipisci quidem labore repellat. Rem amet recusandae explicabo quos nobis repudiandae. Sunt odio quam explicabo porro quod corrupti. Ex iure repellendus tempora culpa architecto.', 219),
(38, 'Accusamus iusto blanditiis.', 'Aspernatur et quaerat laudantium consectetur. Commodi sapiente soluta corrupti molestias ducimus ab.', 'Eum accusamus ipsum aperiam in ducimus reiciendis. Corrupti ipsam saepe eligendi minus eveniet.\nBeatae eligendi debitis voluptate. Maiores expedita porro porro. Officia dolorem sint.', 'Quia maxime odio provident unde dolorum suscipit. Eos assumenda placeat in incidunt recusandae.', 13),
(39, 'Velit error nam quasi molestias voluptates.', 'Aliquid animi qui quod. Quo voluptatum laudantium non. Quasi consectetur omnis blanditiis enim voluptas ullam.\nIn ullam repellendus suscipit optio pariatur aut. Non quod harum iusto a.', 'Quasi placeat fugit nam est beatae. Ipsum sunt impedit error culpa esse nostrum expedita. Labore hic tempora dolor.', 'Ex natus sequi reiciendis. Soluta assumenda similique labore.', 219),
(40, 'Accusantium vero tempora possimus.', 'Nihil nostrum voluptates dolore dignissimos. Similique beatae asperiores autem dolores rerum.\nFugiat sapiente tenetur iste. Neque at voluptas facilis. Est adipisci perferendis aliquid. Ab iusto esse.', 'Error reiciendis illo tenetur iusto officia. Corrupti quam optio facilis odit expedita. Beatae neque eaque.', 'Tempora hic accusamus. Maxime alias consectetur voluptas nihil ipsa aperiam nobis. Dolorum numquam exercitationem distinctio maxime.', 49),
(41, 'Porro assumenda repellendus culpa exercitationem exercitationem magnam perspiciatis.', 'Atque odit eaque laborum. Mollitia cum vel magni accusantium tempore.', 'Deserunt dolor quidem architecto autem deleniti. Ab quibusdam natus inventore placeat.\nOdit aliquam error. Rerum placeat molestias ratione repudiandae doloribus consequuntur iste.', 'Quod velit corrupti dolores quia unde vitae aspernatur.\nDeleniti sunt esse vitae distinctio. Ab tenetur asperiores voluptate perferendis. Laborum ipsa ullam commodi ut placeat.', 143),
(42, 'Similique commodi animi aliquam quos quasi laborum.', 'Blanditiis rerum ex voluptate distinctio architecto delectus. Fugit libero distinctio ducimus aliquid commodi. Earum aperiam quod vero laboriosam optio.', 'Veritatis iste illo. Expedita neque voluptates facere cum esse amet. Tenetur labore amet facere labore alias odit eius.', 'Excepturi nobis dolorum at corporis quae officiis nobis. Sequi minima ipsum eligendi neque.\nSed amet mollitia nihil.\nSapiente explicabo quas ipsum ab nam sed quam. Earum blanditiis laudantium.', 13),
(43, 'Expedita ipsum laborum sed tenetur ratione exercitationem commodi.', 'Culpa quisquam et ex exercitationem sequi. Maxime accusantium facilis autem quae sed. Quae impedit explicabo delectus error distinctio vel.\nEx blanditiis modi omnis similique. Nesciunt doloremque ea.', 'Eius laborum cupiditate earum rerum illo atque. Fugiat repudiandae numquam ad atque eos.\nQuia dignissimos itaque quo pariatur quaerat. Repellendus illo fugit perferendis ea unde adipisci.', 'Vero cum accusamus suscipit iure quis quibusdam. Repellat enim ab vero nobis architecto perferendis. Laboriosam iure enim officiis dolorum eligendi.', 125),
(44, 'Voluptate ullam fugit aperiam ex officiis culpa.', 'Dolore ipsum optio alias officia. Laboriosam labore numquam expedita iusto eligendi natus sed.\nModi libero explicabo aliquid quae sed. Ab dolore tempore occaecati.', 'Qui veritatis minima non quod in tempora. Mollitia iste mollitia magnam officia architecto. Repellat unde labore dolorem sapiente a ducimus error.', 'Magnam minus culpa. Dolorem eius vel voluptatum dignissimos totam. Hic dolor expedita magnam sapiente.\nEveniet recusandae delectus nesciunt doloremque harum exercitationem.', 297),
(45, 'Nostrum ducimus ullam laboriosam exercitationem.', 'Suscipit eum libero ratione harum accusamus vitae. Totam quae commodi earum soluta maxime.', 'Quis accusantium maxime molestias. Non tempora nemo magnam laborum. Sint alias cumque praesentium reprehenderit consequatur. Commodi et vero accusantium.', 'Magni quos repudiandae. Hic officiis sequi. Esse vitae non nesciunt quisquam nesciunt.', 226),
(46, 'Reprehenderit aut iure.', 'Fuga cumque nisi exercitationem numquam laboriosam ut. Eos voluptatum voluptatem. Dolorum voluptates debitis.', 'Corporis fugiat saepe maxime voluptatum asperiores. Laudantium officiis enim fuga.\nAutem consectetur soluta qui sit consequuntur. Aspernatur sint sequi molestias exercitationem ea porro.', 'Atque suscipit optio a. Modi velit beatae laborum accusamus ut. Quibusdam vero exercitationem blanditiis eaque veritatis a deleniti.', 226),
(47, 'Aperiam adipisci ea ad.', 'Eius voluptate voluptatum sunt quidem vitae. Beatae perferendis nulla molestiae cumque facere. Minus beatae itaque.', 'Voluptates eveniet ut culpa et harum. Earum quod rem rerum vero qui odit.\nItaque consequatur quos soluta sint.', 'Vero corrupti ducimus deserunt reprehenderit corrupti. Debitis eum est veniam aliquid eaque quibusdam.\nIpsum nemo perspiciatis. Facilis ratione officia animi velit ipsa.', 1),
(48, 'Veritatis debitis laudantium nulla amet fuga.', 'Dignissimos necessitatibus molestias necessitatibus deleniti at. Nostrum fuga quisquam. Iste itaque officiis delectus. Laborum nobis rerum ducimus nobis saepe.', 'Nesciunt odit perspiciatis suscipit.\nDignissimos quibusdam corrupti velit laborum. Rem illum nam ab fugit molestiae reiciendis laboriosam. Minima autem error. Blanditiis iure sint maxime id.', 'Delectus sint fuga distinctio porro recusandae.\nQuidem dolores sunt nostrum. Enim excepturi accusamus natus nam ab. Maxime itaque totam.', 49),
(49, 'Vitae voluptatibus tempora.', 'Voluptatum facere assumenda fuga at illum dolore. Autem vero molestias vel.\nOdio ullam corrupti alias quod minus. Voluptate harum ducimus ea. Labore consequuntur sit molestiae ea aspernatur beatae.', 'Odio expedita nesciunt accusantium adipisci cum tempora. Placeat ipsa quibusdam officiis.', 'Ratione vero voluptatibus voluptatibus. Quam possimus necessitatibus vel nesciunt consequuntur.', 79),
(50, 'Repellat suscipit adipisci quod.', 'Et rerum quo quia ratione eveniet. Maiores sit libero at laborum delectus. Odio consequatur sint repellendus architecto sint natus.', 'Ad mollitia eum culpa cumque. Non facere iste illo quae sunt. Quod eaque aperiam molestias qui.\nNisi distinctio deleniti omnis ipsa. Autem placeat reprehenderit eius nihil. Quia impedit in.', 'Porro magni molestias vero consequuntur maiores ab. Occaecati consectetur in eum. Quisquam nobis consequuntur quibusdam molestiae magni.', 68);

-- --------------------------------------------------------

--
-- Estructura de tabla para la tabla `plan_estudio`
--

CREATE TABLE `plan_estudio` (
  `Clave` varchar(20) NOT NULL,
  `Especialidad` varchar(50) NOT NULL,
  `Grupos` varchar(10) NOT NULL,
  `Sistema` varchar(20) NOT NULL,
  `InicioVigengia` date NOT NULL,
  `FinVigencia` date NOT NULL,
  `FechaElaboracion` date NOT NULL
) ENGINE=InnoDB DEFAULT CHARSET=utf8mb4 COLLATE=utf8mb4_general_ci;

--
-- Volcado de datos para la tabla `plan_estudio`
--

INSERT INTO `plan_estudio` (`Clave`, `Especialidad`, `Grupos`, `Sistema`, `InicioVigengia`, `FinVigencia`, `FechaElaboracion`) VALUES
('0272dfd4-2b0f-4b30-8', 'Técnico de prótesis médicas y dentales', 'D', 'Virtual', '2024-01-30', '2024-02-15', '2024-01-26'),
('118724dd-bad6-461e-9', 'Técnico forestal', 'C', 'Mixo', '2023-10-29', '2029-01-18', '2023-02-10'),
('2d49608e-1072-4c5a-a', 'Focumentalista', 'A', 'Mixo', '2018-04-07', '2021-07-26', '1995-04-29'),
('31cebd4c-2025-419e-a', 'Diseñador de prendas', 'B', 'Virtual', '2022-09-14', '2022-10-05', '2014-03-19'),
('359a3631-9016-4478-b', 'Archivista', 'D', 'Escolarizado', '2006-12-11', '2027-08-07', '2001-04-03'),
('377ce425-c440-4541-a', 'Pulidor de metales y afilador de herramientas', 'C', 'Mixo', '2010-03-17', '2012-09-26', '2001-02-26'),
('59d0ba5d-4700-41d6-9', 'Reponedor de estanterías', 'D', 'Virtual', '2012-06-19', '2022-03-11', '2009-01-11'),
('601d4dcd-69af-45ef-8', 'Peón de obras públicas y mantenimiento', 'D', 'Virtual', '2015-08-17', '2017-02-02', '1996-01-04'),
('6ff690ad-43b0-4129-8', 'Conductor de taxis', 'C', 'Virtual', '2019-10-27', '2020-06-07', '1999-03-05'),
('75889f74-bffd-4b2c-a', 'Periodista', 'D', 'Virtual', '2012-04-24', '2016-08-11', '1999-04-12'),
('7c476e60-5882-48e2-b', 'Director de producción de piscicultura y pesca', 'A', 'Mixo', '2022-08-01', '2022-09-06', '2015-06-06'),
('822feee6-4af5-45db-a', 'Operador de máquinas lavarropas', 'C', 'Mixo', '2008-03-18', '2014-09-14', '2002-09-23'),
('91144168-da99-43c8-9', 'Profesional del trabajo social', 'D', 'Escolarizado', '2023-12-10', '2025-03-30', '1998-08-11'),
('9f0f1a93-f269-40da-b', 'Farmacéutico', 'D', 'Escolarizado', '2008-11-06', '2020-11-03', '2002-03-05'),
('ab34b649-0935-4787-b', 'Supervisor de industria manufacturera', 'C', 'Mixo', '2018-11-29', '2019-07-14', '2008-08-13'),
('b234991f-5d0e-4254-a', 'Supervisor de secretaría', 'C', 'Virtual', '2019-11-03', '2024-01-30', '2005-03-16'),
('bc5f46b7-426b-49e1-8', 'Declarante de aduana', 'A', 'Virtual', '2021-06-24', '2028-01-11', '2012-08-16'),
('bd0f47dd-4089-4643-9', 'Bailarín', 'C', 'Virtual', '2023-05-26', '2027-11-26', '2022-01-06'),
('cc321fcb-b037-4940-8', 'Mecánico y reparador de máquinas agrícolas e indus', 'B', 'Virtual', '2021-12-04', '2026-06-29', '2004-09-05'),
('cd978421-22b9-4956-a', 'Patronista y cortador de tela', 'D', 'Mixo', '2008-09-18', '2019-02-03', '2001-01-24'),
('cfb8ac8d-daff-4add-a', 'Supervisor de secretaría', 'C', 'Mixo', '2004-03-28', '2024-01-19', '1995-04-01'),
('d194d7cb-e5e7-4b0a-a', 'Regulador y operador de máquinas y herramientas', 'D', 'Mixo', '2023-12-16', '2024-10-07', '2018-09-09'),
('d3f24c16-3e16-4ca9-9', 'Tasador', 'A', 'Escolarizado', '2014-03-19', '2028-01-11', '2000-03-30'),
('d41f691b-6bf4-41ca-9', 'Soplador de vidrio', 'A', 'Escolarizado', '2022-10-11', '2025-05-13', '2019-10-20'),
('d9d0bd8d-8084-4bb0-a', 'Dentista', 'A', 'Virtual', '2017-11-24', '2027-12-10', '2000-05-21'),
('e0ec0843-f73b-4242-b', 'Modelo de moda, arte y publicidad', 'A', 'Virtual', '2018-01-01', '2022-06-11', '2011-05-14'),
('ea3a1455-1c9b-4315-8', 'Profesor de artes', 'D', 'Escolarizado', '2009-01-28', '2011-01-22', '2006-06-07'),
('f592f6e8-64bb-4683-8', 'Empleado de biblioteca', 'A', 'Virtual', '2011-10-06', '2021-03-20', '2011-01-18'),
('f8f5a8ca-9193-456c-a', 'Representante comercial', 'A', 'Mixo', '2020-01-11', '2025-05-13', '2010-05-12'),
('fbe71211-1bca-42b9-8', 'Guardián de prisión', 'A', 'Virtual', '2023-08-19', '2025-11-28', '2022-04-19');

-- --------------------------------------------------------

--
-- Estructura de tabla para la tabla `plataforma`
--

CREATE TABLE `plataforma` (
  `ID_Plataforma` int(11) NOT NULL,
  `Nombre` varchar(50) NOT NULL,
  `CapacidadUsuarios` int(11) NOT NULL,
  `Tipo` varchar(50) NOT NULL,
  `Descripcion` text NOT NULL,
  `URL` varchar(250) NOT NULL,
  `ID_Ciclo` varchar(9) NOT NULL
) ENGINE=InnoDB DEFAULT CHARSET=utf8mb4 COLLATE=utf8mb4_general_ci;

--
-- Volcado de datos para la tabla `plataforma`
--

INSERT INTO `plataforma` (`ID_Plataforma`, `Nombre`, `CapacidadUsuarios`, `Tipo`, `Descripcion`, `URL`, `ID_Ciclo`) VALUES
(1, 'Carrasco-Lara', 4517, 'vitae', 'Velit perferendis similique magnam repellendus blanditiis nemo totam. Labore dolores recusandae laborum ut dolor commodi. Eos nobis voluptas vel.', 'http://jimenez.com/', '072023-10'),
(2, 'Laboratorios Rosas-Cedillo', 2107, 'quia', 'Perferendis consequatur ab animi at similique. Maiores laboriosam iste beatae ea consequuntur. Officia atque tempore voluptatibus.', 'http://www.ortega.com/', '072020-06'),
(3, 'Laboratorios González-Barrera', 2648, 'qui', 'Minus quasi iusto nobis quasi sit. Voluptates laborum earum quidem nesciunt sed sapiente odio.\nUllam rerum doloribus consequatur velit deserunt. Sapiente reprehenderit repudiandae.', 'https://rivera-peralta.com/', '092000-02'),
(4, 'Pacheco, Bustos y Quiñónez', 2801, 'deserunt', 'Excepturi odio ducimus cum accusantium temporibus modi.\nQuia doloremque error. Eaque totam pariatur tempore.', 'http://www.industrias.com/', '092011-05'),
(5, 'Pantoja, Caraballo y Regalado', 5798, 'veniam', 'Maiores qui necessitatibus optio. Debitis ad illum ea ex eum.\nOfficia animi commodi rem sequi fugiat. Reprehenderit aperiam quibusdam sapiente.', 'https://vela.info/', '062001-09'),
(6, 'Grupo Ponce y Pedraza', 3948, 'dolores', 'Ipsa minus asperiores iste autem sapiente. Maxime fugit culpa reiciendis corporis dolores illo consequuntur. Distinctio architecto accusamus odio vel facere asperiores odit.', 'http://de.info/', '052023-10'),
(7, 'Grupo Miramontes, Valentín y Acevedo', 2201, 'reiciendis', 'Praesentium veritatis veritatis dignissimos. Temporibus deserunt eum provident nostrum numquam quibusdam illum. Commodi nulla magnam assumenda.', 'http://medina-pulido.com/', '012022-06'),
(8, 'Gallardo-Aguilar', 2468, 'vel', 'Perspiciatis eos illo modi aliquam. Deleniti aperiam eius totam maxime.', 'https://grupo.biz/', '101999-10'),
(9, 'Ozuna y Caballero S.A. de C.V.', 3896, 'vel', 'Quo tempora nemo fugit provident ex facilis. Veniam ullam incidunt nostrum nihil amet.\nTotam maiores occaecati dolorum magni tempore nulla neque. Ipsa ducimus soluta tenetur sint.', 'http://quintana.net/', '052023-06'),
(10, 'Cano-Bustos', 5015, 'sint', 'Deleniti quibusdam cum earum qui. Provident culpa expedita deleniti. Dolor possimus modi.', 'http://www.pelayo-colunga.net/', '051999-08'),
(11, 'Llamas, Parra y Arias', 3827, 'voluptates', 'Occaecati aspernatur esse. Voluptates dolores tempore reiciendis amet tempora aliquid in.\nEaque unde architecto molestiae. Deleniti sit velit accusantium mollitia dolores dolorum.', 'http://www.carrion.com/', '042017-01'),
(12, 'Club Ruelas, Escobedo y de la Crúz', 8963, 'id', 'Molestiae distinctio aspernatur facilis aut velit explicabo unde. Quia sapiente officia. Quisquam sed voluptate.', 'https://gutierrez.net/', '021995-03'),
(13, 'Proyectos Madrigal, Cintrón y Toro', 9183, 'possimus', 'Voluptate sapiente mollitia quos. Iure error aliquid quasi doloremque dolore perspiciatis.\nImpedit magni harum voluptatum. Tempora earum consectetur aliquid rerum.', 'https://www.hernandes.com/', '102005-10'),
(14, 'Ramón-Pelayo', 3018, 'dolore', 'Exercitationem nihil perferendis itaque vitae eius consectetur recusandae. Ducimus aspernatur illo excepturi optio.', 'http://gamboa.com/', '032019-11'),
(15, 'Aponte-Rodríquez', 6297, 'impedit', 'Itaque incidunt itaque praesentium placeat necessitatibus. Modi atque cum quod qui fugiat quos. Fuga quo blanditiis harum.', 'https://jaramillo-villanueva.com/', '032019-11'),
(16, 'Quiroz y Aponte S.A. de C.V.', 567, 'debitis', 'Earum quae nesciunt quod nobis. Tenetur facilis repudiandae sapiente commodi atque. Veniam vel officiis nam autem quasi id.', 'http://industrias.net/', '031996-02'),
(17, 'Club Bustos y Alarcón', 4671, 'enim', 'Modi cupiditate quam officia possimus deserunt. Error cumque error aliquid.\nFugiat provident mollitia iste voluptatem.', 'http://meraz-caldera.biz/', '102005-10'),
(18, 'Venegas S.A. de C.V.', 109, 'hic', 'Ab molestiae at molestiae sapiente fugiat itaque. Facilis tempora ipsum ab sit dolores similique. Asperiores sunt non dolor non consequuntur impedit.', 'https://www.medina.com/', '062010-03'),
(19, 'Arreola y Caldera A.C.', 6834, 'necessitatibus', 'Aspernatur corporis doloribus facere doloremque dolor. In beatae similique tenetur ipsa incidunt nihil doloremque.\nFacilis non repudiandae. Voluptatibus eveniet excepturi ad quae eos.', 'https://baeza-alvarez.biz/', '011996-06'),
(20, 'Saiz-Venegas', 6124, 'doloribus', 'Eaque iure optio velit eaque magnam commodi. Vitae exercitationem voluptas ducimus nisi exercitationem. Animi voluptatum quasi saepe harum.', 'https://grupo.com/', '051999-08'),
(21, 'Apodaca, Ruelas y Montaño', 5358, 'voluptate', 'Cum alias aliquid quisquam. Voluptate consequatur culpa cupiditate minima dolor. Harum recusandae assumenda vel.', 'https://www.de.com/', '092018-10'),
(22, 'Sierra, Abrego y Bueno', 1407, 'rerum', 'Pariatur vero mollitia at doloremque voluptate.\nMaiores eaque iusto facilis hic tempore dolore. Minus ullam ab vero. Tempore autem voluptate itaque possimus.', 'http://proyectos.com/', '082020-09'),
(23, 'Calderón y Santana y Asociados', 8618, 'exercitationem', 'Ducimus dolor similique quisquam dicta voluptatem inventore. Eveniet doloremque molestias nostrum porro. Necessitatibus ipsam quaerat voluptate qui.', 'https://www.grupo.info/', '122020-10'),
(24, 'Despacho Magaña, Valle y Cedillo', 3034, 'quo', 'Quisquam minima provident repellendus repudiandae.\nQuo placeat labore atque iure dolor.', 'https://www.industrias.com/', '122020-10'),
(25, 'Vásquez y Arellano e Hijos', 3357, 'esse', 'Dicta dolores consectetur quis dolores vitae optio et. Nobis sunt non.\nVoluptate tempore delectus deserunt dicta quam tenetur. Impedit vitae earum saepe doloremque.', 'http://www.jurado-palacios.com/', '012022-06'),
(26, 'Mejía-Ceja S.C.', 4180, 'quasi', 'Necessitatibus perspiciatis minima at eius inventore.\nIn incidunt laudantium facilis. Nostrum quaerat ipsam omnis odit.', 'https://corporacin.com/', '072022-11'),
(27, 'Sierra y Domínguez S. R.L. de C.V.', 209, 'ipsum', 'Minus provident illum consequuntur quod nesciunt.\nLaborum delectus numquam sed iure eligendi. Debitis magnam pariatur eos quae suscipit.\nQuam repellendus quaerat. Deserunt ipsum expedita aliquam.', 'https://laboratorios.com/', '072022-11'),
(28, 'Grupo Vallejo-Sepúlveda', 5820, 'nisi', 'Commodi placeat alias sed eaque quas unde. Commodi voluptates totam est.\nDucimus tempore veniam. At harum tempora deserunt commodi.', 'http://www.becerra-alejandro.net/', '042023-07'),
(29, 'Laboratorios Sanches-Manzanares', 4477, 'aliquid', 'Provident magnam eos quisquam quis accusantium a. Dignissimos porro qui quia voluptas rem cumque distinctio. Quidem vero asperiores. In nobis minima ullam eos vero.', 'http://proyectos.biz/', '022022-03'),
(30, 'Laboratorios Caballero y Collazo', 4549, 'eum', 'Quae expedita inventore incidunt distinctio. Odit a aliquid iure.\nNam consequatur velit quidem sequi. Quo repellat harum sint quidem odit. A perspiciatis est laudantium.', 'http://ulloa-velazquez.com/', '082023-12');

-- --------------------------------------------------------

--
-- Estructura de tabla para la tabla `plataforma_alumno`
--

CREATE TABLE `plataforma_alumno` (
  `ID_Plataforma_Alumno` int(11) NOT NULL,
  `NoControl_Alumno` varchar(8) NOT NULL,
  `ID_Plataforma` int(11) NOT NULL,
  `NombreUsuario` varchar(50) NOT NULL,
  `Contrasenia` varchar(50) NOT NULL
) ENGINE=InnoDB DEFAULT CHARSET=utf8mb4 COLLATE=utf8mb4_general_ci;

--
-- Volcado de datos para la tabla `plataforma_alumno`
--

INSERT INTO `plataforma_alumno` (`ID_Plataforma_Alumno`, `NoControl_Alumno`, `ID_Plataforma`, `NombreUsuario`, `Contrasenia`) VALUES
(1, '03RC0143', 4, 'dalia00', 'Z0F)RIGc&r'),
(2, '27ZU1389', 4, 'samuel04', 'v1Ca$g(F&#'),
(3, '31RC5702', 22, 'ymerino', '&28&Lonjz%'),
(4, '03RC0143', 27, 'ovazquez', 'X%*3Eh(ang'),
(5, '45RV9629', 9, 'gabrielpena', 'Zn0yJNZg_4'),
(6, '55SF0908', 17, 'marcelaposada', '*mj8Wm@#dS'),
(7, '83NH1424', 2, 'eugeniacrespo', '*DHTbEl!05'),
(8, '18DF2919', 19, 'rodriquezesparta', 'f!I8Z3cm&S'),
(9, '34EF1483', 7, 'cardenasamelia', 'y$^9TwekjD'),
(10, '40YR2349', 27, 'hbriseno', '@KY$m&vs7C'),
(11, '50QI9918', 24, 'josefinavillalobos', '9xXgI6p#*1'),
(12, '19TN4271', 19, 'carmenmontes', '^47rE_Eb1f'),
(13, '90TZ2502', 2, 'yamaya', '%2Rr5F4ZM7'),
(14, '21PF9183', 3, 'benitezantonia', '@8pSNApht&'),
(15, '95XO6978', 9, 'ignaciopalomo', 'XM0QXKqz@J'),
(16, '89MG6962', 8, 'valadeztimoteo', '9%P)dCjn+m'),
(17, '91TU0587', 22, 'qoquendo', '$4saBbWa*l'),
(18, '99UX8447', 3, 'raul60', '%Wx3#Okq^V'),
(19, '42TI9379', 12, 'cesar94', 'jN7MlRMyk^'),
(20, '90UZ5358', 14, 'anayaleticia', '3c7XoEpv^3'),
(21, '31RC5702', 27, 'yledesma', '#GhU0R4cn8'),
(22, '40HL1594', 2, 'armascarla', 'k2LMrzNla$'),
(23, '35KN2523', 18, 'arenasanel', '+89BiLsr^F'),
(24, '54HS4839', 2, 'jose-eduardo32', '#9!!^0Y&va'),
(25, '32CH7787', 24, 'nicolas83', 'uH_0kVXc0b'),
(26, '84ND3934', 24, 'qaleman', 'HaDyYpA@$5'),
(27, '46VM3561', 22, 'ilucio', 'R0cZG3yy*n'),
(28, '58OE2832', 4, 'leonel42', '^yxo9Ickio'),
(29, '86BJ1221', 6, 'natalia93', 'p8P5dmm#)A'),
(30, '34MC4909', 6, 'icepeda', '5#Qgq3SX_a'),
(31, '04TD9565', 25, 'loeranoelia', '188vz1V!#x'),
(32, '93IE8601', 21, 'arreolacristina', 'zf5N#WCbY_'),
(33, '46XK7304', 20, 'elisaaguayo', '_Se4GsGXj#'),
(34, '52GN0915', 17, 'conchita21', '_9vMRC6qg!'),
(35, '94UI0330', 25, 'padroncarmen', '_m9Pxd&i^c'),
(36, '31RC5702', 12, 'colungajulio', '_EXbzj0pY5'),
(37, '98ZC3039', 23, 'maganasara', 'x*8AsDHBOi'),
(38, '86QL8367', 4, 'adalbertoabrego', '#RD8uAHuE&'),
(39, '19TQ5831', 25, 'rtrevino', '+5*j2)Ws(e'),
(40, '83NH1424', 13, 'luis-miguelvelasquez', '68yJSBGc^d'),
(41, '78XY9922', 29, 'qaguilar', '4fKN3T&k%O'),
(42, '35LR5617', 4, 'esquibelflorencia', '4*Gy9NUnp)'),
(43, '60LF3292', 22, 'esquibelpablo', 'wYgA26Ge$6'),
(44, '39VP9278', 30, 'nelly61', 'X&2PxE#cjg'),
(45, '19TQ5831', 29, 'biancabenitez', '2wsQ^aao+l'),
(46, '50QI9918', 23, 'itzelrosales', 'DgQ6KbuSQ&'),
(47, '57EG2574', 29, 'maurode-la-rosa', 'XH^4_nEoX%'),
(48, '20JH1744', 20, 'aidamaestas', '7JWdI9N9&v'),
(49, '09KG7755', 22, 'lgalvez', ')iEK9Fu+K0'),
(50, '18DF2919', 17, 'renefajardo', 'lkwgLPXQ@6'),
(51, '52GN0915', 23, 'angelicagaona', '9#$5PW*w1k'),
(52, '41UC2231', 29, 'granadosramon', '^795XQ)qGL'),
(53, '95DH5376', 13, 'zvega', '(IEvS7a*34'),
(54, '82RC4556', 6, 'natalia99', '(QHEZuW#1B'),
(55, '40GT4434', 16, 'qcano', '@__Py3Gr_k'),
(56, '02DS0458', 2, 'zoerivas', ')OT28No2Oo'),
(57, '43UN7413', 16, 'zacariasgranado', '$Q24KKkx+4'),
(58, '55SF0908', 8, 'rosario64', 'DmqYaNE4+7'),
(59, '61BE3603', 10, 'nicolas16', 'M8OdDp@j!7'),
(60, '34EF1483', 25, 'samuel33', '#xPxy*5tS1'),
(61, '82RC4556', 1, 'fblanco', 'OLe1J@Uq*D'),
(62, '63AS9071', 29, 'biancabarrientos', 'VPY0@ThV#0'),
(63, '99UX8447', 1, 'kcuellar', '$qughAhNl1'),
(64, '35LR5617', 26, 'pperea', 'Akru97Akl+'),
(65, '61WG4586', 8, 'villegascynthia', 'M@!4DFlo)v'),
(66, '45RV9629', 7, 'griegoleonel', 'i5tngCEe&D'),
(67, '27ZU1389', 11, 'perlaballesteros', '*23aa5OSku'),
(68, '90TZ2502', 4, 'hugoiglesias', '(m9N&Ho5)l'),
(69, '21PF9183', 25, 'hermelinda23', 'nlb*7WAhCA'),
(70, '95DH5376', 15, 'irael', 'F9M%2A$lxK'),
(71, '34MC4909', 10, 'alonzomiguel', 'If6OIxvL@9'),
(72, '54FB7283', 28, 'daniel27', '#!S3MNkaM2'),
(73, '43AK4528', 5, 'emireles', '7LhIIC7l*j'),
(74, '40YR2349', 30, 'eveliorojas', 'gmo@3GOgK^'),
(75, '99JX5897', 25, 'noelia13', '9OQOt1o+(7'),
(76, '82JP7480', 24, 'wzelaya', 'Z9Gzbf6e*8'),
(77, '31RC5702', 25, 'morenoangela', '!x2pZt$pmt'),
(78, '95DH5376', 22, 'alarconjaqueline', '%8RWzzoj8k'),
(79, '45RV9629', 27, 'granadocristina', 's^GN0fMzB4'),
(80, '25NS5411', 26, 'zamoraernesto', 'Zy9+VJz9__'),
(81, '09FA1846', 19, 'uapodaca', 'r^)9WwXr2g'),
(82, '40GT4434', 27, 'pamelacarranza', 'qSc(D3Is8i'),
(83, '19TQ5831', 23, 'cmuro', 'w17fbOkx!6'),
(84, '14ET6753', 8, 'gbarreto', 'B9YhSiL1#7'),
(85, '28IR2408', 8, 'pinedaleonor', '5^hYu!na(y'),
(86, '84ND3934', 12, 'monicapaez', 'hi(2WeVi0f'),
(87, '54HS4839', 1, 'ichavarria', '%F31Huv_iX'),
(88, '34HX2371', 14, 'guillermo54', '(NXtGE#s2y'),
(89, '77BF8449', 11, 'ymontero', 'f7o8(Aqo(+'),
(90, '03RC0143', 22, 'martinjaimes', '@2CUmfy2_#'),
(91, '46XK7304', 5, 'riosjesus', '^dQm_wf@5T'),
(92, '86QL8367', 30, 'icruz', 'eQ9aVQNal#'),
(93, '43UN7413', 10, 'xfierro', '%^7ElVpnUr'),
(94, '83NH1424', 20, 'virginiatrejo', '(JI$Oj981c'),
(95, '99UX8447', 6, 'adriana87', 'nk8XwN*X6&'),
(96, '90GI3829', 5, 'paulina81', 'o+q586XHpd'),
(97, '03RC0143', 7, 'ramiro21', '%c56%HyXOq'),
(98, '76AE4606', 29, 'vanesa92', '69XsiAU_(t'),
(99, '34EF1483', 1, 'vergaracelia', '&T4dGnzfhF'),
(100, '32CH7787', 23, 'fnunez', 'M5ZhrmdW_B');

-- --------------------------------------------------------

--
-- Estructura de tabla para la tabla `plataforma_empleado`
--

CREATE TABLE `plataforma_empleado` (
  `ID_Plataforma_Empleado` int(11) NOT NULL,
  `ID_Plataforma` int(11) NOT NULL,
  `ID_Empleado` int(11) NOT NULL,
  `NombreUsuario` varchar(50) NOT NULL,
  `Contrasenia` varchar(50) NOT NULL
) ENGINE=InnoDB DEFAULT CHARSET=utf8mb4 COLLATE=utf8mb4_general_ci;

--
-- Volcado de datos para la tabla `plataforma_empleado`
--

INSERT INTO `plataforma_empleado` (`ID_Plataforma_Empleado`, `ID_Plataforma`, `ID_Empleado`, `NombreUsuario`, `Contrasenia`) VALUES
(1, 15, 56, 'prietocarolina', '!kT%j7OvZ@'),
(2, 17, 275, 'sonia81', '*VloPsQ$21'),
(3, 13, 56, 'cvasquez', 'R35DDaR&@M'),
(4, 10, 235, 'benitezpablo', 'cBd#(4Wdit'),
(5, 15, 160, 'alvaro84', '&u4kRc@rq4'),
(6, 23, 364, 'rodriguezalejandro', 'U302)tAsJ#'),
(7, 30, 44, 'rtafoya', '(rMyYt&e)2'),
(8, 18, 27, 'pascualmata', 'AFv8+Iy8_!'),
(9, 20, 301, 'qnazario', '1VtMC+Y%#r'),
(10, 23, 340, 'camilavillareal', '%7pNh56s)K'),
(11, 28, 263, 'asuncionvargas', '4cZu!%ug$W'),
(12, 19, 197, 'oscar74', 'O&4D@fyJ^U'),
(13, 23, 334, 'esperanza94', '(WM&6cvRY3'),
(14, 11, 239, 'tde-la-garza', 'Ca08JVs3_*'),
(15, 20, 207, 'bmeza', '6^u4hAqwF('),
(16, 12, 356, 'imarroquin', 'joe2^gFy#w'),
(17, 7, 202, 'celia16', '(lSc(b$0!9'),
(18, 13, 94, 'yuridiauribe', 'd(1b8EXe@j'),
(19, 6, 9, 'jsolorio', '0vYWHE*p*4'),
(20, 14, 171, 'reynaldo62', '3HvSdXy5!A'),
(21, 21, 85, 'anabel83', 'F(N1yJ4klH'),
(22, 24, 370, 'estebancamarillo', '_sLZULP^!4'),
(23, 27, 215, 'uzamora', 'Lr93K!*p0^'),
(24, 27, 307, 'francisco85', 'ye*@0xSjSM'),
(25, 4, 351, 'vmanzanares', 'v9A6Lm$a(k'),
(26, 27, 212, 'lucerofidel', '%SNSxGyd(6'),
(27, 14, 228, 'zoe16', 'I1FXwn2F%7'),
(28, 23, 234, 'rojoyeni', '_VZFCeOxg3'),
(29, 17, 310, 'kmedina', '%0J1ehTgz8'),
(30, 29, 209, 'adela05', '$Eb6CRUk1A'),
(31, 18, 188, 'indira74', 'nE165wXy$p'),
(32, 11, 315, 'karinabueno', 'n)z02ScixM'),
(33, 21, 72, 'wordonez', '2@527yWqDI'),
(34, 21, 224, 'gabinobecerra', '9_K87ag@#m'),
(35, 29, 247, 'miriammontano', '%8VQHhJdXm'),
(36, 22, 333, 'romocarolina', 'Y)s6QrwuoA'),
(37, 25, 16, 'zaragozaeduardo', 'tMqq2E1dy('),
(38, 21, 97, 'rjaquez', '^1Lgb*f28U'),
(39, 13, 398, 'tacuna', '#3amB5Ub5U'),
(40, 30, 50, 'fonsecagabriel', 'qxhe9KMi^p'),
(41, 30, 110, 'leonor87', 'Qv5A(+Zdq('),
(42, 3, 43, 'elvira48', '2OZu7*BG*4'),
(43, 19, 96, 'reynaldo46', 'T!04Ci(^)J'),
(44, 6, 67, 'serafinduarte', 'y5rCf&1M*T'),
(45, 10, 340, 'esmeralda38', ')XONvU$q(3'),
(46, 28, 379, 'felipevega', 'v5$6ACrgL_'),
(47, 29, 65, 'mitzyparedes', 'Ze3_Mzvw)('),
(48, 7, 203, 'de-la-oflorencia', 'jnaN#Icy+1'),
(49, 25, 143, 'sofia65', '(FLg0Lsxl7'),
(50, 5, 230, 'wcalvillo', 'k$erd82vyW'),
(51, 29, 356, 'alma81', '#B(Xp2NA(7'),
(52, 27, 247, 'angelicaportillo', 'J7141QsJZ!'),
(53, 19, 188, 'mtrevino', '(6A0+yCXBA'),
(54, 1, 246, 'garaymarco-antonio', '^cSkm$Wx)7'),
(55, 9, 123, 'sotelocristobal', '!57bmI9eJx'),
(56, 17, 58, 'jdavila', '+I9yMyr3^@'),
(57, 27, 337, 'nellyorellana', 'R4WAA6pA@#'),
(58, 4, 268, 'garzaalvaro', ')I9oRo&c0B'),
(59, 28, 227, 'carlota31', '+Ij2OYiGr+'),
(60, 14, 240, 'ramon63', 's+c6cXxhRf'),
(61, 26, 225, 'emilianobarragan', '^6ZrdojqED'),
(62, 15, 361, 'rosaliacortes', '(0ByZA2l2W'),
(63, 4, 125, 'rubenelizondo', '@(N7zAhck@'),
(64, 13, 389, 'xtamez', 'Q*b6RIfQ)&'),
(65, 7, 142, 'trinidadgaona', '##IN@xH9@0'),
(66, 20, 135, 'avera', 'D5g&B2Vb)o'),
(67, 11, 364, 'evaldez', '#$ukh7Tsyk'),
(68, 10, 255, 'jcollado', '@fP)+m5_E6'),
(69, 30, 382, 'eugeniazayas', '(1Y82OPy%8'),
(70, 2, 62, 'camposdulce-maria', '85LHS%l_^&'),
(71, 24, 293, 'quinonezsonia', '!eNlS@Ngj1'),
(72, 4, 137, 'rodrigo85', 'Mt*ltQ!E@1'),
(73, 25, 89, 'napodaca', ')#^7)mCi!d'),
(74, 6, 10, 'isaacelizondo', 'h@75GjUO*C'),
(75, 15, 36, 'rodrigotrevino', '183ZnuSq$y'),
(76, 23, 100, 'israel40', '9WAlWgta*V'),
(77, 24, 219, 'cornelio00', 'dC8k85xzn('),
(78, 1, 91, 'andresbaca', '_8i)TWienl'),
(79, 7, 377, 'balderasmercedes', 'T!aq%3XsYu'),
(80, 17, 7, 'velezjavier', 's%m7ujJlK+'),
(81, 25, 199, 'eugeniolimon', '1PnK!6MvKx'),
(82, 23, 287, 'baezayuridia', '%LG5X8wsT%'),
(83, 9, 39, 'mariselaaguayo', '1(wkU0Pbv0'),
(84, 2, 58, 'alejandrotamez', 'Dc#un0!A!1'),
(85, 7, 267, 'prietofelipe', 'WK5wXhZoX^'),
(86, 22, 156, 'tijerinaemilio', 'c9@KuRg6(X'),
(87, 4, 201, 'ralmaraz', '+J$YXe)zU7'),
(88, 30, 294, 'beltranmarisol', '#^2Bke2ud+'),
(89, 18, 172, 'ibarranicolas', '!s6MrQZf%u'),
(90, 25, 52, 'emilianorubio', '!6JIfy%Png'),
(91, 28, 24, 'francisco45', 't7Jo@ZE1#D'),
(92, 17, 300, 'vicente36', '6)G1QmzwqE'),
(93, 25, 120, 'galvezblanca', '$o(e9T(j7l'),
(94, 27, 348, 'anabelaltamirano', '_!nWDsUK7l'),
(95, 24, 18, 'veramauro', 'A&9CaWwwY0'),
(96, 10, 150, 'normamuniz', 'c+KZ2NKzlv'),
(97, 10, 371, 'judith97', '^c8tHpxGNF'),
(98, 22, 325, 'zbadillo', 'mlvA9BpG%8'),
(99, 28, 201, 'jprieto', 'w3NJ40@g(6'),
(100, 16, 90, 'casarescarlos', 'S874MljF!^');

-- --------------------------------------------------------

--
-- Estructura de tabla para la tabla `postgrado`
--

CREATE TABLE `postgrado` (
  `ID_Postgrado` int(11) NOT NULL,
  `Nombre` varchar(100) NOT NULL,
  `Duracion` tinyint(2) NOT NULL,
  `ObjetivoGeneral` text NOT NULL,
  `ObjetivosEspecificos` text NOT NULL,
  `LineaInvestigacion` varchar(50) NOT NULL,
  `PerfilEgreso` text NOT NULL,
  `PerfilIngreso` text NOT NULL
) ENGINE=InnoDB DEFAULT CHARSET=utf8mb4 COLLATE=utf8mb4_general_ci;

--
-- Volcado de datos para la tabla `postgrado`
--

INSERT INTO `postgrado` (`ID_Postgrado`, `Nombre`, `Duracion`, `ObjetivoGeneral`, `ObjetivosEspecificos`, `LineaInvestigacion`, `PerfilEgreso`, `PerfilIngreso`) VALUES
(1, 'Mtro. Javier Posada', 5, 'Laboriosam sunt cum ipsam. Repudiandae ipsum consequatur harum itaque.', 'Fuga impedit rem. Maxime id vitae.', 'moderador nacional multilateral', 'Vitae perferendis ea omnis earum. Dignissimos deserunt quaerat culpa libero neque.', 'Vel quisquam quidem illo. Atque recusandae corporis sunt cupiditate ipsa deserunt.'),
(2, 'Óliver Juan Sepúlveda Vega', 5, 'Ipsa aperiam excepturi ab fuga odio porro. Alias ratione numquam voluptatibus ea dolorem rerum.', 'Beatae error nam neque dicta amet saepe. Quisquam neque sed dolor iste nostrum ullam. Magnam assumenda maxime fugiat libero ex doloremque atque.', 'interfaz multimedia visionario', 'Repellat beatae porro ullam exercitationem nemo soluta. Vero iure expedita tempora dolorem illum inventore autem.', 'Nihil repudiandae aliquam. Nobis ipsum labore aspernatur. Omnis non asperiores cupiditate quis omnis ea.'),
(3, 'Lic. Emilio Guzmán', 5, 'Autem dicta facilis quibusdam. Nulla sint blanditiis voluptas eveniet. Earum vero quidem eos quasi hic ex.', 'Rem in dolorem incidunt possimus vel eligendi.', 'base del conocimiento nueva generación mejorado', 'Sed veritatis vel repudiandae voluptatum in. Ducimus incidunt nam hic harum perspiciatis dicta.', 'Iusto vel praesentium inventore omnis culpa ex. Non minus ad nemo sed.'),
(4, 'Genaro Abrego Baca', 3, 'Voluptates nulla consequatur. Minus quia sapiente deserunt amet.', 'Rerum facilis inventore nemo fuga. Quae molestiae ex architecto. Voluptatem tenetur placeat inventore natus eum quisquam.', 'gestión presupuestaria misión crítica preventivo', 'Corporis aperiam vero ad eum optio est. Nostrum voluptatibus ab nemo consequatur. Autem veniam repellat repudiandae quisquam tenetur voluptatibus.', 'Beatae tempore officia minima odio placeat sunt. Ad repellat repellat quas eos molestias rem. Enim exercitationem magnam.'),
(5, 'Mtro. Eugenio Lozano', 4, 'Officiis neque aspernatur et nam. Odit ratione inventore vero.', 'Non quaerat minima natus deserunt incidunt beatae aliquid. Tenetur nostrum a facilis sint voluptatum.', 'actitud alto nivel progresivo', 'Quo aperiam modi ut molestiae voluptatum. Laboriosam porro modi nesciunt eum. Ratione nihil cupiditate mollitia facere dolorem.', 'Nisi occaecati ab dolor aperiam tenetur suscipit. Magni minus eum sit. Hic odit harum possimus quae.'),
(6, 'Ángela Rebeca Macías', 4, 'Autem laborum quibusdam quod nesciunt earum. Laudantium voluptate sed optio. In dolore beatae aliquid quod cumque consectetur. Dignissimos dignissimos nisi magnam.', 'Omnis soluta dolorum voluptates.', 'conglomeración escalable multiplataforma', 'Nesciunt ipsam iusto odit nihil. A odit sunt occaecati quidem incidunt. Error inventore possimus delectus earum distinctio.', 'Temporibus labore recusandae aut. Cum aperiam doloremque delectus consectetur.'),
(7, 'Sr(a). Hilda Pedroza', 4, 'Harum ipsa expedita error nisi commodi. Saepe veniam atque voluptate animi sint pariatur.', 'Quod libero accusamus assumenda.', 'complejidad radical versátil', 'Explicabo eveniet neque. Eaque rerum deleniti possimus saepe. Laudantium optio delectus velit vel illum.', 'Delectus nostrum quis dolore accusantium debitis non. Corporis officia explicabo magni quod sequi. Temporibus molestias maiores iusto velit quibusdam enim.'),
(8, 'Helena Óliver Baca Bravo', 5, 'Expedita vel est harum. Similique illum accusantium culpa nulla. Quas blanditiis earum amet quae cumque corporis.', 'Consequuntur adipisci explicabo iure reiciendis. Odio eveniet quidem itaque laboriosam culpa.', 'conjunto 24/7 basado en funcionalidad', 'Illum illo dolor ipsa occaecati maxime qui. Consectetur esse cum provident neque aspernatur. Atque voluptates hic nobis ut architecto.', 'Omnis alias animi sequi. Quibusdam omnis autem dolorem sed facilis maiores. Cum magnam repudiandae unde itaque minus deserunt.'),
(9, 'Josefina Eloy Porras', 4, 'Fugit ducimus laudantium sunt aperiam eligendi. Debitis maiores omnis quidem. Quis sint sint tempore possimus ipsum.', 'Voluptates eaque quibusdam. Enim voluptas sint possimus facilis.', 'productividad interactiva adaptativo', 'Assumenda rem distinctio ut. Sit tempora aliquid officiis nisi ut. Veritatis officiis ab aliquam.', 'Assumenda animi dignissimos recusandae quidem illo. Vel consequatur dolore quos incidunt hic illo. Sequi eveniet sint hic sed deleniti.'),
(10, 'Benito Diana Esquibel Fajardo', 4, 'Culpa totam possimus nam sunt. Dolores mollitia praesentium.', 'Optio ex nam impedit. Ab fugit deleniti provident qui occaecati facilis.', 'contingencia maximizada mejorado', 'Est vitae excepturi.', 'Sint ullam amet. Voluptatibus facilis consequatur vel eligendi eum.'),
(11, 'Felipe Andrés Escamilla', 5, 'Earum libero sequi non praesentium omnis voluptates. Quos amet possimus expedita nesciunt odio harum.', 'At suscipit perspiciatis eius nihil. Impedit nihil tempore provident. Aliquid cum a. Accusantium nemo laborum deserunt.', 'portal dedicada sincronizado', 'Assumenda ipsum ipsa.', 'Ullam qui illum. Voluptates nulla nostrum modi aperiam commodi rem.'),
(12, 'Mtro. Abraham Pulido', 4, 'Blanditiis dolore voluptas est consequuntur totam. Molestias quasi expedita veniam provident facilis maxime.', 'Doloremque ducimus impedit incidunt. Dolorem maxime facilis necessitatibus inventore. Eligendi eum quam incidunt similique repudiandae.', 'emulación móvil horizontal', 'Minus perspiciatis quaerat molestiae. Veniam est quia itaque aliquid.', 'Facilis commodi cumque. Neque debitis dolor aspernatur.'),
(13, 'Mtro. Jaime Solano', 5, 'Ea dicta placeat neque.', 'Nesciunt autem expedita minima et veritatis nobis. Iste fugiat quisquam esse incidunt minima veniam. Laboriosam dignissimos voluptatum nam. Provident dolore saepe asperiores.', 'paradigma multitarea integrado', 'Veritatis quod ipsa quo. Corrupti debitis explicabo voluptate. Perferendis magnam dolorem magni.', 'Quasi cum aliquid facere dolores architecto. Nihil deserunt sint.'),
(14, 'Dr. Amanda Gálvez', 3, 'Maiores eligendi tenetur ipsum possimus. Alias expedita harum labore delectus possimus.', 'Est inventore deleniti voluptate. Nisi placeat laborum voluptatem. Laboriosam harum minima molestias.', 'solución nueva generación automatizado', 'Voluptas fuga expedita eius. Quasi esse alias libero. Omnis enim dolorum ratione nostrum dolores molestias. Iure repudiandae omnis suscipit maiores alias ex voluptate.', 'Illum ducimus minima repellat nesciunt. Ad voluptates perspiciatis. Dolorum et neque vel cum ipsa.'),
(15, 'Joaquín Rosa Barraza', 4, 'Quos cum debitis voluptas amet facilis nobis. Eius hic perferendis soluta reprehenderit consequuntur vitae. Cumque incidunt quos quod placeat quibusdam natus nam.', 'Saepe totam iure quam saepe alias. Ipsum id asperiores vitae aut nemo voluptate sed. Accusamus maxime neque quaerat.', 'base del conocimiento misión crítica enfocado a ga', 'Nobis dolor consequatur. Neque corrupti voluptates atque cumque. Earum reiciendis deleniti quas qui.', 'Quos corrupti quae odit omnis. Ratione numquam autem magnam explicabo voluptatem quis. Dolores vero id nemo placeat.'),
(16, 'Andrés Ángel Guardado', 3, 'Asperiores suscipit ex exercitationem. Non sed fuga ad sit architecto magni pariatur. Asperiores mollitia quibusdam saepe tempora modi quibusdam.', 'Quasi pariatur a. Nobis deleniti facere consequatur ipsam corrupti dignissimos. Natus commodi sunt nulla perferendis dolor. Quaerat impedit illum pariatur veniam commodi doloribus.', 'complejidad acompasada proactivo', 'Enim debitis earum similique quod maiores ratione.', 'Aperiam aliquid commodi inventore illo necessitatibus. Nihil mollitia quae ducimus magnam repellendus.'),
(17, 'Francisco Velázquez', 5, 'Nulla placeat mollitia et sint. Recusandae animi modi nemo.', 'Esse quisquam quia nemo. Omnis inventore architecto laudantium cum totam. Tempore architecto delectus iste iusto sed accusamus.', 'productividad tolerancia cero basado en objetos', 'Consequuntur mollitia dignissimos temporibus. Laboriosam adipisci soluta error.', 'Debitis odio tenetur dolores fugit. Illo fuga cum magnam sed at.'),
(18, 'Jonás Ceballos', 3, 'Culpa fugiat officia. Fugit maxime itaque. Eos repellat aliquam.', 'Qui accusantium dicta ut saepe et sint. Expedita culpa iusto exercitationem doloribus.', 'focus group misión crítica reducido', 'Tenetur culpa consectetur excepturi libero libero. Accusamus fuga explicabo necessitatibus expedita sit itaque. Eligendi aspernatur debitis perspiciatis laborum.', 'Architecto eveniet sunt laudantium itaque. Consectetur dolores accusantium cumque iusto animi. Deserunt possimus provident sapiente odio adipisci.'),
(19, 'Gerardo Luis Villareal Sisneros', 3, 'Molestias repudiandae quia placeat autem illum. Amet quod doloremque quasi beatae quisquam dicta.', 'Assumenda temporibus pariatur beatae consequatur mollitia voluptatum excepturi. Nulla corporis dignissimos odio ad.', 'interfaz gráfico de usuario nacional ergonómico', 'Earum earum quia veniam dolorum. Autem odit modi eum hic. Porro praesentium nobis eos eligendi neque.', 'Totam laudantium minus fugit ipsam consectetur sequi. Exercitationem delectus eaque architecto ratione perferendis consectetur facere. Deleniti nam omnis dolores dignissimos aperiam.'),
(20, 'Eugenio Montero', 5, 'Distinctio rerum debitis maiores incidunt non. Illum ipsam est ex vero. Necessitatibus temporibus consectetur voluptatum.', 'Tempora ab dolores ullam occaecati suscipit perspiciatis. Asperiores reprehenderit a reprehenderit beatae. Quaerat voluptates eveniet labore.', 'interfaz gráfico de usuario asimétrica multicanal', 'Cumque pariatur minima labore sequi accusantium. Impedit consequatur magni eligendi error porro. Tempora numquam architecto vitae doloremque consequuntur adipisci.', 'Velit laboriosam autem dolores. Quod id quae quibusdam eaque. Ea perferendis impedit.'),
(21, 'Salma Bianca Saavedra', 3, 'Pariatur voluptate iste minus hic. Molestias deserunt at perferendis dignissimos odit tenetur eius.', 'Quibusdam saepe doloribus voluptates. Occaecati doloribus esse itaque minima praesentium ut officia. Quos expedita cum illum odit ullam consequuntur.', 'política radical compatible', 'Earum illum beatae totam itaque odit dolor. Esse iusto a eveniet.', 'Ipsum ipsum quam ex alias quasi incidunt. Eligendi officia aut beatae minus iure.'),
(22, 'Anel Prieto Colón', 3, 'Veniam tempore autem quod unde. Numquam natus accusamus quod illo vero ad numquam.', 'Non velit odio officia id ullam excepturi. Voluptates dolor laborum minima soluta blanditiis dolorem. Veritatis alias eius optio.', 'conglomeración motivadora seguro', 'Saepe unde cupiditate unde. Commodi pariatur natus harum dolorum officia maiores. Mollitia maxime esse cum ea.', 'Repudiandae minus sapiente iure quia quod esse. Dolore soluta laudantium sunt eligendi asperiores.'),
(23, 'Pamela Mora', 3, 'Harum quos a. Eveniet voluptatem modi error non ea ducimus.', 'Veritatis vel quidem doloribus delectus minus error. Perspiciatis laudantium iusto aliquam maxime eos commodi. A aliquid possimus architecto.', 'arquitectura secundaria fundamental', 'Delectus tenetur ratione laudantium recusandae nisi. Tenetur veniam repellendus nisi earum veritatis optio ad. Quidem at beatae occaecati vitae. Voluptatum pariatur placeat earum.', 'Error earum nisi minima officia quisquam provident natus.'),
(24, 'Esther Oswaldo Ornelas Armenta', 4, 'Excepturi a dolor perferendis. Corrupti sequi doloremque accusamus voluptates. Eaque officia officia vel sint harum esse.', 'Fugiat nostrum recusandae. Voluptatibus culpa ut repudiandae.', 'complejidad multimedia enfocado', 'Impedit sapiente at. Odio odit molestiae earum. Beatae adipisci ea et vel doloribus consectetur. Voluptate tempora voluptates quia error explicabo dolore.', 'Explicabo numquam quo nostrum. Dolorum incidunt quia labore quaerat.'),
(25, 'Mariana Carrillo', 5, 'Laudantium sequi voluptate maxime accusamus. Molestias sequi ipsam distinctio.', 'Tempora doloribus officiis cupiditate maiores. Sequi dicta ab rerum corrupti dolorem. Quidem consectetur hic mollitia aspernatur officiis tenetur.', 'encriptar analizada cara a cara', 'Quia minus nobis amet nulla nisi quo dolores. Quibusdam itaque aliquam exercitationem aut. Nam debitis esse eveniet corrupti hic.', 'Modi quos itaque laborum. Exercitationem autem consequatur.'),
(26, 'Lorenzo Yolanda Villagómez', 3, 'Quia blanditiis modi asperiores. Voluptatem expedita quia molestiae quibusdam odit. Sit eum necessitatibus quibusdam ducimus eligendi placeat aut. Illo nobis incidunt enim reprehenderit amet.', 'Minima laudantium voluptatibus consectetur delectus accusantium adipisci voluptatibus. Quae animi blanditiis reprehenderit doloribus voluptates. Eius nemo in impedit maxime quos mollitia.', 'soporte 6ta generación recontextualizado', 'Enim aliquid eum quidem quia quae dolorem velit. Veritatis quasi ipsum facere dolore cum.', 'Consequuntur dolorem officia labore voluptate ratione. Perspiciatis cum aut impedit officia.'),
(27, 'Miguel Ángel Mateo Hinojosa', 4, 'Esse iusto quis aspernatur nulla necessitatibus. Amet sit voluptatibus at eum.', 'Voluptatum nisi sint sit. Exercitationem soluta minus dicta error doloremque exercitationem.', 'interfaz gráfico de usuario no-volátil total', 'Excepturi accusamus vero alias rerum ducimus. Temporibus laudantium dolor quaerat. Excepturi eaque necessitatibus ut laudantium doloremque voluptatem.', 'Debitis nostrum quia voluptatem. Inventore eum officia ea animi repellat quod.'),
(28, 'Soledad Marisela Méndez', 3, 'Saepe dicta alias corporis. Nam dignissimos aliquid. Expedita commodi consequatur aspernatur quasi. Odit expedita vel.', 'Quod aperiam dolorem eum vitae. Odio voluptatibus dolorem fuga laudantium. Aperiam exercitationem sequi distinctio hic ipsum sint.', 'conjunto de instrucciones asimétrica exclusivo', 'Qui esse harum. Explicabo voluptas mollitia unde nostrum deleniti.', 'Sit dolores eaque enim voluptatibus commodi. Nulla esse vitae assumenda.'),
(29, 'María Cristina Gilberto Rosales Lemus', 5, 'Rem sit veniam necessitatibus aliquam ad. Tenetur assumenda debitis dicta enim esse. Quas rerum minima eaque eius dolores.', 'Similique voluptates velit pariatur autem animi maxime illo.', 'aplicación no-volátil optimizado', 'Consectetur similique explicabo iure. A quae suscipit.', 'Excepturi alias reiciendis est. Distinctio consequatur magni voluptatum. Odit beatae autem debitis unde beatae corrupti.'),
(30, 'Luz Villegas', 5, 'Numquam molestias dolor non ipsam ab consectetur. At placeat dolore maiores dicta modi quos.', 'Neque tenetur deserunt animi nesciunt in impedit unde. Aperiam animi tempora praesentium tenetur.', 'estrategia heurística virtual', 'Voluptates quibusdam suscipit ab. Id illo saepe itaque.', 'Qui animi dolor totam repudiandae libero. Tempore voluptatum iste porro fugit magnam. Nemo est praesentium impedit ad.');

-- --------------------------------------------------------

--
-- Estructura de tabla para la tabla `reticula`
--

CREATE TABLE `reticula` (
  `Clave` varchar(13) NOT NULL,
  `ClaveOficial_Materia` varchar(8) NOT NULL,
  `Clave_Plan_Estudios` varchar(20) NOT NULL
) ENGINE=InnoDB DEFAULT CHARSET=utf8mb4 COLLATE=utf8mb4_general_ci;

--
-- Volcado de datos para la tabla `reticula`
--

INSERT INTO `reticula` (`Clave`, `ClaveOficial_Materia`, `Clave_Plan_Estudios`) VALUES
('00e395ec-5b18', '2ebe7f02', '377ce425-c440-4541-a'),
('04e357c4-484f', 'c0cc6b4a', 'fbe71211-1bca-42b9-8'),
('075aea0f-0d79', 'd603a97e', '7c476e60-5882-48e2-b'),
('09ffd965-853d', '859d3e3d', 'd9d0bd8d-8084-4bb0-a'),
('0e80c99b-1b96', '2ebe7f02', 'd9d0bd8d-8084-4bb0-a'),
('0fe3bb24-f367', 'ef79bbc1', 'd41f691b-6bf4-41ca-9'),
('0fe83506-8224', 'a4251ba1', 'd41f691b-6bf4-41ca-9'),
('133844f1-e1d3', 'b6bcdf1e', 'd41f691b-6bf4-41ca-9'),
('15119765-0b89', 'c49f10c9', 'bc5f46b7-426b-49e1-8'),
('158ffe1c-520d', 'e6d4f0de', '7c476e60-5882-48e2-b'),
('15db3bf5-c388', '7db15a7f', 'fbe71211-1bca-42b9-8'),
('198026f8-eb39', '173c04a4', '59d0ba5d-4700-41d6-9'),
('1a4cfabe-8638', 'd36a0d41', '0272dfd4-2b0f-4b30-8'),
('1be26321-b881', '317f7fa9', '377ce425-c440-4541-a'),
('2611c1c8-cb9f', 'c781dbb5', 'd41f691b-6bf4-41ca-9'),
('26aa0aaf-d18b', 'a0de9342', 'fbe71211-1bca-42b9-8'),
('286f5e54-793b', 'b6bcdf1e', 'f592f6e8-64bb-4683-8'),
('2e862045-382b', '9c8ca026', 'cc321fcb-b037-4940-8'),
('2f1e8e0e-ca0f', '125125eb', 'f8f5a8ca-9193-456c-a'),
('37b3f037-8077', '17ed995e', '31cebd4c-2025-419e-a'),
('428b354f-d5d4', 'd36a0d41', '118724dd-bad6-461e-9'),
('4424af20-74e9', '3a2a24ce', '75889f74-bffd-4b2c-a'),
('463f1df4-fa46', 'd603a97e', 'f592f6e8-64bb-4683-8'),
('46fa979f-9cb7', '477cbd5f', '7c476e60-5882-48e2-b'),
('4a43d4cf-ef9d', 'e5eb6f96', '118724dd-bad6-461e-9'),
('4a4598ac-fc36', '8a59d920', '91144168-da99-43c8-9'),
('4c24b333-9bf9', 'f6e8ed68', 'b234991f-5d0e-4254-a'),
('4d2e2cd8-d502', 'a56ce6b0', 'f8f5a8ca-9193-456c-a'),
('52845dee-f4f4', 'e6d4f0de', '359a3631-9016-4478-b'),
('545974ea-23cc', 'd1dbfe59', 'cfb8ac8d-daff-4add-a'),
('5a3c0dec-e36b', '7db15a7f', '118724dd-bad6-461e-9'),
('64d7f41b-9e68', '2ebe7f02', 'e0ec0843-f73b-4242-b'),
('65d48da1-d61b', '317f7fa9', '359a3631-9016-4478-b'),
('6d18ee69-d00a', 'b38fd2a7', 'cd978421-22b9-4956-a'),
('6f898aac-7d91', '47c23f08', 'bd0f47dd-4089-4643-9'),
('702376b9-ef9d', 'b6bcdf1e', '359a3631-9016-4478-b'),
('7711cba5-5b1c', 'c1515bfc', '2d49608e-1072-4c5a-a'),
('780f7e77-438a', 'db320eb1', 'f8f5a8ca-9193-456c-a'),
('78629352-f8b5', '23edc6f1', '75889f74-bffd-4b2c-a'),
('7b72bd4f-39f6', 'ec69de2e', 'd194d7cb-e5e7-4b0a-a'),
('7cbd5ec7-92c3', 'f6e8ed68', 'fbe71211-1bca-42b9-8'),
('7f14c7dd-074c', '5360a060', '601d4dcd-69af-45ef-8'),
('7f4df651-5847', '9177926e', '91144168-da99-43c8-9'),
('8140f9cd-3b29', '9c458df1', 'e0ec0843-f73b-4242-b'),
('815738be-22e7', '47c23f08', 'd3f24c16-3e16-4ca9-9'),
('82d5bd24-66e5', 'aebd67d3', 'bc5f46b7-426b-49e1-8'),
('835e0925-5e49', '3b4d43e2', 'cfb8ac8d-daff-4add-a'),
('848dcd71-a936', '5a230f43', '118724dd-bad6-461e-9'),
('86d108b7-8d57', '21bfea0d', 'cd978421-22b9-4956-a'),
('86fdca1c-2673', 'd1dbfe59', 'cc321fcb-b037-4940-8'),
('87a49fbd-d80a', '173c04a4', '91144168-da99-43c8-9'),
('890c8579-1c9d', '377884ac', 'd3f24c16-3e16-4ca9-9'),
('8a60e0e7-0cd2', '23dd09ac', '6ff690ad-43b0-4129-8'),
('8ae9d4da-3e04', '7780a18c', 'f592f6e8-64bb-4683-8'),
('8b9aa6e0-1ce1', '6a43ff98', 'f592f6e8-64bb-4683-8'),
('900eef36-73e9', 'c2e0b5ff', 'd41f691b-6bf4-41ca-9'),
('9aa5a375-7f3c', '032d79bc', 'cc321fcb-b037-4940-8'),
('9bedfff6-a684', '48712b08', 'ab34b649-0935-4787-b'),
('9c1bf5a8-194d', 'ef79bbc1', '59d0ba5d-4700-41d6-9'),
('a518a6b8-5a9a', '6b997887', '2d49608e-1072-4c5a-a'),
('a8bc506e-f077', 'cf1aecfb', '601d4dcd-69af-45ef-8'),
('a94c113c-b5bf', 'd603a97e', '822feee6-4af5-45db-a'),
('ad9facac-2ae4', '4301f5f6', '7c476e60-5882-48e2-b'),
('b56783f9-841a', 'f6fbcebf', 'ea3a1455-1c9b-4315-8'),
('b647c991-369b', 'b38fd2a7', '2d49608e-1072-4c5a-a'),
('b6c7a76f-7577', 'd3418a91', 'f592f6e8-64bb-4683-8'),
('ba2f0d0b-6c87', '31f7b8c6', 'fbe71211-1bca-42b9-8'),
('baf1e208-820a', '5b51f0d4', 'ea3a1455-1c9b-4315-8'),
('bcc7a565-a17a', '9a3bf587', '822feee6-4af5-45db-a'),
('bce9ff72-6fff', '0b2f84cb', '377ce425-c440-4541-a'),
('c4454c8b-6db9', 'f2d5fb4c', '601d4dcd-69af-45ef-8'),
('c6726bdf-5c27', 'c113980f', '75889f74-bffd-4b2c-a'),
('c7129c4e-cffb', '9c458df1', '31cebd4c-2025-419e-a'),
('c721b4a9-9a0b', 'a18f76fa', '118724dd-bad6-461e-9'),
('c7d7b91c-0555', '9a3bf587', 'cfb8ac8d-daff-4add-a'),
('c849dfe1-6d5d', '752828be', 'ab34b649-0935-4787-b'),
('c93cdefe-d2c0', '8f6ffd7f', '91144168-da99-43c8-9'),
('c9799059-74e7', '4c379be3', 'cfb8ac8d-daff-4add-a'),
('c97be6a3-a257', 'ec69de2e', 'd3f24c16-3e16-4ca9-9'),
('caa5e583-8a1b', 'e9897b50', 'b234991f-5d0e-4254-a'),
('cb0d89e5-19d5', '9177926e', 'f592f6e8-64bb-4683-8'),
('cd484825-ded6', 'fcfd19ac', '6ff690ad-43b0-4129-8'),
('d963b696-9bb8', 'ed6e94bb', 'd194d7cb-e5e7-4b0a-a'),
('d9f4d2d9-34d0', '23edc6f1', '7c476e60-5882-48e2-b'),
('db859b41-e23a', 'c113980f', 'f592f6e8-64bb-4683-8'),
('dd3e20f8-c1e3', '8562a43e', '601d4dcd-69af-45ef-8'),
('dd73d45f-4415', '9177926e', 'b234991f-5d0e-4254-a'),
('de7180bf-b84e', '17e2f751', 'fbe71211-1bca-42b9-8'),
('e4a777df-f02b', 'd4da94d0', '2d49608e-1072-4c5a-a'),
('e6fe5df0-ffc1', '9e248620', 'b234991f-5d0e-4254-a'),
('e78b11c4-e2c8', 'a18f76fa', '601d4dcd-69af-45ef-8'),
('eb3115c0-0069', '8562a43e', 'cd978421-22b9-4956-a'),
('edf87c1e-34f2', '20132a05', '601d4dcd-69af-45ef-8'),
('ee4a9157-553d', 'd36a0d41', 'bd0f47dd-4089-4643-9'),
('f1fac807-ffbf', '52b7b41b', 'cfb8ac8d-daff-4add-a'),
('f4abe022-c352', 'aebd67d3', 'cc321fcb-b037-4940-8'),
('f53e176f-fb9c', 'e83e55ef', '601d4dcd-69af-45ef-8'),
('fc85ede7-91fd', '7db15a7f', 'e0ec0843-f73b-4242-b'),
('fdc4dea0-8ed1', 'c781dbb5', '118724dd-bad6-461e-9'),
('ff9d9c17-ddff', '8a59d920', '9f0f1a93-f269-40da-b');

-- --------------------------------------------------------

--
-- Estructura de tabla para la tabla `servicio_social`
--

CREATE TABLE `servicio_social` (
  `ID_Servicio_Social` int(11) NOT NULL,
  `NoControl_Alumno` varchar(8) NOT NULL,
  `FechaInicio` date NOT NULL,
  `FechaFin` date NOT NULL,
  `HorasPlaneadas` float NOT NULL,
  `HorasLaboradas` float NOT NULL,
  `NombreLugar` varchar(100) NOT NULL,
  `AreaAplicacion` varchar(50) NOT NULL
) ENGINE=InnoDB DEFAULT CHARSET=utf8mb4 COLLATE=utf8mb4_general_ci;

--
-- Volcado de datos para la tabla `servicio_social`
--

INSERT INTO `servicio_social` (`ID_Servicio_Social`, `NoControl_Alumno`, `FechaInicio`, `FechaFin`, `HorasPlaneadas`, `HorasLaboradas`, `NombreLugar`, `AreaAplicacion`) VALUES
(1, '20JH1744', '1999-08-04', '2015-11-06', 86, 57, 'Club Serna y Villarreal', 'Entrenador deportivo'),
(2, '31OZ9989', '2009-04-25', '2014-07-31', 70, 17, 'Padrón-Prieto', 'Profesional de nivel medio de partería'),
(3, '28IR2408', '2019-09-24', '2021-05-03', 208, 67, 'Dávila-Raya S.C.', 'Administrador de sistemas'),
(4, '49CF4395', '2001-08-28', '2008-05-17', 125, 61, 'Archuleta S.C.', 'Piloto de aviación'),
(5, '40GT4434', '2012-12-27', '2021-10-28', 450, 86, 'Patiño-Barreto y Asociados', 'Ggeofísico'),
(6, '80QE2191', '2003-09-08', '2019-05-21', 194, 52, 'Laboratorios Heredia-Lomeli', 'Profesional de nivel medio de servicios estadístic'),
(7, '04MB8674', '2013-12-29', '2020-09-14', 382, 295, 'Grupo Almanza-Estévez', 'Historiador'),
(8, '10BM0122', '2011-02-01', '2011-02-20', 301, 282, 'Zúñiga, Covarrubias y Ayala', 'Fabricante de instrumentos musicales'),
(9, '95XO6978', '2012-03-06', '2015-05-27', 158, 113, 'Proyectos Meléndez-Bustamante', 'Mampostero'),
(10, '34EF1483', '2001-07-23', '2014-05-17', 491, 92, 'Industrias Serrano y Pantoja', 'Trabajador ambulante de servicios'),
(11, '14ET6753', '2001-07-24', '2020-10-09', 232, 217, 'Club Gutiérrez y Arevalo', 'Ayudante de cocina'),
(12, '89MG6962', '2020-09-30', '2023-06-29', 180, 106, 'Farías-Mata S.A. de C.V.', 'Peletero'),
(13, '40YR2349', '2000-02-18', '2003-08-12', 328, 144, 'Medrano y Esquivel S.C.', 'Soplador de vidrio'),
(14, '43AK4528', '2022-08-15', '2023-12-21', 244, 172, 'Garibay-Rosas', 'Peón de la construcción de edificios'),
(15, '27ZU1389', '2016-04-26', '2023-06-15', 229, 202, 'Despacho Vásquez y Morales', 'Mensajero'),
(16, '14ET6753', '2004-10-18', '2021-11-16', 127, 94, 'Despacho Arias y Regalado', 'Técnico en operaciones de tecnología de la informa'),
(17, '83XK1745', '2012-04-10', '2016-11-30', 188, 50, 'Orosco, Zúñiga y Alcala', 'Profesor de idiomas'),
(18, '21PF9183', '1999-05-31', '2009-02-26', 107, 74, 'Laboratorios Soto y Palomo', 'Conductor de taxis'),
(19, '89LS8809', '2010-02-16', '2016-11-24', 383, 340, 'Hidalgo-Cruz', 'Trabajador comunitario de la salud'),
(20, '54FB7283', '2014-10-18', '2018-05-25', 158, 109, 'Delgadillo S.A.', 'Analista de sistemas'),
(21, '60LF3292', '2012-09-26', '2013-04-27', 79, 28, 'Paz, Gil y Tijerina', 'Camarero de barra'),
(22, '99ZT9504', '2018-01-04', '2024-01-25', 273, 22, 'Proyectos Urías-Quintanilla', 'Conductor de motocicletas'),
(23, '82RC4556', '2012-02-05', '2020-07-21', 377, 184, 'Cuellar y Alonso S.A.', 'Policías'),
(24, '40HL1594', '2008-04-07', '2018-11-09', 171, 12, 'Bañuelos, Espinal y Zayas', 'Orfebre'),
(25, '21PF9183', '2021-06-02', '2022-01-09', 361, 51, 'Laboy-Merino', 'Escritor'),
(26, '88KW9350', '2013-01-01', '2018-09-30', 415, 41, 'Angulo-Carrillo', 'Patronista y cortador de tela'),
(27, '43UN7413', '2013-01-14', '2018-06-19', 458, 100, 'Gaona-Matías', 'Analista financiero'),
(28, '02DS0458', '2019-04-02', '2023-12-19', 255, 205, 'Toro S.C.', 'Diseñador gráfico'),
(29, '78NW4307', '2017-02-08', '2021-12-16', 397, 366, 'Enríquez-Puente', 'Cortador de vidrio'),
(30, '10BM0122', '2016-02-12', '2019-05-15', 93, 90, 'Club Arreola, Curiel y Gómez', 'Técnico de radiodifusión y grabación audio visual'),
(31, '10BM0122', '2022-09-08', '2023-06-26', 138, 88, 'Pichardo-Ybarra', 'Empleado del servicio de personal'),
(32, '61BE3603', '2022-07-28', '2023-07-07', 446, 373, 'Cuellar y Gamez S.C.', 'Pulidor de metales y afilador de herramientas'),
(33, '98YS9997', '2005-05-06', '2008-02-03', 242, 70, 'Club Delgado y Chacón', 'Educador para necesidades especiales'),
(34, '01BD4854', '2021-02-27', '2021-09-02', 98, 6, 'Varela-Muro e Hijos', 'Diseñador de prendas'),
(35, '76AE4606', '2010-10-25', '2013-04-22', 52, 12, 'Castro-Jaime', 'Vendedor de quioscos y de puestos de mercado'),
(36, '98ZC3039', '2010-02-26', '2022-03-10', 282, 163, 'Corporacin Jasso y Becerra', 'Colchonero'),
(37, '06TG5783', '2022-04-11', '2022-10-24', 79, 68, 'Club Cortés, Olivárez y Serna', 'Cocinero de comidas rápidas'),
(38, '61BE3603', '2001-06-12', '2002-08-08', 394, 110, 'Espinoza, Ordóñez y Vaca', 'Electricista de obras'),
(39, '45RV9629', '2016-02-08', '2021-07-10', 431, 414, 'Villalobos-Quesada y Asociados', 'Empleado de archivos'),
(40, '09KG7755', '2023-01-23', '2024-01-18', 415, 10, 'Laboratorios Quiñónez, Castro y Lucero', 'Deportista'),
(41, '19TQ5831', '2000-10-05', '2004-08-07', 424, 363, 'Industrias Garibay, Olivas y Pabón', 'Operador de instalaciones de procesamiento de la m'),
(42, '35KN2523', '2017-03-01', '2019-04-10', 335, 332, 'Abrego-Rodríquez e Hijos', 'Empleado del servicio de personal'),
(43, '52GN0915', '2023-03-16', '2023-07-05', 119, 59, 'Sisneros, Ordóñez y Treviño', 'Operador de máquinas de procesamiento de texto y m'),
(44, '89LS8809', '2023-03-28', '2023-05-11', 334, 235, 'Arroyo-León', 'Zapatero'),
(45, '82RC4556', '2011-09-15', '2021-12-07', 324, 233, 'Proyectos Peña y Vásquez', 'Administrador de sistemas'),
(46, '03RC0143', '2009-01-15', '2015-04-28', 440, 311, 'Madera, Vega y Verduzco', 'Operario del tratamiento de la madera'),
(47, '22NZ7522', '2007-06-15', '2009-06-30', 182, 129, 'Jaramillo-Garza S.A.', 'Fabricante de instrumentos musicales'),
(48, '40HL1594', '2020-01-01', '2022-04-09', 187, 44, 'Lozano, Marín y Tórrez', 'Director de ventas y comercialización'),
(49, '65PJ8580', '2002-11-15', '2010-12-25', 195, 32, 'Orozco-Monroy S.C.', 'Administrador de sistemas'),
(50, '49CF4395', '2002-01-21', '2013-04-21', 202, 83, 'Medina-Jáquez', 'Personal de limpieza');

-- --------------------------------------------------------

--
-- Estructura de tabla para la tabla `tesis`
--

CREATE TABLE `tesis` (
  `ID_Tesis` int(11) NOT NULL,
  `Titulo` varchar(100) NOT NULL,
  `Resumen` text NOT NULL,
  `FechaPublicacion` date NOT NULL,
  `Colaborador` varchar(250) DEFAULT NULL,
  `ID_Titulacion` int(11) NOT NULL
) ENGINE=InnoDB DEFAULT CHARSET=utf8mb4 COLLATE=utf8mb4_general_ci;

--
-- Volcado de datos para la tabla `tesis`
--

INSERT INTO `tesis` (`ID_Tesis`, `Titulo`, `Resumen`, `FechaPublicacion`, `Colaborador`, `ID_Titulacion`) VALUES
(1, 'Esse libero eos aliquam ea consectetur culpa.', 'Vitae voluptatibus veniam vel est nulla perferendis. Officia tempora minus cupiditate tempora iusto consectetur.', '2014-08-23', 'Anel Amador Zaragoza', 48),
(2, 'Quo aliquid id error ipsam quae pariatur.', 'Nostrum iure eos expedita soluta quaerat praesentium. Error voluptate unde dicta quidem officia.', '2012-12-26', NULL, 22),
(3, 'Vero sunt reprehenderit quae.', 'Nemo laudantium ut temporibus quidem. Delectus voluptatibus quaerat odio eius animi. Ullam cum facilis ab.', '2022-10-16', 'Ing. Cristian Barajas', 44),
(4, 'Nostrum vero rem reiciendis.', 'Harum laudantium numquam optio sed. Repudiandae voluptatem sequi natus ullam necessitatibus quo.', '2015-05-23', NULL, 18),
(5, 'Nobis pariatur nihil amet ut corporis.', 'Officiis amet voluptate ipsum distinctio nesciunt. Cumque praesentium est dolorum facilis reiciendis eveniet.', '2020-12-26', 'Sr(a). Fabiola Serrano', 23),
(6, 'Architecto molestiae ad at blanditiis.', 'Harum natus doloribus temporibus minima non quasi. Illo alias tenetur cum vero nobis nisi ut. Tempora sed reprehenderit veniam modi autem.', '2008-01-07', 'Dr. María José Lucio', 7),
(7, 'Illo ipsa modi eum harum unde.', 'Accusamus cum quia cupiditate. Voluptate aliquam sit ipsam vero aliquam odio.', '2014-12-29', 'Gustavo Natalia Cisneros', 43),
(8, 'Nulla explicabo voluptatem corrupti eum numquam incidunt officiis.', 'Cupiditate saepe deleniti officia veniam totam cumque. Temporibus amet illum molestias nihil ipsam. Error cupiditate aspernatur ad necessitatibus fugiat odit.', '2016-09-13', 'Rebeca Pacheco Barrios', 2),
(9, 'Quae velit provident quis occaecati repudiandae velit.', 'Molestiae laborum esse inventore explicabo maxime doloribus. Quae ipsa magnam maiores ipsum dolor sapiente eaque. Asperiores cum nam laboriosam optio voluptatibus. Distinctio error laboriosam ab iste maiores aperiam.', '2007-03-07', NULL, 11),
(10, 'Sed amet accusamus aperiam maxime quia laboriosam.', 'Perspiciatis ad nisi nobis corporis dolores. Velit ducimus est est aperiam. Magnam tenetur ipsa corrupti dignissimos vel magnam. Quod doloremque enim fuga.', '2011-05-15', NULL, 4),
(11, 'Officia nulla rerum asperiores optio est asperiores.', 'Voluptate suscipit eos quidem esse. Illum vel nostrum aliquid aliquam magni ea at. Unde neque saepe ab aliquam.', '2020-01-27', NULL, 44),
(12, 'Quo cum expedita temporibus veniam.', 'Vero corporis soluta ullam. Laborum accusantium voluptatum accusantium error placeat.', '2016-01-06', NULL, 26),
(13, 'Accusamus incidunt officia quisquam ipsam molestias accusantium ullam.', 'Perspiciatis ut tempore cupiditate accusamus dolor nobis. Odio asperiores nesciunt saepe. Tempora quasi ullam officiis sed nam rerum.', '2009-11-27', 'Norma Germán Laureano Alcántar', 13),
(14, 'Aliquam expedita ipsa nihil ratione aut corrupti alias.', 'Placeat modi voluptatum nam laboriosam. Ducimus recusandae architecto.', '2008-04-26', NULL, 43),
(15, 'Molestias dicta odio corrupti atque repellendus suscipit.', 'Quaerat eum perferendis est quo quo fugit officia. Iure sunt odit nam. Libero ullam tempore harum nostrum.', '2004-04-07', 'Víctor Ana María Arenas', 26),
(16, 'Labore quibusdam id.', 'Quia harum doloremque. Sit impedit placeat deserunt. Voluptatem suscipit aspernatur debitis.', '2017-06-08', NULL, 40),
(17, 'Temporibus odit omnis est quibusdam veniam nihil.', 'In error porro laudantium minima. Eligendi saepe architecto quae.', '2021-10-26', NULL, 26),
(18, 'Quis molestiae delectus fugit facilis.', 'Fugit repellendus cum fuga magnam iste explicabo earum. Commodi delectus fugit sint est sunt dignissimos.', '2021-04-05', NULL, 5),
(19, 'Architecto quisquam dignissimos error maiores veritatis.', 'Facere aliquid vel similique impedit incidunt voluptatem. Alias amet soluta quasi iusto tempora. Nostrum impedit reprehenderit praesentium aspernatur corrupti asperiores ducimus.', '2005-10-04', 'Delia Cordero', 5),
(20, 'Numquam quasi praesentium explicabo.', 'Eaque alias corrupti perspiciatis itaque aliquam. Dicta cupiditate sint nemo ullam nostrum quia corrupti. Neque unde molestias dolore neque. Molestias quos provident alias incidunt nesciunt.', '2020-01-24', NULL, 32),
(21, 'Adipisci itaque quis at.', 'Tempora nihil aliquid nemo porro fuga ipsum provident. Rem ullam quo hic vero nam.', '2005-04-05', 'Silvano Carreón Castellanos', 16),
(22, 'Mollitia dolorem temporibus dignissimos eveniet adipisci.', 'Qui dicta odit soluta accusantium praesentium. Esse ducimus natus et laboriosam quo error. Quod nesciunt ex earum. Ea labore veniam iusto iste velit.', '2021-02-07', NULL, 5),
(23, 'Omnis officia deleniti asperiores voluptatum cupiditate qui maxime.', 'A est libero provident molestias accusantium officia. Consectetur ipsum consequatur.', '2015-12-05', 'Rolando Óscar Murillo', 9),
(24, 'Distinctio architecto nesciunt quas.', 'Earum molestias vel nulla. Cumque vero quaerat atque repellat dicta. Quaerat mollitia vitae atque quam modi ex. Soluta ipsam minus cupiditate deserunt eum.', '2005-08-30', 'Úrsula Agustín Galván', 37),
(25, 'Error fuga architecto vel at.', 'Sit sit pariatur in. Sit rem quod aliquam cumque quod.', '2006-05-21', 'Micaela Dolores Carbajal Beltrán', 21),
(26, 'Nulla nisi inventore dolorum temporibus eligendi.', 'Autem aperiam tempora reprehenderit enim. Ullam alias reprehenderit nostrum ex reprehenderit.', '2015-05-15', 'Conchita Chapa Adame', 28),
(27, 'Eum accusamus unde perferendis dicta voluptatem possimus.', 'Totam a nobis voluptates. Reiciendis modi quidem est.', '2007-03-05', 'Alfredo René Jurado Rojas', 37),
(28, 'Animi beatae est hic labore doloribus nostrum quis.', 'Quibusdam exercitationem accusantium architecto. Consequuntur id alias eaque numquam exercitationem.', '2008-04-14', 'Aida Lorena Villarreal', 3),
(29, 'Et ipsam maiores asperiores eius illo fugiat.', 'Voluptas consectetur quam modi blanditiis ducimus quo. Officiis quod labore consectetur dolor. Autem aliquid saepe repellendus voluptate eum architecto.', '2021-06-19', NULL, 31),
(30, 'Assumenda laborum odit sequi ab ratione voluptatibus.', 'Adipisci at libero quae eum eius dolore. Voluptatibus consequatur veritatis delectus quod iste sequi. Optio odit illum iure a quisquam.', '2009-04-29', NULL, 42),
(31, 'Repellendus a alias natus occaecati rerum.', 'Dolore ut molestiae assumenda a voluptates nulla. Eos error nam error non.', '2017-11-09', NULL, 9),
(32, 'Iusto quam maiores debitis maxime.', 'Possimus ipsum iste vero aliquam. Perferendis similique corporis nobis velit.', '2004-03-16', NULL, 42),
(33, 'Delectus accusamus maxime tempore.', 'Architecto natus nobis commodi. Eaque dolorem perferendis. Laboriosam ad facilis suscipit eaque magni fugiat.', '2020-09-02', NULL, 25),
(34, 'Unde reprehenderit libero.', 'Laborum tempora delectus porro. Labore eaque hic aperiam veniam. Consectetur placeat commodi dolor consequuntur.', '2019-03-25', NULL, 27),
(35, 'Ipsam itaque quibusdam.', 'Quas aspernatur eius aut quisquam. Necessitatibus occaecati nobis doloremque delectus voluptate.', '2013-03-15', NULL, 26),
(36, 'Consequatur suscipit error laudantium.', 'Voluptatibus aliquam fuga sint. Corporis provident blanditiis quas autem possimus.', '2004-02-06', NULL, 24),
(37, 'Sequi doloremque molestiae id.', 'Officia voluptatibus voluptates error. Accusamus eligendi vitae enim.', '2018-03-17', NULL, 25),
(38, 'Aperiam fuga voluptate totam quas eius accusamus.', 'Natus fugiat occaecati inventore accusamus delectus necessitatibus. Ipsa nisi ea sunt.', '2011-04-06', 'Olivia Claudia Ceja', 36),
(39, 'Quos eius recusandae laboriosam voluptates.', 'Ullam maxime facilis dolor. Quos laboriosam vitae incidunt laborum voluptas.', '2018-01-31', NULL, 1),
(40, 'Pariatur enim quae.', 'Consequuntur eius quo doloribus laudantium. Blanditiis pariatur perspiciatis ex itaque nulla voluptatum.', '2009-04-12', NULL, 35),
(41, 'Fuga velit eos ea eligendi fuga.', 'Nesciunt fugiat nam quaerat pariatur omnis nisi veritatis. Suscipit natus veniam reiciendis mollitia vero fuga.', '2018-05-08', 'Trinidad Montoya de la Rosa', 50),
(42, 'Cumque optio nesciunt eum.', 'Expedita consequatur pariatur unde in consequatur ducimus. Similique quam tempore eius nesciunt saepe aliquid. Vel modi aliquam aperiam. Libero nihil at corrupti nesciunt.', '2020-02-01', 'Julio César Gamboa', 13),
(43, 'Velit ducimus natus architecto.', 'Sequi expedita possimus nesciunt. Animi at velit qui culpa.', '2020-03-10', NULL, 14),
(44, 'Harum maiores quod aliquam dolorem porro sapiente.', 'Consectetur repudiandae iste molestiae. Commodi facilis natus excepturi exercitationem. Aspernatur hic facilis praesentium inventore.', '2006-01-17', NULL, 22),
(45, 'Saepe ad fugiat.', 'Repellat molestiae illum excepturi dignissimos animi libero.', '2022-10-01', NULL, 20),
(46, 'Quaerat fugit quam nemo odit mollitia harum.', 'Id ratione ipsum qui laborum labore. Labore impedit suscipit odio tempore officia at. Minus culpa dolores accusamus voluptatibus adipisci repudiandae. Voluptate ratione vero.', '2015-02-21', NULL, 13),
(47, 'Tempore aspernatur quo sunt reprehenderit rem amet.', 'Sed alias dolorem exercitationem. Eum consequatur nesciunt quibusdam.', '2004-06-09', 'Patricio Solorio Mota', 7),
(48, 'Dolorum doloremque natus vitae neque.', 'Consequuntur impedit consectetur voluptate. Debitis fugit impedit ducimus voluptates voluptate.', '2022-07-11', NULL, 7),
(49, 'Fuga doloribus optio.', 'Reiciendis quam numquam porro. Quisquam id enim qui consequatur maxime ad ullam.', '2006-10-15', NULL, 12),
(50, 'Optio laudantium atque.', 'Ut iusto magni voluptatem excepturi temporibus. Dicta ea dignissimos odit deserunt voluptates quae. Officiis voluptatem praesentium labore.', '2007-12-01', NULL, 38);

-- --------------------------------------------------------

--
-- Estructura de tabla para la tabla `titulacion`
--

CREATE TABLE `titulacion` (
  `ID_Titulacion` int(11) NOT NULL,
  `NoControl_Alumno` varchar(8) NOT NULL,
  `Asesor` int(11) NOT NULL,
  `Grado` varchar(100) NOT NULL,
  `Area` varchar(50) NOT NULL,
  `FechaTitulacion` date NOT NULL,
  `Division` varchar(20) NOT NULL,
  `Objetivo` text NOT NULL,
  `Calificacion` float NOT NULL
) ENGINE=InnoDB DEFAULT CHARSET=utf8mb4 COLLATE=utf8mb4_general_ci;

--
-- Volcado de datos para la tabla `titulacion`
--

INSERT INTO `titulacion` (`ID_Titulacion`, `NoControl_Alumno`, `Asesor`, `Grado`, `Area`, `FechaTitulacion`, `Division`, `Objetivo`, `Calificacion`) VALUES
(1, '43AK4528', 12, 'Doctorado', 'Administrador de sistemas', '2015-10-27', 'Gestión', 'Et laborum illum velit voluptate eum magnam nesciunt magni.', 9.27),
(2, '34MC4909', 23, 'Doctorado', 'Empleado de servicios estadísticos, financieros y ', '2021-06-28', 'Gestión', 'Id delectus a excepturi vero vitae maiores beatae ipsam laborum.', 7.25),
(3, '25MC3793', 11, 'Licenciatura', 'Bordador', '2005-08-13', 'Industrial', 'Veniam non quidem tempora dolor maxime in eaque ipsa accusamus.', 7.38),
(4, '52GN0915', 15, 'Maestria', 'Auxiliar laico de las religión', '2016-04-09', 'Industrial', 'Beatae deleniti totam voluptatibus commodi itaque voluptate fugiat omnis.', 9.04),
(5, '63AS9071', 19, 'Doctorado', 'Jefe de pequeñas poblaciones', '2016-09-18', 'Industrial', 'Illum expedita adipisci totam occaecati unde.', 9.51),
(6, '90UZ5358', 17, 'Maestria', 'Guardagujas', '2006-10-01', 'Gestión', 'Commodi vel necessitatibus voluptatem iure eius.', 9.57),
(7, '46VM3561', 19, 'Licenciatura', 'Guardafrenos', '2012-12-11', 'Gestión', 'Aperiam voluptatem dignissimos cumque fugiat atque.', 6.86),
(8, '22NZ7522', 24, 'Doctorado', 'Especialista en métodos pedagógicos', '2021-04-11', 'Industrial', 'Mollitia debitis deserunt doloribus modi sunt excepturi temporibus.', 7.9),
(9, '39VP9278', 18, 'Licenciatura', 'Diseñador de prendas', '2004-03-12', 'Turismo', 'Provident voluptas alias velit libero dolor a magnam unde ratione.', 8.33),
(10, '42TI9379', 2, 'Licenciatura', 'Desarrollador de software', '2004-10-25', 'Gestión', 'Dignissimos aliquam ipsa doloribus aspernatur assumenda dolore pariatur.', 6.98),
(11, '25MC3793', 12, 'Doctorado', 'Fabricante de instrumentos musicales', '2016-09-27', 'Gestión', 'Quidem non laudantium molestiae dolorum earum aliquam.', 7.99),
(12, '20JH1744', 19, 'Maestria', 'Peón de obras públicas y mantenimiento', '2009-03-23', 'Turismo', 'Placeat unde distinctio voluptatibus alias.', 8.88),
(13, '32GT2424', 27, 'Maestria', 'Limpiador y asistente doméstico', '2021-03-23', 'Gestión', 'Recusandae placeat doloribus architecto praesentium.', 7.65),
(14, '99UX8447', 20, 'Maestria', 'Oficial maquinistas en navegación', '2010-03-02', 'Turismo', 'Nobis fuga officia officia est corrupti nam assumenda vel.', 9.51),
(15, '63AS9071', 12, 'Doctorado', 'Focumentalista', '2012-06-11', 'Turismo', 'Iste animi hic dolore error recusandae dolor.', 7.77),
(16, '84ND3934', 3, 'Maestria', 'Asistente farmacéutico', '2009-03-11', 'Gestión', 'Quasi odit aut architecto aperiam.', 6.13),
(17, '76AE4606', 17, 'Maestria', 'Agente inmobiliario', '2013-07-01', 'Informática', 'Provident quam et magni neque quaerat dolore.', 8.82),
(18, '82RC4556', 9, 'Licenciatura', 'Empleado de servicios de transporte', '2023-02-24', 'Turismo', 'Veniam ipsa at eius asperiores perferendis.', 9.14),
(19, '55SF0908', 28, 'Maestria', 'Asesor financiero y en inversiones', '2023-02-10', 'Sistemas', 'Illo officia et facere nihil est nisi velit.', 8.34),
(20, '35LR5617', 1, 'Licenciatura', 'Electricista de obras', '2020-08-19', 'Gestión', 'Assumenda in dolores veritatis aliquid.', 9.41),
(21, '68PQ8052', 6, 'Maestria', 'Economista', '2015-10-07', 'Sistemas', 'Repellendus vitae error alias eaque.', 7.65),
(22, '84ND3934', 22, 'Doctorado', 'Perforador y sondista de pozos', '2021-04-07', 'Sistemas', 'Minus error quod quos harum consequuntur nobis perferendis voluptatem nemo.', 8.06),
(23, '14ET6753', 21, 'Maestria', 'Operador de máquinas para fabricar productos de ma', '2014-08-24', 'Gestión', 'Error debitis autem minus quibusdam soluta expedita unde fugiat dolor.', 9.13),
(24, '84ND3934', 16, 'Licenciatura', 'Regulador y operador de máquinas de labrar madera', '2017-09-12', 'Sistemas', 'Nemo quisquam quasi dolore ut iure ipsa quod asperiores.', 9.34),
(25, '30HA9209', 16, 'Maestria', 'Profesional de nivel medio de partería', '2015-12-20', 'Industrial', 'Architecto vero ratione laborum fugiat porro porro possimus.', 8.91),
(26, '86BJ1221', 22, 'Maestria', 'Cazador', '2020-04-24', 'Informática', 'Amet at velit ipsa eum iste aperiam.', 8.6),
(27, '89FW4755', 25, 'Licenciatura', 'Catador de bebidas', '2004-05-12', 'Turismo', 'Totam cupiditate tempora exercitationem id.', 6.75),
(28, '91TU0587', 26, 'Doctorado', 'Peón de explotaciones de cultivos mixtos y ganader', '2010-09-26', 'Sistemas', 'Qui nostrum maiores molestiae ipsa ipsum recusandae ipsum.', 6.63),
(29, '45RV9629', 23, 'Licenciatura', 'Adivinador', '2012-01-04', 'Industrial', 'Alias eius quibusdam fugit architecto.', 9.89),
(30, '60LF3292', 14, 'Maestria', 'Operador de máquinas para fabricar productos fotog', '2017-06-20', 'Informática', 'Harum tenetur id itaque corporis ex id architecto itaque.', 8.68),
(31, '01BD4854', 4, 'Doctorado', 'Modelador de vidrio', '2011-07-21', 'Sistemas', 'Id voluptatem tenetur eum soluta quo nulla.', 9.26),
(32, '83NH1424', 23, 'Licenciatura', 'Secretario jurídicos', '2011-01-31', 'Turismo', 'Laborum numquam magni quisquam eveniet occaecati consequatur.', 8.5),
(33, '84ND3934', 4, 'Licenciatura', 'Empleado de centro de llamadas', '2023-10-22', 'Sistemas', 'Tenetur id soluta sit tempore sint harum earum nam.', 9.34),
(34, '06TG5783', 19, 'Maestria', 'Profesional de ventas técnicas y médicas', '2013-05-24', 'Gestión', 'Asperiores corrupti repellendus dolores suscipit laudantium aliquam dolore sit nulla illo.', 9.78),
(35, '32GT2424', 20, 'Licenciatura', 'Técnico de la Web', '2018-04-24', 'Industrial', 'Iusto dolorem quibusdam explicabo maxime.', 7.8),
(36, '41UC2231', 24, 'Maestria', 'Herramentista', '2015-02-25', 'Gestión', 'Molestias possimus aliquid accusamus voluptates consequuntur.', 9.14),
(37, '27ZU1389', 21, 'Licenciatura', 'Trabajador de cuidados personales en instituciones', '2017-05-31', 'Turismo', 'Quae accusamus dignissimos adipisci labore harum.', 8.18),
(38, '33QB2164', 12, 'Doctorado', 'Conductor de vehículos y máquinas de tracción anim', '2022-07-25', 'Turismo', 'Dolore cumque atque earum esse officia delectus sunt.', 9.08),
(39, '50QI9918', 22, 'Maestria', 'Auxiliar de maestro', '2023-10-06', 'Gestión', 'Exercitationem quam repellendus labore cum id eius optio consectetur voluptatibus.', 7.12),
(40, '59RL9112', 8, 'Maestria', 'Periodista', '2009-08-30', 'Turismo', 'Aut iure quasi sapiente totam.', 9.05),
(41, '76AE4606', 6, 'Maestria', 'Delineante', '2009-10-10', 'Informática', 'Aperiam similique unde dicta fuga reiciendis culpa consectetur nisi animi.', 7.55),
(42, '89FW4755', 17, 'Licenciatura', 'Laminador de vidrio', '2006-04-21', 'Turismo', 'Quaerat libero non soluta eos perspiciatis.', 6.54),
(43, '25MC3793', 22, 'Licenciatura', 'Diseñador de interior', '2022-01-30', 'Sistemas', 'Quae laborum ratione non consequuntur fuga et dolor rerum.', 8.67),
(44, '99ZT9504', 6, 'Doctorado', 'Chef', '2013-12-14', 'Sistemas', 'Pariatur veritatis pariatur doloremque minus suscipit quo a tenetur quibusdam.', 6),
(45, '22NZ7522', 14, 'Licenciatura', 'Profesional en redes de computadores', '2006-07-14', 'Gestión', 'Exercitationem pariatur magni molestiae officiis illum alias numquam facilis quidem nulla.', 7.15),
(46, '73AJ8606', 21, 'Licenciatura', 'Técnico de radiodifusión y grabación audio visual', '2019-04-17', 'Turismo', 'Iure cum blanditiis minima voluptas.', 9.14),
(47, '21PF9183', 2, 'Doctorado', 'Gerente de hoteles o restaurantes', '2011-07-07', 'Sistemas', 'Qui provident odit laboriosam aut assumenda illum animi architecto quod.', 6.43),
(48, '04TD9565', 29, 'Doctorado', 'Gerente de hoteles o restaurantes', '2017-06-21', 'Gestión', 'Officia atque nesciunt voluptas ipsam qui rem aperiam et explicabo.', 8.18),
(49, '70SO8844', 8, 'Maestria', 'Costurero', '2023-05-04', 'Informática', 'Pariatur praesentium iste odio eveniet.', 9.46),
(50, '90GI3829', 26, 'Doctorado', 'Director de servicios de cuidado de las personas d', '2021-08-10', 'Gestión', 'Illo sed assumenda in.', 9.28);

--
-- Índices para tablas volcadas
--

--
-- Indices de la tabla `administrativo`
--
ALTER TABLE `administrativo`
  ADD PRIMARY KEY (`ID_Empleado`);

--
-- Indices de la tabla `alumno`
--
ALTER TABLE `alumno`
  ADD PRIMARY KEY (`NoControl`),
  ADD UNIQUE KEY `CURP` (`CURP`),
  ADD UNIQUE KEY `CorreoInstitucional` (`CorreoInstitucional`),
  ADD UNIQUE KEY `NSS` (`NSS`) USING HASH,
  ADD KEY `ID_Estatus_Estatus` (`ID_Estatus_Estatus`);

--
-- Indices de la tabla `alumno_clase`
--
ALTER TABLE `alumno_clase`
  ADD PRIMARY KEY (`ID_GRUPO`),
  ADD KEY `ID_CLASE` (`ID_CLASE`),
  ADD KEY `NoControl_Alumno` (`NoControl_Alumno`);

--
-- Indices de la tabla `alumno_licenciatura`
--
ALTER TABLE `alumno_licenciatura`
  ADD PRIMARY KEY (`ID_Alumno_Licenciatura`),
  ADD KEY `ID_Licenciatura` (`ID_Licenciatura`),
  ADD KEY `NoControl_Alumno` (`NoControl_Alumno`);

--
-- Indices de la tabla `alumno_postgrado`
--
ALTER TABLE `alumno_postgrado`
  ADD PRIMARY KEY (`ID_Alumno_Postgrado`),
  ADD KEY `ID_Postgrado` (`ID_Postgrado`),
  ADD KEY `NoControl_Alumno` (`NoControl_Alumno`);

--
-- Indices de la tabla `aula`
--
ALTER TABLE `aula`
  ADD PRIMARY KEY (`ID_Aula`),
  ADD KEY `ID_Edificio` (`ID_Edificio`);

--
-- Indices de la tabla `aula_mobiliario`
--
ALTER TABLE `aula_mobiliario`
  ADD PRIMARY KEY (`ID_Aula_Mobiliario`),
  ADD KEY `ID_Mobiliario` (`ID_Mobiliario`),
  ADD KEY `ID_Aula` (`ID_Aula`);

--
-- Indices de la tabla `beca`
--
ALTER TABLE `beca`
  ADD PRIMARY KEY (`ID_Beca`);

--
-- Indices de la tabla `beca_alumno`
--
ALTER TABLE `beca_alumno`
  ADD PRIMARY KEY (`ID_Beca_Alumno`),
  ADD KEY `ID_Beca` (`ID_Beca`),
  ADD KEY `NoControl_Alumno` (`NoControl_Alumno`);

--
-- Indices de la tabla `calificacion`
--
ALTER TABLE `calificacion`
  ADD PRIMARY KEY (`ID_Evalucacion`),
  ADD KEY `Clave_Curso` (`Clave_Curso`),
  ADD KEY `NoControl_Alumno` (`NoControl_Alumno`),
  ADD KEY `ID_Estatus_Estatus` (`ID_Estatus_Estatus`);

--
-- Indices de la tabla `certificacion_alumno`
--
ALTER TABLE `certificacion_alumno`
  ADD PRIMARY KEY (`ID_Certificacion_Alumno`),
  ADD KEY `ID_Certificado` (`ID_Certificado`),
  ADD KEY `NoControl_Alumno` (`NoControl_Alumno`),
  ADD KEY `ID_Estatus` (`ID_Estatus`);

--
-- Indices de la tabla `certificado`
--
ALTER TABLE `certificado`
  ADD PRIMARY KEY (`ID_Certificado`),
  ADD KEY `ID_Convenio` (`ID_Convenio`);

--
-- Indices de la tabla `certificado_empleado`
--
ALTER TABLE `certificado_empleado`
  ADD PRIMARY KEY (`ID_Certificacion_Empleado`),
  ADD KEY `ID_Certificado` (`ID_Certificado`),
  ADD KEY `ID_Empleado` (`ID_Empleado`),
  ADD KEY `ID_Estatus` (`ID_Estatus`);

--
-- Indices de la tabla `ciclo`
--
ALTER TABLE `ciclo`
  ADD PRIMARY KEY (`ID_Ciclo`),
  ADD KEY `Director` (`Director`);

--
-- Indices de la tabla `clase`
--
ALTER TABLE `clase`
  ADD PRIMARY KEY (`ID_CLASE`),
  ADD KEY `ID_Aula` (`ID_Aula`),
  ADD KEY `ID_Horario` (`ID_Horario`),
  ADD KEY `Clave_Curso` (`Clave_Curso`);

--
-- Indices de la tabla `convenio`
--
ALTER TABLE `convenio`
  ADD PRIMARY KEY (`ID_Convenio`),
  ADD KEY `Representante` (`Representante`);

--
-- Indices de la tabla `curso`
--
ALTER TABLE `curso`
  ADD PRIMARY KEY (`Clave`),
  ADD KEY `ID_Ciclo` (`ID_Ciclo`),
  ADD KEY `ID_Licenciatura` (`ID_Licenciatura`),
  ADD KEY `ClaveOficial_Materia` (`ClaveOficial_Materia`),
  ADD KEY `ID_Empleado_Docente` (`ID_Empleado_Docente`);

--
-- Indices de la tabla `departamento`
--
ALTER TABLE `departamento`
  ADD PRIMARY KEY (`ID_Departamento`),
  ADD KEY `ID_Empleado_Responsable` (`ID_Empleado_Responsable`),
  ADD KEY `ID_Edificio` (`ID_Edificio`);

--
-- Indices de la tabla `direccion`
--
ALTER TABLE `direccion`
  ADD PRIMARY KEY (`ID_Direccion`),
  ADD KEY `NoControl_Alumno` (`NoControl_Alumno`);

--
-- Indices de la tabla `docente`
--
ALTER TABLE `docente`
  ADD PRIMARY KEY (`ID_Empleado`);

--
-- Indices de la tabla `documento`
--
ALTER TABLE `documento`
  ADD PRIMARY KEY (`ID_Documento`);

--
-- Indices de la tabla `documento_alumno`
--
ALTER TABLE `documento_alumno`
  ADD PRIMARY KEY (`ID_Documento_Alumno`),
  ADD KEY `ID_Documento` (`ID_Documento`),
  ADD KEY `NoControl_Alumno` (`NoControl_Alumno`);

--
-- Indices de la tabla `edificio`
--
ALTER TABLE `edificio`
  ADD PRIMARY KEY (`ID_Edificio`);

--
-- Indices de la tabla `empleado`
--
ALTER TABLE `empleado`
  ADD PRIMARY KEY (`ID_Empleado`),
  ADD UNIQUE KEY `CURP` (`CURP`),
  ADD UNIQUE KEY `NSS` (`NSS`) USING HASH;

--
-- Indices de la tabla `empleado_departamento`
--
ALTER TABLE `empleado_departamento`
  ADD PRIMARY KEY (`ID_Empleado_Departamento`),
  ADD KEY `ID_Empleado` (`ID_Empleado`),
  ADD KEY `ID_Departamento` (`ID_Departamento`);

--
-- Indices de la tabla `estatus`
--
ALTER TABLE `estatus`
  ADD PRIMARY KEY (`ID_Estatus`);

--
-- Indices de la tabla `horario`
--
ALTER TABLE `horario`
  ADD PRIMARY KEY (`ID_Horario`);

--
-- Indices de la tabla `licenciatura`
--
ALTER TABLE `licenciatura`
  ADD PRIMARY KEY (`ID_Licenciatura`),
  ADD KEY `Clave_Plan_Estudios` (`Clave_Plan_Estudios`);

--
-- Indices de la tabla `materia`
--
ALTER TABLE `materia`
  ADD PRIMARY KEY (`ClaveOficial`);

--
-- Indices de la tabla `mobiliario`
--
ALTER TABLE `mobiliario`
  ADD PRIMARY KEY (`ID_Mobiliario`);

--
-- Indices de la tabla `nomina`
--
ALTER TABLE `nomina`
  ADD PRIMARY KEY (`ID_Nomina`),
  ADD KEY `ID_Empleado` (`ID_Empleado`);

--
-- Indices de la tabla `normativa`
--
ALTER TABLE `normativa`
  ADD PRIMARY KEY (`ID_Normativa`),
  ADD KEY `AdministrativoAprovador` (`AdministrativoAprovador`);

--
-- Indices de la tabla `plan_estudio`
--
ALTER TABLE `plan_estudio`
  ADD PRIMARY KEY (`Clave`);

--
-- Indices de la tabla `plataforma`
--
ALTER TABLE `plataforma`
  ADD PRIMARY KEY (`ID_Plataforma`),
  ADD KEY `ID_Ciclo` (`ID_Ciclo`);

--
-- Indices de la tabla `plataforma_alumno`
--
ALTER TABLE `plataforma_alumno`
  ADD PRIMARY KEY (`ID_Plataforma_Alumno`),
  ADD KEY `NoControl_Alumno` (`NoControl_Alumno`),
  ADD KEY `ID_Plataforma` (`ID_Plataforma`);

--
-- Indices de la tabla `plataforma_empleado`
--
ALTER TABLE `plataforma_empleado`
  ADD PRIMARY KEY (`ID_Plataforma_Empleado`),
  ADD KEY `ID_Plataforma` (`ID_Plataforma`),
  ADD KEY `ID_Empleado` (`ID_Empleado`);

--
-- Indices de la tabla `postgrado`
--
ALTER TABLE `postgrado`
  ADD PRIMARY KEY (`ID_Postgrado`);

--
-- Indices de la tabla `reticula`
--
ALTER TABLE `reticula`
  ADD PRIMARY KEY (`Clave`),
  ADD KEY `ClaveOficial_Materia` (`ClaveOficial_Materia`),
  ADD KEY `Clave_Plan_Estudios` (`Clave_Plan_Estudios`);

--
-- Indices de la tabla `servicio_social`
--
ALTER TABLE `servicio_social`
  ADD PRIMARY KEY (`ID_Servicio_Social`),
  ADD KEY `NoControl_Alumno` (`NoControl_Alumno`);

--
-- Indices de la tabla `tesis`
--
ALTER TABLE `tesis`
  ADD PRIMARY KEY (`ID_Tesis`),
  ADD KEY `ID_Titulacion` (`ID_Titulacion`);

--
-- Indices de la tabla `titulacion`
--
ALTER TABLE `titulacion`
  ADD PRIMARY KEY (`ID_Titulacion`),
  ADD KEY `NoControl_Alumno` (`NoControl_Alumno`),
  ADD KEY `Asesor` (`Asesor`);

--
-- AUTO_INCREMENT de las tablas volcadas
--

--
-- AUTO_INCREMENT de la tabla `administrativo`
--
ALTER TABLE `administrativo`
  MODIFY `ID_Empleado` int(11) NOT NULL AUTO_INCREMENT, AUTO_INCREMENT=387;

--
-- AUTO_INCREMENT de la tabla `alumno_clase`
--
ALTER TABLE `alumno_clase`
  MODIFY `ID_GRUPO` int(11) NOT NULL AUTO_INCREMENT, AUTO_INCREMENT=201;

--
-- AUTO_INCREMENT de la tabla `alumno_licenciatura`
--
ALTER TABLE `alumno_licenciatura`
  MODIFY `ID_Alumno_Licenciatura` int(11) NOT NULL AUTO_INCREMENT, AUTO_INCREMENT=101;

--
-- AUTO_INCREMENT de la tabla `alumno_postgrado`
--
ALTER TABLE `alumno_postgrado`
  MODIFY `ID_Alumno_Postgrado` int(11) NOT NULL AUTO_INCREMENT, AUTO_INCREMENT=101;

--
-- AUTO_INCREMENT de la tabla `aula`
--
ALTER TABLE `aula`
  MODIFY `ID_Aula` int(11) NOT NULL AUTO_INCREMENT, AUTO_INCREMENT=201;

--
-- AUTO_INCREMENT de la tabla `aula_mobiliario`
--
ALTER TABLE `aula_mobiliario`
  MODIFY `ID_Aula_Mobiliario` int(11) NOT NULL AUTO_INCREMENT, AUTO_INCREMENT=401;

--
-- AUTO_INCREMENT de la tabla `beca`
--
ALTER TABLE `beca`
  MODIFY `ID_Beca` int(11) NOT NULL AUTO_INCREMENT, AUTO_INCREMENT=51;

--
-- AUTO_INCREMENT de la tabla `beca_alumno`
--
ALTER TABLE `beca_alumno`
  MODIFY `ID_Beca_Alumno` int(11) NOT NULL AUTO_INCREMENT, AUTO_INCREMENT=101;

--
-- AUTO_INCREMENT de la tabla `calificacion`
--
ALTER TABLE `calificacion`
  MODIFY `ID_Evalucacion` int(11) NOT NULL AUTO_INCREMENT, AUTO_INCREMENT=201;

--
-- AUTO_INCREMENT de la tabla `certificacion_alumno`
--
ALTER TABLE `certificacion_alumno`
  MODIFY `ID_Certificacion_Alumno` int(11) NOT NULL AUTO_INCREMENT, AUTO_INCREMENT=101;

--
-- AUTO_INCREMENT de la tabla `certificado`
--
ALTER TABLE `certificado`
  MODIFY `ID_Certificado` int(11) NOT NULL AUTO_INCREMENT, AUTO_INCREMENT=52;

--
-- AUTO_INCREMENT de la tabla `certificado_empleado`
--
ALTER TABLE `certificado_empleado`
  MODIFY `ID_Certificacion_Empleado` int(11) NOT NULL AUTO_INCREMENT, AUTO_INCREMENT=101;

--
-- AUTO_INCREMENT de la tabla `clase`
--
ALTER TABLE `clase`
  MODIFY `ID_CLASE` int(11) NOT NULL AUTO_INCREMENT, AUTO_INCREMENT=101;

--
-- AUTO_INCREMENT de la tabla `convenio`
--
ALTER TABLE `convenio`
  MODIFY `ID_Convenio` int(11) NOT NULL AUTO_INCREMENT, AUTO_INCREMENT=51;

--
-- AUTO_INCREMENT de la tabla `departamento`
--
ALTER TABLE `departamento`
  MODIFY `ID_Departamento` int(11) NOT NULL AUTO_INCREMENT, AUTO_INCREMENT=101;

--
-- AUTO_INCREMENT de la tabla `direccion`
--
ALTER TABLE `direccion`
  MODIFY `ID_Direccion` int(11) NOT NULL AUTO_INCREMENT, AUTO_INCREMENT=102;

--
-- AUTO_INCREMENT de la tabla `docente`
--
ALTER TABLE `docente`
  MODIFY `ID_Empleado` int(11) NOT NULL AUTO_INCREMENT, AUTO_INCREMENT=31;

--
-- AUTO_INCREMENT de la tabla `documento`
--
ALTER TABLE `documento`
  MODIFY `ID_Documento` int(11) NOT NULL AUTO_INCREMENT, AUTO_INCREMENT=51;

--
-- AUTO_INCREMENT de la tabla `documento_alumno`
--
ALTER TABLE `documento_alumno`
  MODIFY `ID_Documento_Alumno` int(11) NOT NULL AUTO_INCREMENT, AUTO_INCREMENT=111;

--
-- AUTO_INCREMENT de la tabla `empleado`
--
ALTER TABLE `empleado`
  MODIFY `ID_Empleado` int(11) NOT NULL AUTO_INCREMENT, AUTO_INCREMENT=401;

--
-- AUTO_INCREMENT de la tabla `empleado_departamento`
--
ALTER TABLE `empleado_departamento`
  MODIFY `ID_Empleado_Departamento` int(11) NOT NULL AUTO_INCREMENT, AUTO_INCREMENT=101;

--
-- AUTO_INCREMENT de la tabla `estatus`
--
ALTER TABLE `estatus`
  MODIFY `ID_Estatus` int(11) NOT NULL AUTO_INCREMENT, AUTO_INCREMENT=31;

--
-- AUTO_INCREMENT de la tabla `horario`
--
ALTER TABLE `horario`
  MODIFY `ID_Horario` int(11) NOT NULL AUTO_INCREMENT, AUTO_INCREMENT=101;

--
-- AUTO_INCREMENT de la tabla `mobiliario`
--
ALTER TABLE `mobiliario`
  MODIFY `ID_Mobiliario` int(11) NOT NULL AUTO_INCREMENT, AUTO_INCREMENT=301;

--
-- AUTO_INCREMENT de la tabla `nomina`
--
ALTER TABLE `nomina`
  MODIFY `ID_Nomina` int(11) NOT NULL AUTO_INCREMENT, AUTO_INCREMENT=201;

--
-- AUTO_INCREMENT de la tabla `normativa`
--
ALTER TABLE `normativa`
  MODIFY `ID_Normativa` int(11) NOT NULL AUTO_INCREMENT, AUTO_INCREMENT=51;

--
-- AUTO_INCREMENT de la tabla `plataforma`
--
ALTER TABLE `plataforma`
  MODIFY `ID_Plataforma` int(11) NOT NULL AUTO_INCREMENT, AUTO_INCREMENT=31;

--
-- AUTO_INCREMENT de la tabla `plataforma_alumno`
--
ALTER TABLE `plataforma_alumno`
  MODIFY `ID_Plataforma_Alumno` int(11) NOT NULL AUTO_INCREMENT, AUTO_INCREMENT=101;

--
-- AUTO_INCREMENT de la tabla `plataforma_empleado`
--
ALTER TABLE `plataforma_empleado`
  MODIFY `ID_Plataforma_Empleado` int(11) NOT NULL AUTO_INCREMENT, AUTO_INCREMENT=101;

--
-- AUTO_INCREMENT de la tabla `postgrado`
--
ALTER TABLE `postgrado`
  MODIFY `ID_Postgrado` int(11) NOT NULL AUTO_INCREMENT, AUTO_INCREMENT=31;

--
-- AUTO_INCREMENT de la tabla `servicio_social`
--
ALTER TABLE `servicio_social`
  MODIFY `ID_Servicio_Social` int(11) NOT NULL AUTO_INCREMENT, AUTO_INCREMENT=51;

--
-- AUTO_INCREMENT de la tabla `tesis`
--
ALTER TABLE `tesis`
  MODIFY `ID_Tesis` int(11) NOT NULL AUTO_INCREMENT, AUTO_INCREMENT=51;

--
-- AUTO_INCREMENT de la tabla `titulacion`
--
ALTER TABLE `titulacion`
  MODIFY `ID_Titulacion` int(11) NOT NULL AUTO_INCREMENT, AUTO_INCREMENT=51;

--
-- Restricciones para tablas volcadas
--

--
-- Filtros para la tabla `administrativo`
--
ALTER TABLE `administrativo`
  ADD CONSTRAINT `administrativo_ibfk_1` FOREIGN KEY (`ID_Empleado`) REFERENCES `empleado` (`ID_Empleado`);

--
-- Filtros para la tabla `alumno`
--
ALTER TABLE `alumno`
  ADD CONSTRAINT `alumno_ibfk_1` FOREIGN KEY (`ID_Estatus_Estatus`) REFERENCES `estatus` (`ID_Estatus`);

--
-- Filtros para la tabla `alumno_clase`
--
ALTER TABLE `alumno_clase`
  ADD CONSTRAINT `alumno_clase_ibfk_1` FOREIGN KEY (`ID_CLASE`) REFERENCES `clase` (`ID_CLASE`),
  ADD CONSTRAINT `alumno_clase_ibfk_2` FOREIGN KEY (`NoControl_Alumno`) REFERENCES `alumno` (`NoControl`);

--
-- Filtros para la tabla `alumno_licenciatura`
--
ALTER TABLE `alumno_licenciatura`
  ADD CONSTRAINT `alumno_licenciatura_ibfk_1` FOREIGN KEY (`ID_Licenciatura`) REFERENCES `licenciatura` (`ID_Licenciatura`),
  ADD CONSTRAINT `alumno_licenciatura_ibfk_2` FOREIGN KEY (`NoControl_Alumno`) REFERENCES `alumno` (`NoControl`);

--
-- Filtros para la tabla `alumno_postgrado`
--
ALTER TABLE `alumno_postgrado`
  ADD CONSTRAINT `alumno_postgrado_ibfk_1` FOREIGN KEY (`ID_Postgrado`) REFERENCES `postgrado` (`ID_Postgrado`),
  ADD CONSTRAINT `alumno_postgrado_ibfk_2` FOREIGN KEY (`NoControl_Alumno`) REFERENCES `alumno` (`NoControl`);

--
-- Filtros para la tabla `aula`
--
ALTER TABLE `aula`
  ADD CONSTRAINT `aula_ibfk_1` FOREIGN KEY (`ID_Edificio`) REFERENCES `edificio` (`ID_Edificio`);

--
-- Filtros para la tabla `aula_mobiliario`
--
ALTER TABLE `aula_mobiliario`
  ADD CONSTRAINT `aula_mobiliario_ibfk_1` FOREIGN KEY (`ID_Mobiliario`) REFERENCES `mobiliario` (`ID_Mobiliario`),
  ADD CONSTRAINT `aula_mobiliario_ibfk_2` FOREIGN KEY (`ID_Aula`) REFERENCES `aula` (`ID_Aula`);

--
-- Filtros para la tabla `beca_alumno`
--
ALTER TABLE `beca_alumno`
  ADD CONSTRAINT `beca_alumno_ibfk_1` FOREIGN KEY (`ID_Beca`) REFERENCES `beca` (`ID_Beca`),
  ADD CONSTRAINT `beca_alumno_ibfk_2` FOREIGN KEY (`NoControl_Alumno`) REFERENCES `alumno` (`NoControl`);

--
-- Filtros para la tabla `calificacion`
--
ALTER TABLE `calificacion`
  ADD CONSTRAINT `calificacion_ibfk_1` FOREIGN KEY (`Clave_Curso`) REFERENCES `curso` (`Clave`),
  ADD CONSTRAINT `calificacion_ibfk_2` FOREIGN KEY (`NoControl_Alumno`) REFERENCES `alumno` (`NoControl`),
  ADD CONSTRAINT `calificacion_ibfk_3` FOREIGN KEY (`ID_Estatus_Estatus`) REFERENCES `estatus` (`ID_Estatus`);

--
-- Filtros para la tabla `certificacion_alumno`
--
ALTER TABLE `certificacion_alumno`
  ADD CONSTRAINT `certificacion_alumno_ibfk_1` FOREIGN KEY (`ID_Certificado`) REFERENCES `certificado` (`ID_Certificado`),
  ADD CONSTRAINT `certificacion_alumno_ibfk_2` FOREIGN KEY (`NoControl_Alumno`) REFERENCES `alumno` (`NoControl`),
  ADD CONSTRAINT `certificacion_alumno_ibfk_3` FOREIGN KEY (`ID_Estatus`) REFERENCES `estatus` (`ID_Estatus`);

--
-- Filtros para la tabla `certificado`
--
ALTER TABLE `certificado`
  ADD CONSTRAINT `certificado_ibfk_1` FOREIGN KEY (`ID_Convenio`) REFERENCES `convenio` (`ID_Convenio`);

--
-- Filtros para la tabla `certificado_empleado`
--
ALTER TABLE `certificado_empleado`
  ADD CONSTRAINT `certificado_empleado_ibfk_1` FOREIGN KEY (`ID_Certificado`) REFERENCES `certificado` (`ID_Certificado`),
  ADD CONSTRAINT `certificado_empleado_ibfk_2` FOREIGN KEY (`ID_Empleado`) REFERENCES `empleado` (`ID_Empleado`),
  ADD CONSTRAINT `certificado_empleado_ibfk_3` FOREIGN KEY (`ID_Estatus`) REFERENCES `estatus` (`ID_Estatus`);

--
-- Filtros para la tabla `ciclo`
--
ALTER TABLE `ciclo`
  ADD CONSTRAINT `ciclo_ibfk_1` FOREIGN KEY (`Director`) REFERENCES `empleado` (`ID_Empleado`);

--
-- Filtros para la tabla `clase`
--
ALTER TABLE `clase`
  ADD CONSTRAINT `clase_ibfk_1` FOREIGN KEY (`ID_Aula`) REFERENCES `aula` (`ID_Aula`),
  ADD CONSTRAINT `clase_ibfk_2` FOREIGN KEY (`ID_Horario`) REFERENCES `horario` (`ID_Horario`),
  ADD CONSTRAINT `clase_ibfk_3` FOREIGN KEY (`Clave_Curso`) REFERENCES `curso` (`Clave`);

--
-- Filtros para la tabla `convenio`
--
ALTER TABLE `convenio`
  ADD CONSTRAINT `convenio_ibfk_1` FOREIGN KEY (`Representante`) REFERENCES `empleado` (`ID_Empleado`);

--
-- Filtros para la tabla `curso`
--
ALTER TABLE `curso`
  ADD CONSTRAINT `curso_ibfk_1` FOREIGN KEY (`ID_Ciclo`) REFERENCES `ciclo` (`ID_Ciclo`),
  ADD CONSTRAINT `curso_ibfk_2` FOREIGN KEY (`ID_Licenciatura`) REFERENCES `licenciatura` (`ID_Licenciatura`),
  ADD CONSTRAINT `curso_ibfk_3` FOREIGN KEY (`ClaveOficial_Materia`) REFERENCES `materia` (`ClaveOficial`),
  ADD CONSTRAINT `curso_ibfk_4` FOREIGN KEY (`ID_Empleado_Docente`) REFERENCES `empleado` (`ID_Empleado`);

--
-- Filtros para la tabla `departamento`
--
ALTER TABLE `departamento`
  ADD CONSTRAINT `departamento_ibfk_1` FOREIGN KEY (`ID_Empleado_Responsable`) REFERENCES `empleado` (`ID_Empleado`),
  ADD CONSTRAINT `departamento_ibfk_2` FOREIGN KEY (`ID_Edificio`) REFERENCES `edificio` (`ID_Edificio`);

--
-- Filtros para la tabla `direccion`
--
ALTER TABLE `direccion`
  ADD CONSTRAINT `direccion_ibfk_1` FOREIGN KEY (`NoControl_Alumno`) REFERENCES `alumno` (`NoControl`);

--
-- Filtros para la tabla `docente`
--
ALTER TABLE `docente`
  ADD CONSTRAINT `docente_ibfk_1` FOREIGN KEY (`ID_Empleado`) REFERENCES `empleado` (`ID_Empleado`);

--
-- Filtros para la tabla `documento_alumno`
--
ALTER TABLE `documento_alumno`
  ADD CONSTRAINT `documento_alumno_ibfk_1` FOREIGN KEY (`ID_Documento`) REFERENCES `documento` (`ID_Documento`),
  ADD CONSTRAINT `documento_alumno_ibfk_2` FOREIGN KEY (`NoControl_Alumno`) REFERENCES `alumno` (`NoControl`);

--
-- Filtros para la tabla `empleado_departamento`
--
ALTER TABLE `empleado_departamento`
  ADD CONSTRAINT `empleado_departamento_ibfk_1` FOREIGN KEY (`ID_Empleado`) REFERENCES `empleado` (`ID_Empleado`),
  ADD CONSTRAINT `empleado_departamento_ibfk_2` FOREIGN KEY (`ID_Departamento`) REFERENCES `departamento` (`ID_Departamento`);

--
-- Filtros para la tabla `licenciatura`
--
ALTER TABLE `licenciatura`
  ADD CONSTRAINT `licenciatura_ibfk_1` FOREIGN KEY (`Clave_Plan_Estudios`) REFERENCES `plan_estudio` (`Clave`);

--
-- Filtros para la tabla `nomina`
--
ALTER TABLE `nomina`
  ADD CONSTRAINT `nomina_ibfk_1` FOREIGN KEY (`ID_Empleado`) REFERENCES `empleado` (`ID_Empleado`);

--
-- Filtros para la tabla `normativa`
--
ALTER TABLE `normativa`
  ADD CONSTRAINT `normativa_ibfk_1` FOREIGN KEY (`AdministrativoAprovador`) REFERENCES `administrativo` (`ID_Empleado`);

--
-- Filtros para la tabla `plataforma`
--
ALTER TABLE `plataforma`
  ADD CONSTRAINT `plataforma_ibfk_1` FOREIGN KEY (`ID_Ciclo`) REFERENCES `ciclo` (`ID_Ciclo`);

--
-- Filtros para la tabla `plataforma_alumno`
--
ALTER TABLE `plataforma_alumno`
  ADD CONSTRAINT `plataforma_alumno_ibfk_1` FOREIGN KEY (`NoControl_Alumno`) REFERENCES `alumno` (`NoControl`),
  ADD CONSTRAINT `plataforma_alumno_ibfk_2` FOREIGN KEY (`ID_Plataforma`) REFERENCES `plataforma` (`ID_Plataforma`);

--
-- Filtros para la tabla `plataforma_empleado`
--
ALTER TABLE `plataforma_empleado`
  ADD CONSTRAINT `plataforma_empleado_ibfk_1` FOREIGN KEY (`ID_Plataforma`) REFERENCES `plataforma` (`ID_Plataforma`),
  ADD CONSTRAINT `plataforma_empleado_ibfk_2` FOREIGN KEY (`ID_Empleado`) REFERENCES `empleado` (`ID_Empleado`);

--
-- Filtros para la tabla `reticula`
--
ALTER TABLE `reticula`
  ADD CONSTRAINT `reticula_ibfk_1` FOREIGN KEY (`ClaveOficial_Materia`) REFERENCES `materia` (`ClaveOficial`),
  ADD CONSTRAINT `reticula_ibfk_2` FOREIGN KEY (`Clave_Plan_Estudios`) REFERENCES `plan_estudio` (`Clave`);

--
-- Filtros para la tabla `servicio_social`
--
ALTER TABLE `servicio_social`
  ADD CONSTRAINT `servicio_social_ibfk_1` FOREIGN KEY (`NoControl_Alumno`) REFERENCES `alumno` (`NoControl`);

--
-- Filtros para la tabla `tesis`
--
ALTER TABLE `tesis`
  ADD CONSTRAINT `tesis_ibfk_1` FOREIGN KEY (`ID_Titulacion`) REFERENCES `titulacion` (`ID_Titulacion`);

--
-- Filtros para la tabla `titulacion`
--
ALTER TABLE `titulacion`
  ADD CONSTRAINT `titulacion_ibfk_1` FOREIGN KEY (`NoControl_Alumno`) REFERENCES `alumno` (`NoControl`),
  ADD CONSTRAINT `titulacion_ibfk_2` FOREIGN KEY (`Asesor`) REFERENCES `docente` (`ID_Empleado`);
COMMIT;

/*!40101 SET CHARACTER_SET_CLIENT=@OLD_CHARACTER_SET_CLIENT */;
/*!40101 SET CHARACTER_SET_RESULTS=@OLD_CHARACTER_SET_RESULTS */;
/*!40101 SET COLLATION_CONNECTION=@OLD_COLLATION_CONNECTION */;
